"mechanism","rho_true","rho_null","spearman_true","spearman_null"
"A2M-LRP1",0.0285089364517603,-0.0039523286669905,-0.132322814084911,0.0225343463731164
"ACE-AGTR2",-0.000451436175708677,0.0369863476010261,0.211500066570266,0.523810975727986
"ACE-BDKRB2",0.0726035749276624,0.0278370215479351,0.577542586882573,0.467975240918716
"ADAM10-AXL",0.131949654691726,0.233725836483683,0.257350373539549,0.40220415013139
"ADAM10-EPHA3",0.126861194457481,0.11990120064061,0.312319204521637,0.330678462661905
"ADAM12-ITGA9",0.230316150314936,0.109309125690185,0.48960981467671,0.349731870234697
"ADAM12-ITGB1",0.354632095561673,0.114357382172788,0.59370396274831,0.174482975873723
"ADAM12-SDC4",0.109256179045729,0.17598374528336,0.317887614755637,0.44480862325791
"ADAM15-ITGA5",0.0722897894245541,0.0713860649960873,0.439844674108783,0.374896483278295
"ADAM15-ITGA9",0.107882605858571,0.0511567284893655,0.462733726395259,0.423999736357077
"ADAM15-ITGAV",0.113528464851078,0.0343374807453617,0.474493711495951,0.406490088732405
"ADAM15-ITGB1",0.173932456940491,0.0450872870046512,0.499946176872929,0.376939645310675
"ADAM15-ITGB3",0.0241669721911337,-0.0875915139144231,0.363698762292681,-0.0725292901837598
"ADAM17-ERBB4",0.0488485498527724,0.033521413061404,0.326976548045141,0.330891994041147
"ADAM17-ITGA5",0.0912515249819231,0.102386657808421,0.431004764971218,0.473167591227717
"ADAM17-ITGB1",0.223119942259195,0.0740671375968066,0.494271451730033,0.516840776302791
"ADAM17-NOTCH1",0.0930439628459692,0.0632039008218855,0.421599983151661,0.159710900150005
"ADAM2-CD9",0.230709069956929,0.482438340498214,0.492603819105354,0.815715537708956
"ADAM2-ITGA6",0.256705558444032,0.214032939781228,0.55269332967672,0.500181011802498
"ADAM2-ITGA9",0.343035637794235,0.843402565022908,0.556548304321703,0.87591931940771
"ADAM2-ITGB1",0.395804992108171,0.364921176575183,0.491305729670343,0.553407695425159
"ADAM23-ITGA5",0.0444418218677265,0.0958352793362797,0.329125800985962,0.412830378697405
"ADAM23-ITGB3",0.0118558411417574,0.103559190315361,0.281257062383972,0.483317427577734
"ADAM28-ITGA4",-0.0197650091527697,0.0392513045912617,0.124086255576823,0.461749008753384
"ADAM9-ITGA3",0.0849876756595987,0.0665978950356505,0.506513780379003,0.508105340801248
"ADAM9-ITGA6",0.119172507682064,0.108498561862402,0.468767108474052,0.477441192381285
"ADAM9-ITGAV",0.146154853675103,0.0261285952373799,0.459625472711781,0.333820897809476
"ADAM9-ITGB1",0.221454015125209,0.147974418270172,0.491709310733753,0.533289551449336
"ADAM9-ITGB5",0.12722182227347,0.0737363771339921,0.391304700860829,0.456847470597294
"ADCYAP1-ADCYAP1R1",0.41391864572946,-0.0182182150747973,0.598627528715767,0.315360231103287
"ADCYAP1-VIPR1",0.0123342502153666,0.00559627890544098,0.494783716327286,0.379457182641436
"ADCYAP1-VIPR2",-0.0226433416183536,-0.119465032574371,0.37490300340211,-0.210293645120371
"ADM-CALCR",0.0453265207854935,0.0314505151119696,0.618876977685184,0.535013142406369
"ADM-CALCRL",0.00399292580152208,0.00678138945515741,0.41050931369784,0.407612321247037
"ADM-GPR182",-0.000932498071096167,-0.00138180601570203,0.321602402903599,0.400489960443829
"ADM-RAMP2",0.027132462160226,0.0197995724431304,0.431766090898152,0.312878698580499
"AGRN-ATP1A3",0.308908839680067,-0.0379561045633791,0.498055241143914,0.0744824952831443
"AGRN-LRP4",0.119329212681505,-0.0667593787863928,0.474508809034207,-0.0341489364217042
"AGRN-MUSK",0.051284418692741,0.0494289244933284,0.351720864330493,0.420730517131941
"AGRP-MC4R",0.0468635202535611,0.13244022092746,0.640913951205722,0.630323609989555
"AGRP-SDC3",0.133923165080645,0.0402666022539506,0.33006104045867,0.329203144272149
"AGT-AGTR2",-0.198250486179498,-0.179040633320024,-0.185816895582797,-0.16452752568535
"AGT-LRP2",-0.0368207177800469,-0.166062906428372,-0.0623113884305926,-0.160232891978952
"AGT-MAS1",-0.0456954090854269,-0.0850461505299108,-0.156246919284617,-0.171111049376245
"AHSG-INSR",-0.137809534942597,-0.107877954076524,-0.14455034811233,-0.114012976493192
"ALB-LRP2",-0.0370461007565636,-0.0657296352527045,-0.0421527537680912,-0.209307946633478
"ALOX5AP-ALOX5",0.016050428181814,0.0373454357130028,0.368531338636881,0.336447572765114
"ANGPT1-ITGA5",0.0805582557219501,0.122060545116166,0.398029058229447,0.3698280730332
"ANGPT1-ITGB1",0.226252668314625,0.14324848234158,0.457927043551553,0.436194495923137
"ANGPT1-TEK",0.128853567289579,-0.000113998411082964,0.38534817861351,0.293087068701426
"ANGPT1-TIE1",0.161873809145771,0.0793977770440393,0.44015814719459,0.346014218690508
"ANGPT2-TEK",0.0842473114552539,0.0179803765541824,0.373622901963029,0.427757189010565
"ANGPT2-TIE1",0.128858676799497,0.00629098268929869,0.475723526353938,0.223955093722965
"ANGPT4-TEK",0.103487512572976,0.0207112424884351,0.400345795277708,0.39233061961246
"ANGPT4-TIE1",0.156015000636787,-0.0119490979257604,0.450896143677475,0.360448863077132
"ANGPTL1-TEK",0.0638181409628844,-0.0475239815068541,0.293203160649936,0.104258729490597
"ANGPTL2-TIE1",0.0669443412596122,-0.0639181744801582,0.397720645438367,0.226064494939558
"ANGPTL3-ITGA5",-0.123044729239286,-0.0979720968409288,-0.106858573435499,-0.0573847954528906
"ANGPTL3-ITGAV",-0.17004904479479,-0.168144977483831,-0.165198843021801,-0.121175168075248
"ANGPTL3-ITGB3",0.0466829128447943,-0.104378576621751,0.0973623030143047,-0.0526459451709601
"ANGPTL4-TIE1",0.165466130194512,0.0669416468620818,0.441697298080344,0.217264335778156
"ANXA1-DYSF",0.00339309707200395,0.084277718106123,0.314480715030297,0.299424615833468
"ANXA1-EGFR",0.0411665613104486,-0.0309566809607544,0.363218835963341,0.120443450319272
"APLN-APLNR",0.181118887148378,0.00310450314370461,0.502307641564406,0.311023620529734
"APOB-CALCR",-0.310409484477873,0.00344750507495585,-0.0707900699319835,0.209131336217422
"APOB-ITGAM",0.00682851543985903,-0.0492521088763598,0.0193317884391572,-0.10509439297135
"APOB-ITGB2",0.0745703505457041,-0.0635140960163057,0.21671695149173,-0.0964321151367339
"APOB-LDLR",-0.0664310219130539,-0.123427968606735,-0.0684763326843642,-0.100200849947043
"APOB-LRP2",-0.033765643013739,-0.0892193377969823,0.0113046376232317,-0.118726808659473
"APOB-LRP6",-0.20999348849783,-0.118347557119608,-0.285399169367113,-0.0971973407468782
"APOB-LRP8",-0.159578797919722,-0.0964074288933931,-0.268288595839753,-0.12864744613637
"APOB-LSR",-0.0490660314953194,-0.0927605132997422,-0.00912039845909936,-0.0895821812820401
"APOD-LEPR",0.351890064226677,0.119226587456287,0.38206736891908,0.3625564339503
"APOE-CHRNA4",-0.00784368879083478,0.0943968649765746,0.0871084804251718,0.153070207594665
"APOE-LDLR",-0.00696255653926017,0.114798000098156,0.0326099735172883,0.178888889764856
"APOE-LRP1",0.150647220040293,0.0651123384773431,0.150277234240283,0.122765496731902
"APOE-LRP2",0.0400339083287942,0.0365941281673197,0.159201051380247,0.244266524991291
"APOE-LRP5",0.0290055246477805,0.018086841210037,0.0917091397719867,0.140704895844921
"APOE-LRP8",-0.0165535989947043,-0.00134581802278868,0.00401850706147481,0.0565285085055611
"APOE-SCARB1",0.0115271622035975,0.0307638750792736,0.120839820936609,0.0957154297731339
"APOE-SORL1",-0.00127173217315765,0.0594061271676898,0.0850753168800613,0.1235920235085
"APOE-VLDLR",0.00374851719705383,-0.00683147465676383,0.0891867745167761,0.047601369258855
"APP-CAV1",0.119747547249373,0.23734884984662,0.334461544806327,0.445776045470311
"APP-CD74",-0.0798756272672344,0.169312551743044,0.149066366960385,0.342424372760072
"APP-GPC1",0.261541816913655,0.375461287096121,0.478304854922845,0.503224066864806
"APP-LRP1",0.474917212034468,0.131520961326512,0.62953681545744,0.356613243623802
"APP-NCSTN",0.220889061705294,0.127518843515464,0.463208994720041,0.360943813377136
"APP-NGFR",0.164030963127648,0.240631930059322,0.433621863347188,0.124120621970365
"APP-TNFRSF21",0.289102861701875,0.373565015915932,0.445982999826101,0.491570259923807
"ARTN-GFRA1",0.217084272691951,0.330168770416885,0.573103573195306,0.520259456826055
"ARTN-RET",0.17917913089356,0.269630226656662,0.505360202589632,0.591766400836933
"B2M-CD247",0.448798844429927,0.305537405306337,0.527311057191744,0.45491275556917
"B2M-CD3D",0.249286526709367,-0.0308342484747599,0.28510180901574,0.145683441451057
"B2M-HFE",0.106317816386024,0.0877980103239043,0.309195355043188,0.322303053416698
"B2M-TFRC",-0.0828177806299487,0.153881327795781,0.00908419132181321,0.289208317789225
"BCAN-EGFR",-0.0679916574681741,-0.0499444713717966,0.0999908927919756,0.146741001931228
"BCAN-NRCAM",0.437114606933437,0.0367155878907395,0.462473796525052,0.219052402533191
"BGN-LY96",0.0253986768883052,-0.00876669756899378,0.222334924824119,0.106661642606805
"BGN-TLR1",0.0405945221457335,0.0370810187890589,0.172396180137819,0.168066169422264
"BGN-TLR2",0.0718994469790054,0.0336907851087651,0.261020523387491,0.157229049152023
"BGN-TLR4",0.0639489749463364,0.00421023162250221,0.251247075332068,0.265316491888384
"BMP2-ACVR1",0.0730315341220513,0.0131115121112055,0.439101495571042,0.375106650944059
"BMP2-ACVR2A",0.0175773243174703,0.0555710948952332,0.399791882191089,0.349749529768177
"BMP2-ACVR2B",0.00774368559037952,0.0179861902082029,0.423517758715263,0.367237917527548
"BMP2-BMPR1A",0.0889005345638998,0.0478726127322596,0.446559579024952,0.399835978942634
"BMP2-BMPR1B",0.0337432979506249,0.021487374982797,0.317394561384858,0.394957174408334
"BMP2-BMPR2",0.0583991106348238,0.0627081417387334,0.426317151971339,0.390301675145417
"BMP2-ENG",0.0378591077154464,0.00167855602154089,0.379118355073343,0.304555889742516
"BMP2-HFE2",0.023668966540378,0.0568872411186943,0.252229774673758,0.404433993637192
"BMP3-ACVR1",0.0968964288824124,0.0720355168679152,0.417305466152364,0.382678401782524
"BMP3-ACVR2A",0.0454521135383649,0.0639546610386232,0.345920338716086,0.402202283050595
"BMP3-ACVR2B",0.011486121692572,-0.0139944646624059,0.373080938824084,0.333355880570736
"BMP3-BMPR1A",0.151180240545758,0.0516195634282988,0.459020346331505,0.328332988974776
"BMP3-BMPR1B",0.0799557489787617,0.123350203210425,0.374811374911305,0.387422339208977
"BMP3-BMPR2",0.132399336117714,0.0705914400577157,0.416557089971921,0.414145313484739
"BMP4-ACVR1",0.124028453281757,0.138358023180032,0.391097712138174,0.334290206394603
"BMP4-ACVR2A",0.0458461703148561,0.222288915488651,0.326224109057,0.469230898321575
"BMP4-ACVR2B",0.0478542350731227,-0.106567548088552,0.355472422834677,0.0107136821294126
"BMP4-BMPR1A",0.199223669618531,0.0239469350596544,0.488884365243912,0.4105376333845
"BMP4-BMPR1B",0.0641161106853516,0.0435497241126842,0.339130086237448,0.348487840669361
"BMP4-BMPR2",0.157862338037851,0.107700193024782,0.406037738454994,0.312032078492765
"BMP4-HFE2",0.0227229013917779,-0.0196800688792448,0.191261430432453,0.255189649099848
"BMP5-ACVR1",0.111656395337641,0.0126354958605041,0.338126862102828,0.262512218381959
"BMP5-ACVR2A",0.037987782383668,0.0424925269905765,0.256414343138073,0.287008989786427
"BMP5-ACVR2B",0.0174580436278643,0.0978423813914932,0.273405244764482,0.306418500941447
"BMP5-BMPR1A",0.167276264437598,0.0418100094181231,0.42054856847737,0.370590177169285
"BMP5-BMPR1B",0.115967125682208,-0.037202713158846,0.330026252958391,0.133217466067345
"BMP5-BMPR2",0.154918649261831,0.108450844854743,0.339884713050353,0.281993291130168
"BMP5-HFE2",-0.00143900775268429,-0.140948668321829,0.161496031123742,-0.172824664153473
"BMP6-ACVR1",0.0482721627393892,0.0742558474419705,0.393524408028882,0.290468233243524
"BMP6-ACVR2A",0.00970682639850792,0.104457812285242,0.336364203129578,0.301659985505187
"BMP6-ACVR2B",0.0156449002768475,0.130615907887484,0.351293994118892,0.369653764102583
"BMP6-BMPR1A",0.0772951742443264,0.0468784311271764,0.415934083329443,0.326969564597474
"BMP6-BMPR1B",0.0146866962743868,-0.00196559319561362,0.316317917359824,0.149258103748561
"BMP6-BMPR2",0.0668012507672203,0.105981444060313,0.379036003396389,0.378096985611432
"BMP7-ACVR1",0.107603633171856,0.0455701323482093,0.357471761732719,0.335830323534342
"BMP7-ACVR2A",0.0487582585726758,0.00761455744519319,0.342729831087106,0.280003319696637
"BMP7-ACVR2B",0.0384836620613517,0.0430806308552321,0.377120219865562,0.343355585764409
"BMP7-BMPR1A",0.134213827523459,-0.0167031193410782,0.411521502515223,-0.0220586709488806
"BMP7-BMPR1B",-0.00653719861260116,0.0326675360103908,0.23522781496472,0.145525844126973
"BMP7-BMPR2",0.114468414531697,0.0607543804585533,0.39449848848731,0.295910518031047
"BMP7-ENG",0.0813422769933877,0.0692561404908075,0.349768283143035,0.12645706184023
"BMP8B-ACVR1",0.0222601402310056,0.139946399535805,0.485817698947841,0.561731968375116
"BMP8B-ACVR2A",0.107865509947513,0.0633780860424423,0.621590048045365,0.47990624698962
"BMP8B-ACVR2B",0.0286424112976762,0.0242761838608478,0.61515755832306,0.413688944053932
"BMP8B-BMPR1A",0.0338067372302007,0.119479163222356,0.527860747646585,0.588705031436865
"BMP8B-BMPR1B",0.0427464492105281,0.0151342779009305,0.39359395417168,0.401667072818807
"BMP8B-BMPR2",0.0864276682664807,0.0667024406723323,0.579267208431779,0.51642628056754
"BTC-EGFR",0.0304506674721101,0.0466896653640501,0.413567442468409,0.500951834516201
"BTC-ERBB2",0.0526189976184474,0.0571154711836286,0.546805035029866,0.555863945210313
"BTC-ERBB3",0.0630424605708173,0.039750325833299,0.547628371553615,0.50555454651641
"BTC-ERBB4",0.0239781879871362,0.0279970826943837,0.393048269962862,0.312993643231101
"C1QA-CD93",0.0426759313039372,-0.00483354136219202,0.283920747325782,0.218562392349717
"C1QA-CSPG4",-0.00607523016642278,0.0297934477926286,0.130752764262151,0.279503376484472
"C1QB-LRP1",0.181069421630962,0.0922690445874166,0.389216061950593,0.331160613235217
"C3-C3AR1",-0.0513041759593375,-0.0848596933715128,-0.0567896472958882,-0.106605099985875
"C3-CD46",-0.072766563108147,-0.0684432744554626,-0.0898850664706993,-0.107744467677137
"C3-CD81",-0.367482148843718,-0.104584682750328,-0.270790592433122,-0.0555949856063649
"C3-IFITM1",-0.0912123577309227,-0.0560089206098107,-0.0309413438507325,-0.0246918602911919
"C3-ITGAM",0.0107671720190396,-0.119091982937244,0.0557183844153777,-0.00621778377956659
"C3-ITGB2",0.0883338987758816,-0.0425084442066682,0.317964961292392,-0.0187672812334973
"C3-LRP1",-0.261607377275758,-0.11077154561145,-0.296471623156137,-0.140673671453659
"C4B-CD46",-0.0479765233848301,-0.114621640045965,-0.221250770036898,-0.18557281383255
"CALCA-CALCR",0.0852978531365469,0.0210602027878698,0.61483601831166,0.410080682667165
"CALCA-CALCRL",0.0134257148390901,0.0115022377786522,0.367648515143085,0.426582721666087
"CALCA-RAMP1",0.0267884645175657,0.00726165299113525,0.333150684766609,0.249935862081607
"CALCA-RAMP2",0.0474723155345165,0.0555464832672121,0.42956059273854,0.438024855889659
"CALM1-ABCA1",0.146963366982998,0.605962747696083,0.481423549486403,0.577468069248872
"CALM1-ADCY8",0.53374240797956,-0.303992545771964,0.639557180521193,-0.252873045848583
"CALM1-ADCYAP1R1",0.569426138815882,0.242979586560315,0.606122170740508,0.669228858327717
"CALM1-CACNA1C",0.0588440430301889,0.661781121534418,0.521913132448438,0.791094442578542
"CALM1-CALCR",0.546508446371689,0.0669202683296821,0.683436267521469,0.504599219699111
"CALM1-EGFR",0.0147713586537956,0.0155604719488452,0.375571269804782,0.287955622843357
"CALM1-FAS",0.0151889739463849,0.167896894075996,0.479424437984811,0.657908703222896
"CALM1-GLP2R",-0.288441713843084,0.53908408064678,-0.290960973336196,0.672119520372275
"CALM1-GRM3",0.472104260064106,0.00111598879646584,0.639416460896724,0.427171507381569
"CALM1-GRM4",0.778736420699071,0.252248144665258,0.647554442231248,0.677225764311781
"CALM1-GRM5",0.605415308498508,0.0409264844979315,0.516011402498879,0.456691576113222
"CALM1-GRM7",-0.0946981620723211,-0.0909360193778694,0.0267004553424108,0.172829808117067
"CALM1-HMMR",0.023015879763014,0.0136212127607066,0.285697435767645,0.318776223657953
"CALM1-HTR2C",0.25914650684218,0.224505357752845,0.655868796509364,0.655297123801646
"CALM1-INSR",0.174789518909332,0.0367884501256458,0.494964146122273,0.380059864955027
"CALM1-KCNN4",-0.227666729988469,0.641822866814441,-0.109353952740282,0.659438175676456
"CALM1-KCNQ1",-0.0106766275248153,0.148930538273562,0.386184327189622,0.61446976284207
"CALM1-KCNQ3",0.481640628658341,0.0260556837350659,0.5480489645069,0.329454721385174
"CALM1-KCNQ5",0.0795248100198898,0.0856206987523507,0.407003867154648,0.437741788757697
"CALM1-MYLK",0.100443213756248,0.0211951706263449,0.302493486243334,0.385934758170363
"CALM1-OPRM1",0.552072966177328,0.822208815016821,0.684927885520945,0.66026871295875
"CALM1-PDE1A",0.0585705011302395,0.623377364357492,0.493935463177192,0.661099848512323
"CALM1-PDE1B",0.617916569514472,-0.287697686131148,0.568390339115962,-0.234986669366503
"CALM1-PDE1C",0.200179750353864,-0.00219335421626555,0.524500503036471,0.214274257057074
"CALM1-PTPRA",0.353653431065331,0.109707963882291,0.632758667399165,0.494504140995967
"CALM1-SELL",-0.0277747673497934,0.0526203701121135,0.0535557672207812,0.41846497892422
"CALM1-TRPC3",0.22526926879916,0.134513246767361,0.598818430024424,0.562137050790371
"CALM1-TRPC5",0.122851873858035,-0.274460196682423,0.672187951651166,-0.240623023786311
"CALM1-VIPR1",0.104547544789995,0.0817134957201878,0.620068748633693,0.425298010348074
"CALM2-ABCA1",0.0648931554481239,-0.0804180147384698,0.46756052874514,0.100883346447597
"CALM2-ADCY8",0.59188601544704,0.729881409537051,0.67273258705889,0.706373663003511
"CALM2-CACNA1C",0.0513896357239146,0.225871302079214,0.506432825995406,0.60966219411625
"CALM2-EGFR",-0.0349574314691976,-0.0500920349462802,0.373727087401736,0.325974464051168
"CALM2-GRM5",0.709502697335886,0.0577629477579309,0.549810664614877,0.619993115027983
"CALM2-GRM7",-0.0310921668235911,-0.170590234389102,0.00522769258738735,0.237412708590392
"CALM2-INSR",0.145621316248662,0.00944341353881423,0.493368070340212,0.460458709225986
"CALM2-KCNQ1",-0.0312192924039873,0.149851931704484,0.389426884594054,0.607787710191994
"CALM2-KCNQ3",0.530197585726879,-0.0421918543798259,0.561694058345929,0.37839850382353
"CALM2-KCNQ5",0.0655339623752255,-0.0741820433564648,0.396786932196203,0.0603852187632007
"CALM2-MYLK",-0.036328631537642,0.469981808060442,0.251802304338579,0.691260013344832
"CALM2-PDE1A",0.036901851693337,0.107327274026424,0.493362074723453,0.550844398290052
"CALM2-PDE1B",0.692033358559581,0.107507796048527,0.603184223013359,0.628774831560318
"CALM2-PDE1C",0.209823751041977,0.188344246429095,0.540416748089374,0.621855209574205
"CALM2-SELL",-0.0562847069778645,0.680086722453541,0.00331320071564311,0.658997724160329
"CALM2-TRPC5",0.128787610925517,-0.0424667203483422,0.695507280434182,0.197499026746642
"CALR-ITGA2B",-0.00627345062217207,0.148752558372994,0.223480996135555,0.329118263985041
"CALR-ITGA3",0.11191681731251,0.110052798818782,0.438313005318624,0.521935206475098
"CALR-ITGAV",0.353044824601513,0.199202930623018,0.581597618438185,0.466728476260067
"CALR-LRP1",0.534662894542521,0.0518599452517652,0.632981667166905,0.304619408918759
"CALR-SCARF1",0.141774991045569,0.488614079426839,0.465952812980813,0.500173080419009
"CAMP-EGFR",-0.0632443014111827,-0.046996022013123,-0.185739482742218,-0.143889128609986
"CAMP-IGF1R",-0.0828612488612717,-0.0274917166725801,-0.178412691460556,-0.0749321085999223
"CAMP-P2RX7",-0.0491370032229692,-0.0518779228902241,-0.142446849877083,-0.129414904637505
"CCK-CCKBR",0.0476806674012383,0.181518623051138,0.507975096731643,0.561899489175545
"CCL11-ACKR4",0.0142339040823664,0.0639678122024077,0.369634670511066,0.484448376919416
"CCL11-CCR2",0.0354669698520543,0.00652760461892775,0.484723990975354,0.42162267060322
"CCL2-ACKR4",0.0309217123691812,0.154718665410062,0.454933406258322,0.588838670391546
"CCL2-CCR1",0.054047447155454,-0.0550463322787435,0.574824132272043,0.0569783113166498
"CCL2-CCR2",0.0322663100349832,0.0145953376372672,0.498458844432859,0.551572593923127
"CCL2-CCR4",0.118750321784468,0.116282499724876,0.718213337989164,0.500735286028625
"CCL25-ACKR4",0.0856853148325667,-0.0530267559951017,0.404300006096711,0.238127613981072
"CCL25-CCR9",0.0482489424385829,-0.0236670874053058,0.393776336612323,0.340857647641915
"CCL7-ACKR4",0.0396037502466618,0.0217922727815821,0.493609911939113,0.606246083202913
"CCL7-CCR1",0.0328147252618173,0.0433626485661306,0.566682576448438,0.497476853711106
"CCL7-CCR2",0.0330724700482536,0.0374417584419422,0.511610032600698,0.564929239546436
"CD14-ITGA4",0.0516752592366254,0.0288723180263024,0.104817668386963,0.32543838111023
"CD14-ITGB1",0.0334415590669845,0.00950323450939946,0.486927049932869,0.387278095744494
"CD34-SELL",-0.0367693841714029,0.105132968024541,0.0874559219416166,0.418938938528699
"CDH1-CDH2",-0.0671701460689114,0.115118126314059,0.00424873218448265,0.0613804560512
"CDH1-EGFR",0.157054017914554,0.00411469309033918,0.21949071055068,0.142572145131251
"CDH1-ERBB3",0.0747159717744001,0.107181692878805,0.259778054898852,0.303033277635575
"CDH1-IGF1R",0.0772613200456111,0.00180758737989316,0.219146978365602,0.189449480149618
"CDH1-ITGAE",0.0186285116845975,-0.014873857590234,0.297698368837287,0.192719196185406
"CDH1-LRP5",0.137197825324017,-0.071519327906539,0.265619676901577,-0.0003450927369693
"CDH1-PTPRF",0.309330583156789,-0.0348525277781762,0.30267970619741,0.18584539270232
"CDH1-PTPRM",0.0514039482103673,0.060349892855364,0.16905784709146,0.203437417878776
"CFH-ITGAM",0.164179276210231,-0.00583607323714946,0.320002756845703,0.122012678978398
"CFH-SELL",-0.00872029464879336,0.0194433910085022,0.231707691130428,0.204518794588842
"CGN-F11R",0.127224699314832,0.0733395577535483,0.36453731472155,0.477243089162968
"CGN-OCLN",0.236360163957443,0.0614267930238796,0.528965401259735,0.42415837452891
"CGN-TGFBR1",0.0681338823947877,0.0375782862003955,0.368938941108808,0.333904034658939
"CGN-TGFBR2",0.0396074389478303,-0.004308220659431,0.220067395753855,0.258013225073301
"CHAD-ITGA2",-0.0120331264208274,-0.00863984987986646,0.185793626127824,0.169195176571864
"CHAD-ITGB1",0.0327733186140477,0.0374523298848046,0.310484603472041,0.256279589488807
"CLCF1-CNTFR",0.0253942418115363,-0.0956352266633485,0.491542798520489,-0.0996146008305632
"CLCF1-CRLF1",0.184882881552204,-0.00531768754095304,0.466501014875798,0.219574800539881
"CLCF1-IL6ST",0.131009298138407,0.0956553009785034,0.476306843326125,0.414975304786832
"CLCF1-LIFR",0.0740092254454167,0.133867926114317,0.427269144840293,0.440013624063061
"CLEC11A-KIT",0.0913098792563766,0.00996570462142391,0.394715291132374,0.351094042729201
"CNTF-CNTFR",0.037693429520805,-0.0217962586180478,0.537589960990745,0.244117599391162
"CNTF-IL6ST",0.0343914812949748,0.058249447635045,0.377990074427614,0.482303415822706
"CNTF-LIFR",0.0448975183396029,0.0730590069387074,0.448173128345955,0.358417754814683
"CNTN2-CNTN1",0.430127039483908,0.0283488680566603,0.471760639636651,0.316553504903641
"CNTN2-CNTNAP2",0.407557490217072,0.0320230305089398,0.4934008687688,0.367831642289009
"CNTN2-NRCAM",0.424021569551092,-0.0110803505501999,0.530008751690272,0.269712122074449
"CNTN2-NRP1",-0.0130083044484653,0.0774460719413511,0.298969431273623,0.413587551454784
"CNTN4-PTPRG",0.145131450044808,-0.00309246992494858,0.451032270271213,0.366146118125159
"COL11A1-DDR1",-0.0787442173126786,0.136778619917081,0.074823442247463,0.35974225910021
"COL11A1-ITGA2",0.0323396664954937,-0.0485410838204001,0.187135453320068,-0.112910109078269
"COL11A1-ITGB1",0.131061234081194,0.0748199726274698,0.334812737835749,0.210878946035438
"COL14A1-CD44",0.293603704996044,0.0770557139788569,0.369000119264338,0.224996963497833
"COL18A1-GPC1",0.152590296328902,0.40267375608432,0.292169411672303,0.516469679083763
"COL18A1-GPC4",0.133881576608924,0.0480953262039056,0.378087949894076,0.253608902828279
"COL18A1-ITGA5",0.161674223228037,0.150848488221234,0.414791453040543,0.393820165481072
"COL18A1-ITGB1",0.386900015284251,-0.107751216418105,0.543045888849749,0.0601226677409643
"COL18A1-KDR",0.313815559571883,0.325505744574972,0.46166161578944,0.543225685279464
"COL1A1-CD36",0.0155434877106267,0.041719952109637,0.341671798350675,0.208096930422765
"COL1A1-CD44",0.342073933021161,0.275176962451222,0.320885859112143,0.390856869708596
"COL1A1-CD93",0.163897503742237,0.187832444710318,0.434576659070949,0.517393677879394
"COL1A1-DDR1",0.0701987166364605,0.0745258890794188,0.289244111187321,0.310760170369809
"COL1A1-DDR2",0.504224905922424,-0.0186645545530885,0.718716747698602,0.202171760158197
"COL1A1-FLT4",0.116336397436474,0.0582959247026844,0.325891134925192,0.281401103110175
"COL1A1-ITGA1",0.11851216587189,0.205712187145476,0.379927295538582,0.411402345056922
"COL1A1-ITGA11",0.376189825703871,0.0933221292920162,0.446383357147813,0.42473566827874
"COL1A1-ITGA2",0.116176547325365,0.0395664384537871,0.376735132700223,0.298334319496626
"COL1A1-ITGA5",0.190714582017593,0.185887358353888,0.477987135044815,0.391721081052159
"COL1A1-ITGAV",0.270551580959364,0.0908956629141234,0.474125487924628,0.409613666712901
"COL1A1-ITGB1",0.42651356502796,0.131410677797646,0.623808842440546,0.312580740710918
"COL1A1-TMPRSS6",-0.224767407903579,0.00508053519193554,-0.151554780009127,0.291282647861479
"COL1A2-CD36",0.0134435756338908,0.341166361791599,0.350761058602628,0.564823542767263
"COL1A2-CD44",0.35423667145724,-0.191000996553999,0.335862390827288,-0.280078691078177
"COL1A2-CD93",0.160393093563958,0.139749735464734,0.447430591618411,0.347466955617327
"COL1A2-FLT4",0.108995818328751,0.179759489998937,0.341409283053974,0.445425968457276
"COL1A2-ITGA1",0.127985101212153,0.108385382763128,0.390166612358917,0.151808860286244
"COL1A2-ITGA11",0.333515574971864,0.105893477793756,0.447903616465492,0.258104995024962
"COL1A2-ITGA2",0.114946459021498,0.149035283318846,0.39547450702016,0.434179525008231
"COL1A2-ITGA2B",-0.0331778263194174,-0.147677118163526,0.0533059116783087,0.230261131344264
"COL1A2-ITGAV",0.278955240862984,0.0795257796618954,0.492983853372188,0.286011578819544
"COL1A2-ITGB1",0.432154893064679,-0.0518327070615556,0.638695261481456,0.315639720188361
"COL1A2-ITGB3",0.0624087652089208,0.17087397912661,0.233221199126294,0.410815963895381
"COL2A1-DDR1",-0.0936539616977429,-0.00999135261193772,0.0349448239681705,0.0886551318148062
"COL2A1-ITGA1",-0.0189863489316839,-0.0675901609417253,0.129645554999248,0.104345246659364
"COL2A1-ITGA10",0.253967380831984,-0.0635591768620296,0.432830598300956,0.166061340903823
"COL2A1-ITGA2",-0.0291344410238227,-0.0557365699552263,0.106005011218715,-0.0802060558414518
"COL2A1-ITGA2B",-0.0451026598766531,-0.0159633911952505,-0.0658898088760318,0.151528582883918
"COL2A1-ITGB1",-0.0309375758364405,-0.0880194592486393,0.232996391538342,0.178146495740089
"COL2A1-MAG",-0.0247235160233041,-0.0238363479810734,0.0846874811104844,0.155821190181119
"COL3A1-DDR1",0.1176402278838,0.408806520771896,0.350109291311723,0.655298433320765
"COL3A1-DDR2",0.509651741253794,0.0713057384575158,0.737587759676222,0.429055342552312
"COL3A1-ITGA2",0.12231757380506,0.113373986173885,0.4309524071482,0.336302062712099
"COL3A1-ITGB1",0.470973298242209,-0.161202689325685,0.678258430239572,0.073700584229416
"COL3A1-MAG",0.030278324297346,0.088977291641667,0.2900731165743,0.354451754670218
"COL4A1-CD47",0.0536028553024478,0.593132161565571,0.122213964495537,0.699557671273128
"COL4A1-CD93",0.402051294789048,0.0811625903923344,0.644438512955587,0.296549374180831
"COL4A1-ITGA1",0.318819210172169,-0.130772929014138,0.544121808861582,0.180188334094498
"COL4A1-ITGA2",0.191451894792947,0.00304254267213187,0.510616003601275,0.318176531377594
"COL4A1-ITGAV",0.288310658980346,0.126792546795434,0.526813395443397,0.330031071363951
"COL4A1-ITGB1",0.592231896188796,0.19141233374037,0.737202787779431,0.36338500382112
"COL4A1-ITGB8",0.048410482738069,0.1537128994227,0.330229755435251,0.333937508210422
"COL4A2-CD93",0.360860340693294,0.197392172714935,0.622594988085769,0.444884666385469
"COL4A3-CD47",0.0346350985497781,0.0936129757001268,0.299837069510911,0.442056060210825
"COL4A3-CD93",0.0601523996740162,0.0467745487404079,0.425776238891795,0.325235897282211
"COL4A3-ITGA1",0.0585503667868156,0.0727474388443721,0.417587144219462,0.38924633506056
"COL4A3-ITGA2",0.0321872832704914,0.00218245612505567,0.551848842453122,0.527303324955956
"COL4A3-ITGAV",0.0634665314023339,0.0467745487404079,0.51465955069738,0.325235897282211
"COL4A3-ITGB1",0.123712866021059,0.0505683523483258,0.492185419862814,0.599706069807257
"COL4A4-CD47",0.0157077877800003,0.0643238854562876,0.253816575148796,0.492527295275928
"COL4A4-CD93",0.068872480713939,0.0279921460376868,0.432913113622653,0.427906517231996
"COL4A4-ITGA1",0.0600341664679887,0.0660922037834065,0.438540896047,0.488828131849655
"COL4A4-ITGA2",0.0344863296365054,-0.0185108872221544,0.515132209960255,0.255396427485907
"COL4A4-ITGAV",0.076356376899822,0.0357905001445586,0.481935626286659,0.420268503903674
"COL4A4-ITGB1",0.142216366052261,0.0596303279229101,0.543685198575092,0.440596071170431
"COL4A5-CD47",0.0173690740655699,-0.0105487687798943,0.134763296525481,0.333461971123464
"COL4A5-CD93",0.123242720375376,0.0578175219591848,0.460934916132243,0.356391244125977
"COL4A5-ITGA1",0.139984725725523,0.160719792612184,0.457636016196776,0.4764840261557
"COL4A5-ITGA2",0.0610538744830034,0.025971542581718,0.410032372404691,0.374309665656353
"COL4A5-ITGAV",0.123925487781045,0.00915750572274845,0.445324141314886,0.1923175070494
"COL4A5-ITGB1",0.223897446608312,0.141857066396665,0.520533914263193,0.452171197334573
"COL4A6-CD47",0.0192686657637358,0.0757178222795029,0.141214453532065,0.465955639189056
"COL4A6-CD93",0.121733822658258,0.0393746621518793,0.502413991029288,0.347622878334444
"COL4A6-ITGA1",0.1208686659112,-0.0453146153520617,0.447737673039667,0.225667897512936
"COL4A6-ITGA2",0.0639321609274751,0.0958298884542743,0.462620925940381,0.419660789256667
"COL4A6-ITGAV",0.124178742398959,0.00389022912063411,0.475748725577689,0.322864661409108
"COL4A6-ITGB1",0.225420176833487,0.197558890414274,0.562130723971973,0.50368127546266
"COL5A1-ITGA1",0.117806438843656,-0.126015134564127,0.396717987280989,0.146852650446186
"COL5A1-ITGB1",0.477537436076508,0.231526761254813,0.669755229544244,0.388427696537501
"COL5A1-SDC3",0.028988002243807,0.195335123197072,0.18838629743389,0.339980440593963
"COL5A2-DDR1",0.0850366050037035,0.107154718047205,0.320147539170678,0.327252408447915
"COL5A2-ITGA1",0.114548299419666,-0.123358825782789,0.421148929876529,0.152572056287146
"COL5A2-ITGB1",0.442261351371994,0.069848444440346,0.668472382239433,0.240226851843531
"COL5A3-SDC3",-0.00403598014789111,0.131955130579638,0.281748133081785,0.454056730330535
"COL6A1-ITGA1",0.135126214272355,0.226255123684841,0.398872587541573,0.423297412374473
"COL6A1-ITGA2",0.108634434946237,0.0573112127931477,0.407864623683459,0.214392706416375
"COL6A1-ITGA6",0.119994646996402,0.46787928725589,0.340640679953838,0.665924584538805
"COL6A1-ITGB1",0.453510073877728,0.175159762921491,0.657349773838592,0.471611764934792
"COL6A2-ITGA1",0.14802849385069,0.247864825539983,0.398859136118476,0.488126451608061
"COL6A2-ITGA2",0.115383894190726,0.312150301402435,0.418465134463364,0.551873862974779
"COL6A2-ITGB1",0.482102375811201,-0.020843860558317,0.660978882627529,0.131853359741704
"COL6A3-ITGA1",0.111834786005409,0.119637545633895,0.341667999427593,0.312178426978871
"COL6A3-ITGA2",0.120724557339284,0.0447892706309588,0.389652469480369,0.272283347696823
"COL6A3-ITGB1",0.474612170138289,0.0631164058081671,0.635739189368981,0.0303906023096356
"COL7A1-ITGA2",0.136924446596454,0.203915544513861,0.61697533281437,0.593429120864654
"COL7A1-ITGB1",0.425005658929391,0.206699666653735,0.546629145777217,0.551418870232641
"COL8A1-ITGA1",0.135379019807356,-0.0148033049114603,0.219578707005522,0.28369984738053
"COL8A1-ITGA2",0.07431563481709,-0.0331762494776513,0.202207666556748,0.139376462453106
"COL9A1-MAG",-0.0235248016004534,-0.0228360338715504,0.101537670803595,0.130882738301715
"COL9A2-MAG",-0.0157699900300362,-0.0283228590982767,0.0622712821965779,0.106581778945103
"COL9A3-MAG",-0.0188281197714574,-0.0238496683986293,0.113573268121581,0.116236657343545
"COLQ-MUSK",0.334376775396317,0.16007883209757,0.524110181417323,0.443019364366096
"CP-SLC40A1",0.0920304916878665,0.0184820178100813,0.218639614084014,0.0175263815605192
"CSF1-CSF1R",0.0957817398531183,0.0735969314390872,0.408463198205055,0.331037904495163
"CTF1-IL6ST",0.10849958615861,0.0746419653348988,0.462039859719904,0.327360016926227
"CTF1-LIFR",0.10195321239783,0.0823334869200202,0.46297307294864,0.467871221626346
"CTGF-ERBB4",0.031823865170974,0.0201427376089089,0.218001091390989,0.15497439634054
"CTGF-ITGA5",0.146783242755239,-0.0203438293938725,0.452713950958498,0.124682740300054
"CTGF-ITGAM",-0.000516588864222567,0.00753729115043627,0.171624712854247,0.275379176032992
"CTGF-ITGB2",-0.0554508384338008,0.0474461837940352,-0.0474993082523317,0.279236511590587
"CTGF-LRP1",0.210025668985108,0.0015120479688814,0.378013370967248,0.252333977205091
"CTGF-LRP6",0.217198621245843,-0.0150057642236672,0.450009248572613,0.198227961336933
"CTGF-NTRK1",0.108001690750294,0.11078735336739,0.284794914868495,0.289783883367682
"CTHRC1-FZD3",0.00588139353374728,0.183457380615776,0.286232893150549,0.494374890114801
"CTHRC1-FZD5",0.0106929569600054,0.0297536122170275,0.188931084915806,0.29063974576995
"CTHRC1-FZD6",0.103269312756458,0.0998860893068119,0.329599781967319,0.330326732077406
"CUBN-LRP2",-0.00572270200750618,0.0177751480900377,0.458651033684395,0.467902831695805
"CX3CL1-CX3CR1",0.0103057857023424,-0.00318847848025898,0.396241819048378,0.269514372004061
"CXCL12-ACKR3",0.186826396723184,-0.166973104441566,0.347693204929223,-0.102253906391136
"CXCL12-CCR4",0.192278315097578,0.193854989813501,0.283455919394962,0.286339353982068
"CXCL12-CXCR4",0.195915319136925,0.103506287927997,0.288012957251271,0.270637911878276
"CXCL12-ITGB1",0.328298982757963,0.0647727094146233,0.536913891708225,0.412088678604592
"CXCL12-SDC4",0.0393245157191033,-0.106913484047929,0.233791418673337,0.0335752336240872
"CXCL13-ACKR4",0.018237789004373,-0.0668223977269417,0.304473802895785,-0.105166475730219
"CXCL13-CXCR5",0.0812077996399441,-0.0216687968064143,0.392284704479256,0.0595026834680854
"CXCL13-HTR2A",-0.0086824782717223,-0.000838798729315446,0.265441621554022,0.269434318317552
"CYR61-CAV1",0.129896657844744,0.00662242816764126,0.443816847825856,0.238436155604195
"CYR61-ITGA5",0.128968274201817,-0.0355974815431207,0.467402010170485,0.263847141883251
"CYR61-ITGAM",-0.0112238860394812,0.0292846560702407,0.244317011312713,0.335901004951834
"CYR61-ITGAV",0.100328613366659,0.119792107552113,0.413320019895216,0.419607889515123
"CYR61-ITGB2",-0.033583487303108,0.10350412179768,0.0493468231836036,0.366024592345735
"CYR61-ITGB3",-0.00163501805722805,-0.0178720410014561,0.216759331871856,0.191392231606293
"CYR61-ITGB5",0.114093666517738,0.0414653919059585,0.418487617269725,0.341507052994719
"DCN-EGFR",0.217569447305068,0.101261902432298,0.430381954042895,0.389443090158484
"DCN-ERBB4",-0.0777312111792465,0.119183348261542,0.104369104252253,0.261784454564542
"DCN-MET",0.0530373127629998,0.082271834731895,0.243740090738578,0.280017276275629
"DHH-BOC",0.0163779885685964,0.0216698595190117,0.423624327651925,0.438050704683735
"DHH-CDON",0.0228705064805384,-0.00559934888947956,0.388716011668333,0.370004409205286
"DHH-HHIP",0.014076393678242,0.0100288063279127,0.344727816227977,0.452815008486868
"DHH-PTCH1",0.00306449781429564,0.00996614983057284,0.379655692431443,0.402284918803107
"DHH-PTCH2",0.0195327453184667,-0.0110999771976986,0.596451554050509,0.42773492088172
"DKK1-KREMEN1",0.297267699597037,0.174627696595839,0.585446943025582,0.497841770266493
"DKK1-KREMEN2",0.127860501243709,0.178691262389273,0.692152339449247,0.367787017107332
"DKK1-LRP5",0.264561447243457,0.193505307390703,0.591407964820927,0.463908090748385
"DKK1-LRP6",0.363072673073586,0.307585430595604,0.557730621875569,0.416664263134801
"DKK2-KREMEN2",0.0309513670653511,0.0521110330700923,0.34357026251484,0.444180109316607
"DKK2-LRP6",0.16963125691144,-0.00171341581344013,0.454268643129209,0.295268504179846
"DLK1-NOTCH1",0.166619134934669,0.165935239694419,0.311326237994679,0.384091384444832
"DLK1-NOTCH2",0.230207531066446,0.180731688557231,0.438342052871922,0.451280458800256
"DLK1-NOTCH3",0.214651330610908,-0.072280058784184,0.325952452225692,0.128679999942062
"DLK1-NOTCH4",0.0604426152014998,0.011025911462228,0.156967215527148,0.185111102562408
"DLK2-NOTCH1",0.0240766097280154,0.0524021329756941,0.429814600513836,0.498389475668988
"DLL1-NOTCH1",0.0599044674504079,0.0578583347147297,0.465623042181964,0.442812344335294
"DLL1-NOTCH2",0.0215174903199191,0.038735357775724,0.407100178758796,0.620369888663497
"DLL1-NOTCH3",0.0759492498000344,0.0732710503910385,0.55570960377176,0.551613822595469
"DLL1-NOTCH4",0.0570026261726317,0.0357966192835678,0.564703478116198,0.511932066560664
"DLL3-NOTCH1",-0.0280604595112169,-0.014512940138549,0.224400161460082,0.312926495146569
"DLL3-NOTCH2",-0.0398019810317749,-0.0724454113945248,0.187277411833933,0.115621776709044
"DLL3-NOTCH3",-0.00659827724376431,0.133758817404377,0.27795031984426,0.414822890859205
"DLL3-NOTCH4",0.0810271463788829,0.148426110062278,0.404813613048541,0.493042734293759
"DLL4-NOTCH1",0.145965483451774,-0.0169545718364066,0.482717384862691,0.306779118030511
"DLL4-NOTCH2",0.013548806122113,-0.0375242533231495,0.392923938063042,-0.0192665936468441
"DLL4-NOTCH3",0.0794556611185648,0.0641412065022908,0.5208963691158,0.512855888888157
"DLL4-NOTCH4",0.0224396601571322,-0.00308532367467402,0.518818199570623,0.360922759434456
"DSCAM-DCC",0.596819086527282,0.0235107466810202,0.484698589828525,0.216902700562555
"DUSP18-CD151",0.0939357354603275,0.0218511062261155,0.45196800527237,0.49315407617376
"DUSP18-ITGA1",0.0395110077450268,0.0609040072307207,0.347838938689794,0.594831808168049
"DUSP18-ITGA2",0.031205120876124,0.0413572105065588,0.522367045424075,0.470820903017145
"DUSP18-ITGA3",0.0484157684966974,0.0756240185780923,0.536417893008584,0.343047295910516
"DUSP18-ITGA6",0.115822618290125,0.1087103418049,0.487026995847218,0.489013567746151
"DUSP18-ITGA7",0.0200860818060301,0.0763585985072227,0.364717189290547,0.388305034339778
"DUSP18-ITGB1",0.106935433726839,0.129822242504646,0.445323245674238,0.702416254390693
"DUSP18-ITGB4",0.0352610915485064,0.101422770849416,0.532549832117108,0.533226514116516
"EBI3-IL6ST",0.0183843688872917,0.22379241139476,0.32966434082654,0.461354467574147
"ECM1-CACHD1",0.0410703861849273,0.0577253884746393,0.371114732676433,0.414739025239828
"EDA-EDA2R",0.0506685077974713,0.149657360663505,0.525936798770503,0.497572780499368
"EDIL3-ITGAV",-0.00661603250153542,0.463116112471826,0.23704899074461,0.455799963580724
"EDIL3-ITGB5",-0.0612322301140312,0.000152465121974745,0.120164084817949,0.240706840851296
"EDN1-EDNRA",0.0532196334419749,0.015252498672111,0.418993879661689,0.520023765197122
"EDN1-EDNRB",0.0539745734403821,0.0182373456799406,0.453082742046663,0.442161477825455
"EDN1-KEL",-0.0275342821872194,0.0190375036606022,-0.0518997270337615,0.551442866446149
"EDN3-EDNRA",0.140160615894087,0.0155009476541017,0.4901847375731,0.559558688798847
"EDN3-EDNRB",0.080614583153801,0.12656181075141,0.420809884103838,0.512431468565727
"EDN3-KEL",-0.100638232173769,0.072939815172305,-0.121992328921473,0.476932312578075
"EFEMP1-EGFR",0.133090735012884,-0.00217011764225417,0.387581233262922,0.328041690475028
"EFEMP2-AQP1",0.24858719343062,0.189271438688522,0.285730517434057,0.420823386881965
"EFEMP2-LINGO1",-0.0938076321816454,0.117590589217809,0.326005222848437,0.312321526088095
"EFEMP2-PLSCR4",0.136115561288692,0.0131280552737555,0.445408665185061,0.326703758787568
"EFNA1-EPHA1",0.0745890844219501,0.232923945509541,0.432654087668014,0.484086309562485
"EFNA1-EPHA3",0.0818919590367623,0.0910977978563269,0.364876031280768,0.38083279112003
"EFNA1-EPHA4",0.00693911620389386,0.145107877924204,0.310465468135873,0.405693628749205
"EFNA1-EPHA5",-0.0207811004765686,0.122666965744131,0.277570764467276,0.406565919062057
"EFNA1-EPHA6",-0.0268928179173935,0.159304195161945,0.280435275292633,0.449763204894734
"EFNA1-EPHA7",0.0741866292552876,0.0418447498161778,0.363020453969648,0.217338916795563
"EFNA1-EPHA8",-0.00690337885599804,0.104270458004788,0.205226335206184,0.401603918361044
"EFNA1-EPHB1",-0.0372497379184513,-0.030435066060646,0.182632466526652,0.251357667455809
"EFNA1-EPHB6",0.0227374344444602,0.000601655136480678,0.401741039217869,0.311804325040676
"EFNA2-EPHA1",0.0483315298334422,0.0372953676923283,0.477621261693568,0.444662457650957
"EFNA2-EPHA3",0.075028376320122,0.0446920113999823,0.459259803050566,0.534165659346171
"EFNA2-EPHA4",0.154994826748564,0.0167419595005683,0.534584887141739,0.479163412460529
"EFNA2-EPHA5",0.132355639728996,0.0554047787030816,0.490377845327141,0.5532400572301
"EFNA2-EPHA6",0.0866433191608203,-0.101177867505292,0.507571980937919,-0.0507407748993662
"EFNA2-EPHA7",0.11501902737423,0.112334240384485,0.503985413634708,0.313778794549741
"EFNA2-EPHA8",0.0575021353694166,0.043671065437744,0.416208434633217,0.451458312849449
"EFNA3-EPHA1",-0.016631815000881,0.643184047898258,0.254175809806587,0.664482420719421
"EFNA3-EPHA3",-0.000635169981782236,-0.0433493004484077,0.291167303694717,0.279964800745282
"EFNA3-EPHA4",0.532796826285307,0.197317744859052,0.599757234898139,0.491396819761511
"EFNA3-EPHA5",0.569321837496298,0.144660029551929,0.600170169893288,0.439477758448021
"EFNA3-EPHA6",0.45521579999617,-0.121581373398611,0.556686562341707,-0.0187845636449931
"EFNA3-EPHA7",0.174676348651987,0.643184047898258,0.43373183981344,0.664482420719421
"EFNA3-EPHA8",0.144330126446159,0.210969977181818,0.552359532796617,0.437589388032392
"EFNA3-EPHB1",0.599840650404145,0.0865698487526922,0.581173711120535,0.386260500182907
"EFNA3-EPHB6",0.198908662974904,0.213984923048872,0.561612156709941,0.495153820142808
"EFNA4-EPHA1",0.0870843781703981,0.16714327090341,0.502269799922793,0.515351513284885
"EFNA4-EPHA3",0.13192916396986,0.0786739317683076,0.461774219018555,0.410313176928319
"EFNA4-EPHA4",0.0507457895617053,0.0975528527267923,0.417576537397189,0.449080210241243
"EFNA4-EPHA5",0.0110280935593224,0.116316446406195,0.40812262322162,0.479088651871888
"EFNA4-EPHA6",-0.00411740483860755,-0.0204355827620353,0.35572810821694,0.361541085024128
"EFNA4-EPHA7",0.128072445352581,-0.0214157117668752,0.465846354925353,0.213944022181984
"EFNA4-EPHA8",0.0388736425242916,0.0676201527799309,0.297593229526936,0.39210594131058
"EFNA5-EPHA1",0.0642428291801524,0.0774936450355661,0.396464332728725,0.360008355909434
"EFNA5-EPHA3",0.114022140582525,0.101073423983763,0.391693109966319,0.431679383081228
"EFNA5-EPHA4",0.115969094927503,0.234997553812792,0.426059467147789,0.422751027333155
"EFNA5-EPHA5",0.0487193687389168,0.0900571336668278,0.375684575730303,0.350013828024827
"EFNA5-EPHA6",0.043011426258629,0.0490191966546593,0.390855875757525,0.330990722472335
"EFNA5-EPHA7",0.125852488251093,0.0796030392301029,0.420170474087416,0.403104897538958
"EFNA5-EPHA8",0.0333001861425418,0.055935013711013,0.27393606629326,0.286934063106753
"EFNA5-EPHB1",0.0623459989507186,0.116821655872395,0.303919588873117,0.443618665793701
"EFNA5-EPHB2",0.125384970834821,0.0856530466542091,0.431828769337708,0.161595576280012
"EFNA5-EPHB6",0.0551869496861975,0.0792201628032876,0.438381297574073,0.413530552967671
"EFNB1-EPHA4",0.0550586370383161,0.0952582334196783,0.386520117395626,0.422059743417476
"EFNB1-EPHA6",-0.01979318289696,-0.0660490900944344,0.310761751000444,0.16065260489036
"EFNB1-EPHB1",-0.0121326169598619,0.0970629503619392,0.235669552228687,0.351257139251291
"EFNB1-EPHB2",0.0824664020961333,0.0743915563081589,0.435210335467425,0.380772218300869
"EFNB1-EPHB3",0.12969036336971,0.0710192114033574,0.475405535604719,0.230051922030345
"EFNB1-EPHB4",0.210067785615613,0.0975901255935885,0.514576353365896,0.429833465447865
"EFNB1-EPHB6",0.0354612598446202,0.116565883835339,0.413404589433803,0.377053207867967
"EFNB1-ERBB2",0.122060973989663,0.18450242992929,0.480239964427756,0.490056385013056
"EFNB2-EPHA3",0.161968363714224,0.173150420351126,0.447814798160855,0.461449162076563
"EFNB2-EPHA4",0.179843636819784,0.181946990855312,0.482396789064083,0.412825618044917
"EFNB2-EPHA6",0.0283064626625477,0.0965950985298183,0.38845727328561,0.389731153291364
"EFNB2-EPHB1",0.0620943129017303,0.0600631198315378,0.345487580080034,0.221546702982943
"EFNB2-EPHB2",0.118172220235287,0.195628213423258,0.456322044128833,0.440487455992073
"EFNB2-EPHB3",0.103681393775411,0.127134052625028,0.428841519284813,0.395813934868865
"EFNB2-EPHB4",0.194647231574483,0.144239469513318,0.433506638804914,0.364364154654385
"EFNB2-EPHB6",0.0712608194775422,0.0428805037735192,0.501867924666623,0.386031095894447
"EFNB2-GRM1",0.0349621689246412,0.0325679474876356,0.430638835779279,0.393500964463986
"EFNB2-GRM5",0.0647419787306333,0.10223626927103,0.284341942261771,0.325017783988078
"EFNB2-PECAM1",0.177279498611283,0.0998520706265315,0.429459494851499,0.360753841584411
"EFNB3-EPHA4",0.221456396787068,-0.0379539633035652,0.500858997162627,0.151196025397081
"EFNB3-EPHB1",0.201037044440394,0.11333297916632,0.47235903275861,0.464548713657161
"EFNB3-EPHB2",0.129215680349795,0.179939633545909,0.46886434237406,0.437490215216815
"EFNB3-EPHB3",0.0454854615367013,0.0395194458009358,0.380190588260637,0.370245203111196
"EFNB3-EPHB4",0.032283655341937,-0.027171195081989,0.299835044778545,0.21476751916545
"EFNB3-EPHB6",0.135735083243426,-0.0055185324675116,0.536418008421875,0.347929843746369
"EGF-CAV1",0.047926387895473,0.0552365964432483,0.428513877460478,0.451069752664532
"EGF-EGFR",0.0526604839236845,0.00800359784206755,0.390084563565214,0.41182160194853
"EGF-ERBB2",0.0453877248078974,0.0885677433426681,0.517735299894237,0.508073169532425
"EGF-ERBB3",0.0965316043203343,0.121305664680277,0.529892133357146,0.360080496418644
"EGF-ERBB4",0.080257729686587,0.0270011700229756,0.464900392492684,0.456945804861663
"EGF-FSHR",0.145128552494288,0.0368748435085973,0.784079073488055,0.631690773055073
"EPO-EPOR",-0.252359785909117,0.208206478654109,0.115709695036211,0.470497734657086
"F10-F3",-0.064564191953208,-0.0818355472737639,-0.0431368995037301,-0.102089076081379
"F10-ITGAM",0.0127676042723987,-0.216922054766972,0.0714996882425462,-0.282567443714767
"F10-ITGB2",0.0757995215027395,-0.164980000046504,0.284110863952144,-0.154509378054463
"F11-GP1BA",0.187744514926751,-0.043932282947006,0.334293680384367,-0.241286758592709
"F12-CD93",-0.105576235221503,-0.15698282789349,0.00647884563361686,-0.149076571408511
"F12-GP1BA",0.166691400488491,-0.132677251628885,0.276687923114809,-0.00261719801980241
"F13A1-ITGA4",0.0392428414548317,0.0458795226943669,0.200307874048703,0.269865844423334
"F13A1-ITGA9",0.110163184644801,0.0785834487483702,0.324843519899063,0.307609928757957
"F13A1-ITGB1",0.172976027298116,0.000876408123017499,0.392172089741037,0.216924336572828
"F2-F2R",-0.113704994219593,-0.129987054710177,-0.0194650722898323,-0.075952352520412
"F2-F2RL1",-0.218443072615256,-0.0399171638369676,-0.0194566494020183,0.00698326939221467
"F2-F2RL3",0.0595669779419946,-0.00484975969611287,0.165535073606504,0.0514147781705043
"F2-GP1BA",0.176971652994942,-0.0891926701150818,0.238015206853914,-0.0142938378789053
"F2-GP1BB",-0.239807326119416,-0.180889155888417,-0.364842775127555,-0.150143714393249
"F2-GP9",0.0996895647838118,-0.0893097822842054,0.282489008891483,-0.0640344564802512
"F2-ITGA2B",0.175392939975644,-0.139847804105804,0.154133606805387,-0.0982155575194359
"F2-THBD",-0.149867038985216,-0.254274250167306,-0.102785344249227,-0.372627969454274
"F7-F3",-0.0532766672995886,-0.0959237534885359,0.00671729923979573,-0.19346770575183
"F8-LDLR",0.0563353920462656,0.0552154108592031,0.415834353388467,0.441713431216008
"F8-LRP1",0.115676583235256,0.108241332953608,0.427737356469343,0.612184465937915
"FARP2-PLXNA1",0.151248937334505,0.125707933955525,0.529791100224771,0.321554770670484
"FARP2-PLXNA2",0.16039109484832,0.112711388768963,0.521151069681493,0.408899379871836
"FARP2-PLXNA3",0.106548059499346,0.169084771155388,0.48671555931353,0.4549685671241
"FARP2-PLXNA4",0.0574963546733284,0.182432042724395,0.374876415275989,0.491572226682572
"FAT4-DCHS1",0.163928389167903,0.0873093607433048,0.511000499548817,0.341491627671301
"FBLN1-ITGB1",0.460038631832033,0.212136734726833,0.654350860764743,0.48658693751202
"FBLN2-ITGB3",0.0485556755156115,-0.0162778153208917,0.162948541122477,0.172877833643766
"FBN1-ITGA5",0.208941610855781,0.0594446780660544,0.554114528475363,0.33912220061181
"FBN1-ITGAV",0.30496931473378,0.382775631675792,0.543943479967827,0.691678736022738
"FBN1-ITGB1",0.465662906001233,0.214821828220534,0.700881596588013,0.439321014552933
"FBN1-ITGB3",0.0908805353204931,0.0272340006959945,0.288031566616569,0.233922694960741
"FBN1-ITGB6",0.0594308510264932,0.111819536312653,0.443473812567269,0.45181155788024
"FGA-CDH5",-0.155311543991208,-0.0528706541186485,0.009363053947624,0.078988354575199
"FGA-ITGA2B",0.174775098741056,-0.0243037216249528,0.122861562140783,0.0601850618284485
"FGA-ITGA5",-0.141848594816994,-0.129773905611501,-0.0737334002558642,-0.0737540622465638
"FGA-ITGAD",-0.284100184297965,0.186170013688619,-0.0887523219389827,0.238369022051297
"FGA-ITGAM",0.00609942278561683,-0.0883424405805215,-0.00362680972111385,-0.297571433688488
"FGA-ITGAV",-0.185059966259356,-0.179202799820306,-0.159737669085866,-0.199714558028026
"FGA-ITGB1",-0.293010909836382,-0.0425567520621926,-0.0786297804042088,0.173546417120631
"FGA-ITGB2",0.0692211941553632,0.186170013688619,0.244455603098762,0.238369022051297
"FGA-ITGB3",0.0752119557571426,0.0275782616327406,0.154042668848493,0.0580720778669705
"FGA-PLAUR",-0.0923244906365542,-0.0498229304201166,-0.175022470205882,-0.156775845768558
"FGB-ITGA2B",0.175442035039619,-0.0883127985264597,0.112450641500894,-0.185335358788047
"FGB-ITGA5",-0.142752847796089,-0.144227291890831,-0.115816136676332,-0.236507768164611
"FGB-ITGAM",0.0040873455120756,-0.0646909606186855,-0.0013890193402432,-0.0336714157059318
"FGB-ITGAV",-0.186884519182253,-0.15789320612002,-0.187255675749695,-0.0314382796728149
"FGB-ITGB1",-0.295057111712749,0.0366526234005498,-0.121563206673227,0.0339710649398753
"FGB-ITGB2",0.0736004136957822,-0.0431049456333455,0.219553020352093,-0.0997468825330803
"FGF10-FGFR1",0.135928542384234,0.248262119579404,0.465425750053998,0.526255965764147
"FGF10-FGFR2",0.230062118953334,0.0301328786372983,0.557917628112304,0.451769908014452
"FGF10-FGFR3",0.00287650865482904,0.0607506397124152,0.22539682973238,0.428982118756346
"FGF10-FGFR4",0.0522278183673779,0.171662121258168,0.33309909826585,0.509662020355895
"FGF11-FGFR1",0.060641776874319,0.0847867320521059,0.425507823785116,0.49972470257993
"FGF11-FGFR2",0.190606264005936,0.229539175197884,0.604416421656055,0.731961277804449
"FGF11-FGFR3",0.0969733613751658,0.0281682428996215,0.291003417235895,0.359521266499747
"FGF11-FGFR4",0.091714654570746,0.244482606913214,0.294817504671897,0.51685433538861
"FGF12-FGFR1",-0.0232529388539389,-0.0274985029695668,0.301737371444081,0.211329335701557
"FGF12-FGFR2",0.138457658614086,0.0856713342822203,0.359017507114842,0.444450633475177
"FGF12-FGFR3",0.165867603874524,-0.0485880717428345,0.326380186622319,0.0060956014507559
"FGF12-FGFR4",-0.0574760445771783,0.0817212429830287,0.0733662882070735,0.336925422170008
"FGF13-EGFR",-0.0292612052769024,0.00422173650992484,0.19467578827592,0.267613837260239
"FGF13-FGFR1",0.0401082048717997,0.053433489811105,0.309705360767429,0.328464979189127
"FGF13-FGFR2",0.239576721734639,-0.00446363018973892,0.449185663240716,0.331322272868592
"FGF13-FGFR3",0.0403259600114006,0.041609147331683,0.23549333901905,0.319822971433511
"FGF13-FGFR4",0.200210553799233,0.186991663647803,0.206360722854425,0.55189740438856
"FGF13-SCN5A",0.108759987300604,-0.0173602582463517,0.341735662810943,0.347927274231344
"FGF13-SCN8A",0.265560694701456,0.152904415806557,0.511853755804517,0.454039241060368
"FGF14-FGFR1",0.00397114015642988,0.00959880951179451,0.253871948485245,0.2516584888766
"FGF14-FGFR2",0.191167666343449,0.0569461102004203,0.399850692878932,0.117728931706017
"FGF14-FGFR3",0.150185596257884,0.0198757244637658,0.31740457064591,0.189783704736594
"FGF14-FGFR4",-0.0501993572019057,-0.16019804456393,0.0495115156688268,-0.315397887175714
"FGF18-FGFR1",0.197680071406187,0.135472939657322,0.558328162211,0.575911457494635
"FGF18-FGFR2",0.206934454538403,0.193937777147387,0.68544811252308,0.660802164964546
"FGF18-FGFR3",0.0134236302006791,0.0120943401600283,0.28847229177175,0.597574205634554
"FGF18-FGFR4",0.0414639898814555,0.0215183906066473,0.393667801382531,0.563542235156128
"FGF2-CD44",0.188093228341287,0.207540269997588,0.39812580468339,0.564224866227916
"FGF2-FGFR1",0.175554976134003,0.00251958681861283,0.42789179269192,0.409819395217757
"FGF2-FGFR2",0.215818591901506,0.195849238803217,0.519450963592269,0.550200649930884
"FGF2-FGFR3",0.0305647345695625,0.0635683158615625,0.206566580742987,0.383073303331128
"FGF2-FGFR4",0.044559124372703,0.0625288990752615,0.287082639349576,0.296468969308614
"FGF2-FGFRL1",0.0967167680124605,0.0208578021918235,0.307414536587209,0.325649069841993
"FGF2-GPC4",0.0610507358900669,0.067410109414687,0.402967060213993,0.433298469315985
"FGF2-NRP1",0.0935955843133807,0.0249990972917206,0.405461468542217,0.437664659383664
"FGF2-SDC1",0.107848940718552,0.0511387909564221,0.326949992037591,0.392963023192367
"FGF2-SDC2",0.105208965340734,0.0523101058149745,0.388966723306619,0.450431903685209
"FGF2-SDC3",0.0804098741947428,0.00251958681861283,0.33971471476403,0.409819395217757
"FGF2-SDC4",0.0321100831991676,0.0382392740473368,0.165882552816167,0.390019609471354
"FGF6-FGFR1",0.0891339975416735,0.105861228388257,0.476700291692206,0.488804493796138
"FGF6-FGFR2",0.164084379184763,0.120920967510406,0.604252613246391,0.569909761523763
"FGF6-FGFR3",-0.0235064688717272,-0.0132007911246103,0.162272362403453,0.346961240002332
"FGF6-FGFR4",0.267885518093811,0.00874836133746064,0.451017635647841,0.50428186017338
"FGF6-SDC4",0.00057839204279452,-0.0101729280585807,0.193157190842859,0.318559559867692
"FGF7-FGFR1",0.138421148032008,0.069726558128396,0.477545565414894,0.407517706418039
"FGF7-FGFR2",0.210069110036535,0.105247507079591,0.576688222018314,0.424314339851626
"FGF7-FGFR3",-0.0439010766682406,0.0714515674307626,0.104970449257467,0.404177468099944
"FGF7-FGFR4",0.169691579605854,0.194440741504316,0.45279801325266,0.572047360636165
"FGF7-NRP1",0.0777028487041052,0.124193673988819,0.426871183080715,0.467806889983328
"FGF9-FGFR1",0.0247100683949795,0.0372843595879946,0.341501835037497,0.437031394492422
"FGF9-FGFR2",0.189230149940932,0.238800851671596,0.536113508038402,0.665853721038245
"FGF9-FGFR3",0.0808662086799343,0.0793994178734775,0.29235084993361,0.434657439006662
"FGF9-FGFR4",0.0753328025864901,0.0566748176525908,0.260091042117795,0.517751545808463
"FGG-ITGA2B",0.181889957037321,-0.096668585455892,0.138363964802996,-0.0909995109293347
"FGG-ITGA5",-0.141812360497655,-0.199150651163347,-0.0733344094389335,-0.272601371979952
"FGG-ITGAV",-0.182784131258498,-0.133818036784267,-0.150097117175838,-0.278591460210024
"FGG-ITGB1",-0.29203980521531,-0.337602318487203,-0.0889216559547089,-0.322157562630183
"FGG-ITGB2",0.0800947424969963,-0.47065312145729,0.287611424582948,-0.385149609482356
"FGL1-EGFR",-0.0274092598457423,0.000941863308452298,0.154458418134497,0.36445301819184
"FN1-C5AR1",0.187120723149999,0.0329357791669703,0.330188168509382,0.132414159004026
"FN1-CD44",0.304007000359926,0.109738197747585,0.320672515697171,0.219426669332789
"FN1-COL13A1",0.143725602166284,0.0951488159115618,0.346884858051605,0.123962918351106
"FN1-FLT4",0.112439156219851,0.0446919055141431,0.32152682768387,0.263713492412184
"FN1-IL17RC",0.109420392886715,0.064430863452668,0.279320880628263,0.295925809786872
"FN1-ITGA2",0.0967637427557979,-0.0907269693192964,0.332848434147591,0.0461142294967552
"FN1-ITGA2B",-0.0161167933542758,0.121575574858262,0.0856814254886047,0.34796070489935
"FN1-ITGA3",0.00807259360462213,0.0770520188356167,0.191596027976644,0.337854127456999
"FN1-ITGA4",0.111266663735444,-0.126342116948074,0.234420310574359,0.00931239212278802
"FN1-ITGA5",0.210886947830168,0.0300323239537743,0.459292270979381,0.180996993860373
"FN1-ITGA6",0.112594284774662,0.165725689110154,0.296825907377644,0.360060961642102
"FN1-ITGA8",0.11980518374664,0.0415332878679872,0.348249370449163,0.316944217780414
"FN1-ITGA9",0.242692357357931,0.136170359586595,0.412051094625701,0.309488666622821
"FN1-ITGAV",0.245597366913658,0.0846969134838844,0.422554534903187,0.232198522226966
"FN1-ITGB1",0.420472232332228,-0.189185146298536,0.597314607998986,-0.0927798296811718
"FN1-ITGB3",0.0533595087542322,0.169142702417896,0.260853917206088,0.3960956425031
"FN1-ITGB6",0.0585318508588605,0.0971841111161357,0.292172888789741,0.2012564195121
"FN1-ITGB8",0.0600483293718404,0.0986835367166483,0.192126169997228,0.257676495872758
"FN1-MAG",-0.00717606800319158,0.064710795460485,0.172365753906322,0.289509531332001
"FN1-NT5E",0.0591190461827459,0.142579271410065,0.220755753583275,0.373197204399814
"FN1-PLAUR",0.0932916193793907,0.243858521968579,0.330207946207408,0.229313191312138
"FN1-ROBO4",0.0835149533999925,0.0203496229418538,0.297096666117235,0.181778231586836
"FN1-SDC2",0.264080982097921,0.204424794645639,0.427713131784055,0.321140536336689
"FN1-TMPRSS6",-0.130928590519696,0.342922426933219,0.119889402987092,0.529286570778644
"FN1-TNFRSF11B",0.134435603798143,0.342922426933219,0.369538660706646,0.529286570778644
"FST-BMPR1B",0.130427522357606,0.000947245488147618,0.337214392652684,0.32126485934097
"FST-BMPR2",0.111099829648512,0.0522952697879339,0.432088561454387,0.439370832143357
"FST-HFE2",0.220736157194893,0.0675979304395744,0.360003306708699,0.394083009180141
"GAD1-GRM4",0.622951560909599,0.597096523545154,0.532366520913605,0.536839050762051
"GAS6-AXL",0.127097015241018,-0.0983971397684348,0.384934253156139,-0.0524703347940503
"GAS6-MERTK",0.0672079954983376,0.0416483049653243,0.338100642878392,0.347863092508446
"GAS6-TYRO3",0.0562006018336767,-0.0852290947085545,0.385666529566189,0.0279052427795594
"GDF10-ACVR1B",-0.0101017960989021,0.0750276425601848,0.18102848661372,0.158796277123162
"GDF11-ACVR1B",0.0727326808337045,0.0667654500621201,0.538417621970804,0.501157736275495
"GDF11-ACVR2A",0.0804644721252324,0.0277505885294489,0.513118655803885,0.531121341358281
"GDF11-ACVR2B",0.0459892430057149,0.0479289790913775,0.549391622844571,0.381481141924358
"GDF5-ACVR1",0.0462011799929316,0.0136926894469122,0.355923327066341,0.351874225434042
"GDF5-ACVR2A",-0.00636071162583454,0.0454720449067809,0.338791922406042,0.329220278695023
"GDF5-ACVR2B",0.00125621649906131,-0.00360368962567457,0.360828771627307,0.38153632564565
"GDF5-BMPR1A",0.0535141071822589,-0.00313984016339383,0.390880837258244,0.445427441954319
"GDF5-BMPR1B",0.0980864339318019,-0.0119044483122129,0.397460376899293,0.286929247622676
"GDF5-BMPR2",0.0476375701569751,0.0908365641358558,0.384160626977934,0.343058489477897
"GDF5-ROR2",0.0679048020853113,0.00849947742892652,0.37796765914515,0.283775928285285
"GDF6-BMPR1A",0.152947938538691,0.193356200942331,0.56669318977936,0.443513955990633
"GDF6-BMPR1B",0.0723421270748664,0.0471761214514402,0.414366229518976,0.489514944535696
"GDF6-BMPR2",0.125241097780094,0.224102791010611,0.546574608562753,0.605223415642911
"GDF9-ACVR2A",0.354320247345607,0.263306219012044,0.64428141550292,0.597353143451023
"GDF9-BMPR1A",0.448138337839926,0.183537727835202,0.59452307850487,0.610684918381304
"GDF9-BMPR1B",0.165482872177349,0.215410545402266,0.44407418557726,0.500880761638308
"GDF9-BMPR2",0.416833756197605,0.19511390949436,0.622552285826261,0.365179111898877
"GDF9-FXYD6",0.357067328931725,0.32692419131538,0.51102842230489,0.606664509000983
"GDF9-ORAI2",0.370303726287645,0.133904103953061,0.685662018531589,0.733260867313199
"GDF9-TGFBR1",0.303808182804964,0.210220262854937,0.564473849910578,0.557931324868355
"GNAI2-ADCY1",0.0707870916456625,0.207658820324571,0.341148994129374,0.259895601165981
"GNAI2-ADCY7",0.112226415264524,0.0931813834947498,0.382276129242784,0.496382503518772
"GNAI2-ADCY8",-0.0243759529973475,0.0729611189743183,0.340875380075259,0.389488455216357
"GNAI2-ADCY9",0.273660121452614,0.435114959638452,0.565590261930209,0.579010641742505
"GNAI2-ADORA1",0.170761405139618,-0.00451746837674768,0.356228546699473,0.228146128207317
"GNAI2-ADRA2A",0.129650159036039,0.045242008408026,0.422664154371488,0.407699013880984
"GNAI2-AGTR2",0.304727099813829,0.115488249278821,0.420654012253585,0.418599601095789
"GNAI2-C5AR1",0.185474811201554,0.0881982190451635,0.493892590195563,0.228930475391454
"GNAI2-CAV1",0.398442280508742,0.0963207033885755,0.573877736511426,0.356467732067374
"GNAI2-CNR1",-0.0238597522956237,0.402213580822286,0.314562319935288,0.619467670623018
"GNAI2-EDNRA",0.255878058093022,0.129481347338879,0.518402284299412,0.379526249066891
"GNAI2-EDNRB",0.180366244863342,0.117953680677668,0.447834760394385,0.34392049302082
"GNAI2-EGFR",0.26618637711348,-0.0189872989119472,0.470721156003343,0.28065701131754
"GNAI2-F2R",0.225545505221123,-0.00612066765253775,0.486631379912177,0.303981095771023
"GNAI2-IGF1R",0.29580545703517,-0.0293350764634855,0.543848335728269,0.295058145496558
"GNAI2-LPAR3",0.213995356027089,0.122672329935628,0.432838532354677,0.469303312324413
"GNAI2-OPRM1",-0.0342093669703597,0.16104704837409,0.32064062262407,0.497905481394262
"GNAI2-P2RY12",0.0993189911653847,0.116391654616738,0.468243235664902,0.409802074890467
"GNAI2-PTPRU",0.0908894891450104,0.066030342954306,0.470612802597174,0.418515497745187
"GNAI2-S1PR1",0.209522811937279,0.216914302400341,0.51781443911329,0.473674177194329
"GNAI2-S1PR3",0.324541549751163,0.185410687332947,0.58526362496318,0.442693990518551
"GNAI2-TBXA2R",0.113442494699547,0.0907182010707795,0.462454520821792,0.481655000880236
"GNAI2-UNC5B",0.179595208164474,0.0901492985897788,0.448918083160894,0.473227851865949
"GNAS-ADCY1",0.245317884842064,0.406607255397351,0.554563903974207,0.610996659648493
"GNAS-ADCY7",0.104666145270663,0.203205278325253,0.457663896804009,0.476863999042698
"GNAS-ADCY8",0.202944158663187,0.234459966748625,0.555703057203703,0.435562122296803
"GNAS-ADCY9",0.654984600997115,0.189620760973816,0.825947205854496,0.661681372239629
"GNAS-ADORA1",0.510370500868432,0.155569978096956,0.593348690949879,0.587287981937955
"GNAS-GCGR",-0.333359588072252,0.101396772882171,-0.170028782911513,0.308198574934522
"GNAS-PTGIR",0.202886673426617,0.0345440709188933,0.713528751957883,0.522489237341416
"GNAS-VIPR1",0.180035904071648,-0.0150684386542114,0.700648006945883,0.228934052528919
"GPC3-CD81",0.451638517531862,-0.186468139936184,0.518665243371489,-0.0514982240288435
"GPC3-IGF1R",0.282657825245555,-0.0437921477101197,0.435615599541762,0.0956298780431484
"GREM1-KDR",0.0313234779534015,0.066414311669962,0.313500080136493,0.322038461916534
"GRP-NMBR",0.157869785011058,0.0105752570249739,0.723830971919413,0.513212080712307
"GSTP1-TRAF2",0.161894865343634,0.0442683880172802,0.463258454905594,0.301797577401612
"HAS2-CD44",0.226980365818766,0.0779581208149477,0.538284726626957,0.414704818985795
"HAS2-HMMR",0.0534665045525978,0.0814999812899432,0.376389633493294,0.471428217892645
"HBEGF-CD44",0.110551237082647,0.123850554838629,0.395398258946311,0.501875976923349
"HBEGF-CD82",-0.0045782129382965,0.0534862593357525,0.155747144525115,0.42937380631769
"HBEGF-CD9",0.0500660860228323,0.00769159348014661,0.40376150279414,0.212878175380908
"HBEGF-EGFR",0.0420591354624118,0.0414505654871994,0.329032085444176,0.345535952614015
"HBEGF-ERBB2",0.0340475760374318,0.0793692760182482,0.444283406887766,0.427670586455134
"HBEGF-ERBB4",0.0988616905861062,0.0239618986507654,0.451321132652159,0.522708722585937
"HBEGF-PRLR",0.0322597394272976,0.0324712853680839,0.484804744524859,0.406896945832005
"HGF-CD44",0.118337360281266,0.085415844949476,0.518035124215801,0.455732886797739
"HGF-MET",0.0183963395845627,-0.0101893801415673,0.47417006720849,0.353549804963148
"HGF-SDC1",0.0589500915079012,0.0895328059183821,0.387433769581775,0.479699060777661
"HGF-SDC2",0.0618767021028846,0.0736540368174153,0.432603444799709,0.452454988373909
"HGF-ST14",0.0537607391825272,0.00275309855425658,0.492597729682268,0.483201175218664
"HMGB1-SDC1",0.196536340080903,0.211825870887566,0.364828864303684,0.399806186811047
"HMGB1-THBD",0.259924153322151,0.240727373665193,0.378670596116377,0.508683053634147
"HP-ASGR1",-0.029097159769523,-0.092176578559292,-0.0208514215119559,-0.173414744693945
"HP-ITGAM",0.0218239789289027,-0.083400993745484,0.0535695749345021,-0.190655056438611
"HP-ITGB2",0.109514056997791,-0.302334753002431,0.34764081380443,-0.123803504126246
"HRAS-CAV1",0.0613374347906893,0.315728551535744,0.264155573036188,0.536856616962351
"HRAS-GRIN2D",0.276941113031165,0.287452584515636,0.435498942291248,0.533109708070372
"HRAS-INSR",0.185549462319701,0.168037682767088,0.442266304229798,0.464414864266203
"HRAS-SDC2",0.0632007024603934,0.00492230198948372,0.280837378828731,0.163905553461854
"HRAS-TLR2",0.0198552621982967,0.189532503628912,0.459556611565116,0.578478388009356
"HSP90AA1-CFTR",0.210518548272207,0.0804959884461271,0.53594881307753,0.57322662743445
"HSP90AA1-EGFR",0.0325281207625228,0.185418184141746,0.306350589145944,0.443460942436845
"HSP90AA1-FGFR3",0.219014041035839,0.10696207946316,0.341549994380991,0.33462358578927
"HSP90B1-ASGR1",0.159515272566841,0.118137875294031,0.365134307092028,0.450453588304494
"HSP90B1-ERBB2",0.194763104122748,0.129655654473026,0.47481408474358,0.334488842948607
"HSP90B1-LRP1",0.426390896872243,0.0051077070230136,0.559909747184664,0.306754495327015
"HSP90B1-TLR1",0.5108412044146,-0.0144617640769123,0.531808754551606,0.330479450431979
"HSP90B1-TLR2",0.0612324174227136,0.0399288590230185,0.466786868916275,0.412619157994088
"HSP90B1-TLR4",0.1342720245769,0.027331222978079,0.470030267333909,0.475483831789632
"HSPA1A-GRIN2D",0.086247464020269,0.0059201212276875,0.466095841052713,0.365045745001319
"HSPA1A-TLR4",0.0446044216996141,0.00110671962866358,0.501199580113745,0.50549385338728
"HSPG2-CHRM3",0.050146055950981,0.18262734527225,0.186430322663358,0.33594653906592
"HSPG2-COL13A1",0.117490085902158,-0.125844415985814,0.375710586821374,-0.000215483602275977
"HSPG2-ITGA2",0.125988544484604,0.0844672415344171,0.413173524579114,0.289172494722262
"HSPG2-ITGB1",0.486623794177561,0.231348853127824,0.655423100883307,0.420581770078239
"HSPG2-PTPRS",0.186003974961117,0.159007993973553,0.300378137666695,0.332001187471554
"HSPG2-SDC1",0.25695342045414,0.15280720944498,0.474988403390402,0.302108905656056
"IBSP-ITGAV",0.268476943185391,0.199651639416521,0.474092183348111,0.40528694814164
"ICAM1-CAV1",0.109741234378423,0.0716161485951817,0.412890853779652,0.41234355253328
"ICAM1-EGFR",0.0762758154845145,0.0788637844812176,0.340922259743968,0.40519888883359
"ICAM1-IL2RA",0.199457984781084,0.0546079931878759,0.229667383497687,0.339085709444028
"ICAM1-IL2RG",0.0978471602658686,0.0140239794574643,0.491315010421608,0.437050882215255
"ICAM1-ITGAL",0.0488628645813138,-0.0269659277825233,0.317053240159956,0.279802328955784
"ICAM1-ITGAM",0.00165550439654246,0.0133224949916646,0.368027004550563,0.288481153099938
"ICAM1-ITGB2",0.168921849622029,0.102109180842407,0.345832824860472,0.412332609896031
"ICAM2-ITGAL",0.0782026531555555,0.0429934991517607,0.257145673493274,0.41369905808285
"ICAM2-ITGAM",0.118500029793117,-0.00810945860659302,0.340415473120778,0.311014183006962
"ICAM2-ITGB2",0.0600917226348865,0.0616500850009379,0.216899157417124,0.455585148291603
"ICAM5-ITGAL",-0.0463843832218093,0.184035468607347,0.217768929492148,0.607217219435802
"ICAM5-ITGB2",-0.0395123928144739,-0.0513004958471736,0.269277555815499,0.237907081772735
"IGF1-IGF1R",0.178636903338279,0.00849373314737495,0.459369478229836,0.253887362166424
"IGF1-INSR",0.0714022769345266,0.180878056344234,0.330197468713537,0.466263948252097
"IGF2-IGF1R",0.321768635192314,0.0886039242245295,0.384025640651836,0.135879884669144
"IGF2-IGF2R",0.521552005267937,0.0764728856468098,0.750288719312899,0.145728281708292
"IGF2-INSR",0.177828962804644,0.208355365377984,0.250824824894484,0.489239657881898
"IGFBP4-FZD8",0.278471931451432,0.0109066917825855,0.518518964747695,0.216001648106739
"IGFBP4-LRP6",0.37631474571496,0.208286317361309,0.517659176952614,0.369597482045376
"IL10-IL10RB",0.0986748530797286,0.144711133950321,0.445338129785093,0.507258726241735
"IL15-IL15RA",0.0363975292254631,0.0158224780933167,0.506887687044099,0.494028776144103
"IL15-IL2RA",0.0819274891706481,0.028407651419128,0.233817337945565,0.548281303311522
"IL15-IL2RG",0.0417362133505367,0.00360347325986658,0.545516169486767,0.410805554167782
"IL16-GRIN2D",-0.00908338752404879,-0.027691297796316,0.247210440122637,0.191419063903328
"IL16-KCND1",6.7193660755498e-05,0.0854942828547992,0.369907685213109,0.371538162845243
"IL16-KCND2",-0.0189829492197584,0.0484439073567516,0.228287352298786,0.346740307539784
"IL16-KCNJ10",-0.0277533040869882,0.0625229354287042,0.188990335003286,0.345520501391189
"IL16-KCNJ15",0.0759365027760277,0.0661427715630448,0.441502675306501,0.300826405374914
"IL17B-IL17RB",-0.0214944011910915,0.0312854803823649,0.1436654979021,0.359887131231285
"IL18-CD48",0.00641529345268966,0.0461990482990706,0.338955197107922,0.286008673635652
"IL18-IL1RAPL1",0.0878378933543187,-0.0277306311780094,0.424888868293759,0.0943999714926263
"IL18-IL1RL2",0.0033325030410307,0.0359196866239579,0.389710154393973,0.286396574059531
"IL1A-IL1R1",-0.00411895545615044,0.0148217034988927,0.389549314009802,0.494916373664077
"IL1A-IL1R2",0.00374195612294111,-0.000958800355519665,0.467263009400594,0.434384466067706
"IL1A-IL1RAP",0.036313130398766,0.045425412342201,0.398707219953254,0.345889524847584
"IL1RN-IL1R1",-0.0437367818724009,-0.088976760572207,0.126781814924689,-0.0115239124458137
"IL1RN-IL1R2",-0.0196330696682468,-0.0790061371364505,0.0350531998982353,-0.123444925221755
"IL1RN-IL1RL2",-0.022709107642933,-0.0506801785966583,0.159829620740986,0.0229740475458196
"IL2-CD53",0.030000136961874,0.152088989987621,0.300850312036988,0.564531088594322
"IL2-IL2RA",0.0107788564714297,0.128671269910411,0.225381231248743,0.469747222986654
"IL2-IL2RG",0.0562024258967739,0.218631952259275,0.506938262017091,0.634135887088048
"IL2-NGFR",0.273687568686095,0.816875230858071,0.587045667381611,0.730844407453229
"IL34-CSF1R",0.193135336748682,0.249707231823058,0.490747682296964,0.449796493320819
"IL4-CD53",-0.0312536221470006,0.304952815693862,0.218580028583016,0.527148518503747
"IL4-IL13RA1",0.0291280373455638,-0.0473888634351589,0.387003153805307,0.0463970021979018
"IL4-IL2RG",-0.0110905225531639,0.205433017472672,0.341644192989688,0.462677583833956
"IL7-IL2RG",0.346574827536088,0.0151451479562421,0.436201657994381,0.211235033941745
"IL7-IL7R",0.777814446477088,-0.0330442775492134,0.516594704376164,0.175877793920393
"INHA-ACVR1",0.0832099256772284,0.0474149887795328,0.464445195050727,0.452636740826841
"INHA-ACVR1B",0.10452364512126,0.0358737967548968,0.522045763975261,0.366659165603615
"INHA-ACVR2A",0.13071323152542,0.0982093256854023,0.524385773221099,0.550645089586525
"INHA-ACVR2B",0.0483854303953519,0.122558263965476,0.510511735217416,0.519411818316836
"INHA-TGFBR3",0.0367761342572612,0.157794312354362,0.352165899838434,0.461925928356513
"INHBA-ACVR1",0.0996658401867049,0.0512927677257397,0.423441385421795,0.378636991667533
"INHBA-ACVR1B",0.0372132038199828,0.00271030315588846,0.360785891386688,0.34753216062152
"INHBA-ACVR2A",0.0199452679194581,0.0311172488903519,0.365721983485479,0.393317802495122
"INHBA-ACVR2B",0.0243720038874447,0.00192717127893727,0.374125274131273,0.25756752379408
"INHBA-BAMBI",0.0905018380123623,0.0127836179971769,0.34251728979594,0.327640924465787
"INHBA-ENG",0.0566432985200165,0.0285059865026194,0.362001052514567,0.31991559731576
"INHBA-TGFBR3",0.0300770589344981,0.0317354226821105,0.305920100887911,0.315855024280851
"INHBB-ACVR1",0.0344675744209692,-0.00627025132061485,0.453355705971282,0.295571316004373
"INHBB-ACVR1B",0.121324656658725,0.206717718917727,0.565707587334115,0.503924195924103
"INHBB-ACVR1C",0.13916625949725,0.00779246528051741,0.703545549911025,0.291594204191707
"INHBB-ACVR2A",0.150073285385341,0.176617147300212,0.560730569556156,0.502121258587571
"INHBB-ACVR2B",0.05048891737628,0.120090147342784,0.578324700868482,0.532033501195999
"ITGB3BP-ITGB3",0.0130674480833112,-0.0023791544777103,0.319849778248981,0.335174822511979
"ITGB3BP-ITGB5",0.120391604749663,0.14956443662767,0.37192534903562,0.402564044004021
"JAG1-NOTCH1",0.124772251120619,0.0414725843989147,0.428580299820157,0.447077163175239
"JAG1-NOTCH2",0.0762379218524604,0.083010216221572,0.385347224741183,0.421506312859079
"JAG1-NOTCH3",0.184628252391761,0.149108433142009,0.480526611977793,0.356925896860951
"JAG1-NOTCH4",0.116834959261625,0.102489392013623,0.429465108170351,0.438344389171424
"JAG2-NOTCH1",0.184747051929427,0.114878535400806,0.481492818560014,0.400686143656682
"JAG2-NOTCH2",0.0719784729741751,-0.10211799450479,0.344753815593514,-0.055370403152232
"JAG2-NOTCH3",0.103177748449908,0.019607731605628,0.495691751403959,0.0888004507902146
"JAG2-NOTCH4",0.0635202599810153,0.141758046560003,0.497931895183104,0.31427603724506
"KNG1-BDKRB2",-0.153220032189696,-0.328760046597195,-0.128636117461114,-0.021855801489773
"KNG1-CD93",-0.144174740027438,-0.11116517744334,0.0206480121914456,-0.0938409951747762
"KNG1-GP1BA",0.179617739728092,-0.328878987670411,0.273044690095765,-0.0225462017716318
"KNG1-GPR135",-0.107790683966088,-0.0805120540419908,-0.231010816333767,-0.217245782530746
"KNG1-ITGAM",0.0076935588146472,-0.0680470789125346,0.0563661346113746,-0.151111722841426
"KNG1-ITGB2",0.0770340236705561,-0.0876738951864678,0.291343277742087,-0.0925842124182516
"KNG1-PLAUR",-0.0962805730229732,-0.0672951489388161,-0.127103976091756,-0.0985549017259005
"KNG1-SDC2",-0.181383533870399,-0.172966075428728,-0.1287819941525,-0.296388153183779
"L1CAM-CNTN1",0.770449278464572,-0.0496104233959018,0.586085990058388,0.289217600483595
"L1CAM-EGFR",-0.0604230037049228,0.0105897290826108,0.230421065258019,0.34981295628443
"L1CAM-EPHB2",0.257860748914957,0.0666770115610738,0.488932703244438,0.434177714725343
"L1CAM-ERBB2",-0.0287570983338008,0.0952795212858664,0.284162046914669,0.391182531442123
"L1CAM-ERBB3",-0.0299740691297092,0.137411881427195,0.283721540652296,0.461157195131889
"L1CAM-FGFR2",0.175009619292942,0.150707358114089,0.402712703661728,0.557357709508381
"L1CAM-ITGA5",-0.0789248884469711,0.0519029468685777,0.181864103700982,0.35431515882022
"L1CAM-ITGAV",-0.0184416707949289,-0.137181262182602,0.320459394051431,0.198120163926896
"LAMA1-GPC1",0.0438201452967163,0.0149689774368496,0.347352980794901,0.445034764391608
"LAMA1-ITGA1",0.049876588796369,0.0342144733954763,0.239521981740986,0.295722253904004
"LAMA1-ITGA2",0.0158752398096455,0.0280560587127416,0.36103676512807,0.264897478377067
"LAMA1-ITGA3",0.0559917101403708,-0.0787517782200669,0.421321711482155,-0.0980394979707002
"LAMA1-ITGA6",0.0108799446656089,-0.00165683384805813,0.35199314695197,0.19962709269608
"LAMA1-ITGA7",-0.0276447376864095,0.0280542025778746,0.204256943336748,0.359506224527035
"LAMA1-ITGB1",0.0508092411170969,-0.00379573303306511,0.26007385953584,0.196888660896399
"LAMA1-ITGB4",0.0148114119191442,-0.0279007346225274,0.341775572629618,0.0577482455374064
"LAMA1-ITGB8",0.0406869524905257,0.0672959701613675,0.415697067242155,0.391349126197717
"LAMA1-NT5E",0.0296649943740845,0.0164801047415083,0.357466489088651,0.307096898043725
"LAMA1-SDC2",0.0534960927134787,0.154483971476172,0.240591610774658,0.408564471461008
"LAMA1-SDC4",0.0138051238533864,-0.0109321516806211,0.0810476533877582,0.261265846676884
"LAMA1-TMPRSS6",-0.0799802189918737,0.00702343166104434,-0.102443097862285,0.288773472132232
"LAMA2-ITGA1",0.0566840130673183,0.0656319073112413,0.446434920355901,0.402847735985323
"LAMA2-ITGA2",0.0532132829901904,0.046283831230219,0.489201010299228,0.451007446026297
"LAMA2-ITGA3",0.00761077144723518,0.0925459067911139,0.39581852487843,0.435282845650509
"LAMA2-ITGA6",0.0952473898015693,0.111148608164007,0.459792706956225,0.361802076322192
"LAMA2-ITGA7",0.285909236807623,-0.0499593295057189,0.516478867788146,0.242612719940824
"LAMA2-ITGB1",0.236273088924833,0.00175509768820299,0.650879788446226,0.350455131646782
"LAMA2-ITGB4",0.0524584498254191,0.00808888704558146,0.483691224866407,0.385655773813783
"LAMA3-SDC2",0.142111570357054,0.0853049588726265,0.437046679450797,0.441985417200707
"LAMA4-ITGA3",0.0688000148700538,0.0478597156521395,0.378977106455474,0.271705979901477
"LAMA4-ITGA6",0.216955642136956,-0.00861824642249835,0.474991673322814,0.240824277894938
"LAMA4-ITGAV",0.275642163016105,0.0870649559646567,0.534609055986336,0.355046930953756
"LAMA4-ITGB1",0.500312983178676,-0.129515663301679,0.713030663801252,0.160925064581478
"LAMA5-BCAM",0.375415954804634,0.165028994096282,0.63735251389754,0.435443905118658
"LAMA5-ITGA2",0.0823137127932499,0.004695648628847,0.424032838157764,0.0902429762563904
"LAMA5-ITGA3",0.109313927792957,0.0685167546046813,0.439701226462234,0.280414894588461
"LAMA5-ITGA6",0.188073975031678,-0.0513483626296441,0.465689486542554,0.232085614022657
"LAMA5-ITGB1",0.298796844472161,0.0388768169335918,0.559876151583567,0.382913070233258
"LAMA5-ITGB4",0.0676010921524815,0.0344223417220021,0.431077577699591,0.385172814928908
"LAMA5-SDC1",0.169843773044226,0.156334420084899,0.367270019296599,0.415247376795883
"LAMB1-ITGA1",0.257562666271909,-0.0285736630266593,0.539354826672236,0.234537863470982
"LAMB1-ITGA2",0.151490480433667,0.0963372145719241,0.531994606390525,0.424945668930393
"LAMB1-ITGA3",0.08893556205829,0.122369819755102,0.442764774343644,0.4346783014853
"LAMB1-ITGA6",0.298406693415155,0.0386583280168007,0.534931437393959,0.304584065442148
"LAMB1-ITGA7",0.255671810719416,0.189023570918176,0.496518734429761,0.534528431730413
"LAMB1-ITGAV",0.316141141954268,0.217386197180355,0.562677436737689,0.426515229935446
"LAMB1-ITGB1",0.59078440786825,-0.0614685818988791,0.7529749413171,0.242272000505409
"LAMB1-ITGB4",0.131389356885837,0.0180500066823396,0.50364089896169,0.368460387795629
"LAMB3-CD151",0.0544353306195493,0.0431951618455159,0.474214734631178,0.338138342731429
"LAMB3-COL17A1",0.0790874153505439,0.0763180360388442,0.587139549509423,0.533068288350465
"LAMB3-ITGA2",0.0301981157310893,0.0225566213705103,0.53438953492206,0.541651819025202
"LAMB3-ITGA3",0.0791122178621655,-0.000425312618948586,0.527368654671802,0.356409383511985
"LAMB3-ITGA6",0.116556041422577,0.0752742131921507,0.507287466146192,0.468347662951129
"LAMB3-ITGB1",0.141307326690871,0.152210529301619,0.51017081023967,0.69160391495276
"LAMB3-ITGB4",0.0403132740583974,0.0589163306187634,0.540724176191558,0.423959907324702
"LAMC1-ITGA1",0.28593011351993,0.214018349687485,0.555836117484054,0.465555851415365
"LAMC1-ITGA2",0.147922562603626,0.188544871485774,0.545745019765212,0.515064544360701
"LAMC1-ITGA3",0.151580392140913,0.117722136027643,0.507969951587575,0.480125099469689
"LAMC1-ITGA6",0.284295654224914,-0.107305260661212,0.554088826782334,0.120091496288028
"LAMC1-ITGA7",0.187562668301417,-0.0179575861571405,0.469240049712349,0.267921883335114
"LAMC1-ITGAV",0.284894281652441,0.332648247579344,0.564102736042027,0.625826645096011
"LAMC1-ITGB1",0.558479515019379,-0.137566712522172,0.735450115526952,0.134725245683367
"LAMC1-ITGB4",0.119860916903293,0.164426456131438,0.534590388007018,0.473277542698522
"LAMC2-CD151",0.10493981611838,0.0674960934682457,0.435659688768727,0.466734333830399
"LAMC2-COL17A1",0.128600053253154,0.0917570696619803,0.546210051299355,0.436873381808984
"LAMC2-ITGA2",0.0356679842149948,0.18768017399958,0.444625360739205,0.562601420722783
"LAMC2-ITGA3",0.100881412496901,0.0176764706199661,0.497946896203153,0.423772561731571
"LAMC2-ITGA6",0.145046453252896,0.00496139771879654,0.476193628370109,0.469389319561454
"LAMC2-ITGB1",0.189335887776874,0.192040857835445,0.483766381698107,0.593486126463964
"LAMC2-ITGB4",0.061024065857831,-0.00412440527123166,0.471447176594084,0.438448440239626
"LAMC3-ITGA2",0.0211287950998973,0.000680496070172628,0.454996963557915,0.359859240692099
"LAMC3-ITGA3",0.0209010460788359,-0.0651344173333483,0.475082877773108,-0.182290898656552
"LAMC3-ITGA6",0.0299722220265338,0.0512980658528096,0.425282671144592,0.369529431061889
"LAMC3-ITGB1",0.0876049900034419,0.113565854154978,0.41647291680953,0.494782388635431
"LAMC3-ITGB4",0.0419143602043349,-0.00136913815779683,0.509422756363962,0.410563768462828
"LGALS3BP-ITGB1",0.0508921596276075,0.0667817474913277,0.287879337810245,0.346216349874467
"LGALS3BP-VANGL1",0.0434143126002497,0.0195222865635356,0.329422924247895,0.320394519116196
"LIN7C-ABCA1",0.0840556750429899,0.512148782490571,0.396426037310143,0.544864361310792
"LIN7C-HTR2C",0.236452209058602,0.0751439852395665,0.628470961256045,0.470687000150538
"LIPC-LRP1",0.200722464960542,0.0649588271239998,0.403651239549325,0.329681319697981
"LPL-CD44",0.170840504650844,0.103950931806822,0.196857628911373,0.106705373506505
"LPL-GPIHBP1",0.0971267905361908,0.0106658311645722,0.212808018406293,0.051486989349719
"LPL-LRP1",0.00464748917500845,0.0194783712318486,-0.00468139900442173,0.120705236007643
"LPL-LRP2",0.0190098736467435,0.0374557788210653,0.12398406659101,0.0995050188096911
"LPL-SDC1",0.0660978748433813,-0.0790129124534174,0.132225772987817,-0.126946174928801
"LPL-VLDLR",0.105629386885219,-0.131061912364299,0.147623409124158,-0.196779210831831
"LRP1B-PLAUR",0.0307454880848474,0.386150985270871,0.511725392465911,0.574157503064411
"LRPAP1-LDLR",0.0963895656189371,0.0953145442927194,0.351010945608232,0.400409622598467
"LRPAP1-LRP1",0.2702562329941,0.160007675364959,0.448401263684936,0.375315435568173
"LRPAP1-LRP2",0.0654841457722207,0.0792299691915847,0.419736960840075,0.49976679535605
"LRPAP1-LRP8",0.159443427885529,0.0715475523868725,0.325694707884164,0.343376901167262
"LRPAP1-SORL1",0.127448444051014,0.105919067567421,0.452349417361919,0.391360613759637
"LRPAP1-SORT1",0.184660302646026,0.0355474177536866,0.487245869431065,0.168202826312772
"LRPAP1-VLDLR",0.103471905635063,0.0588042404515016,0.427471915648968,0.288431137514293
"LTBP1-ITGB5",0.210743841486237,0.149180537286047,0.502569521557511,0.465713774698939
"LTBP3-ITGB5",0.344385421504295,0.230209934546643,0.529165524603226,0.44131278981942
"LTF-GP9",0.108615844576784,-0.0332281938765783,0.30885984915307,-0.00767502958349743
"LTF-GPR162",-0.102955513837429,-0.0959441443327005,-0.204989608074746,0.161667329274428
"LTF-LRP1",-0.0946904983117703,-0.0594183138817202,-0.0838359596583827,-0.0712915889634491
"LTF-LRP11",-0.0416162908298979,-0.0269568302439471,-0.0090532240825776,0.0505949796654227
"LTF-TFRC",0.252827570776669,-0.0714744988139787,0.458915892967673,0.0804082906093887
"LY86-CD180",0.0820362657889645,0.0372030954780429,0.449219846051873,0.323672945641756
"LYPD3-AGR2",0.00237976805800906,0.00382429298636853,0.483251511948369,0.272490479187116
"MATN1-ITGA1",0.0024770189794074,-0.0043424021379466,0.130695991474175,0.166562347798966
"MATN1-ITGB1",0.00840509596796844,-0.0757562425027465,0.230308211870961,-0.264621130177978
"MATN1-PTPRD",-0.000896034271570862,-0.0757562425027465,0.226226855221091,-0.264621130177978
"MDK-ALK",-0.0469806819020451,-0.122177884677216,0.254654401811847,0.209802393917323
"MDK-ITGA4",0.0414014219555738,0.656807096151966,0.130547344625525,0.720001339013885
"MDK-ITGA6",0.25397549586502,0.276038129702774,0.490347910067424,0.537012353129854
"MDK-ITGB1",0.581066159096068,-0.16474684620434,0.727456357369018,0.119190547685193
"MDK-LRP1",0.429867261229887,0.189123910910414,0.555289060219476,0.414566923560238
"MDK-LRP2",0.070994753028489,0.318480510343942,0.387945949786447,0.592032257426994
"MDK-PTPRB",0.17113288596577,0.449599284886037,0.473975303121948,0.676856275897034
"MDK-PTPRZ1",-0.125327005904161,0.0746073650950505,0.197355164944426,0.311335803875667
"MDK-SDC1",0.301565382565557,-0.14918024228803,0.526506220181677,0.150887989495169
"MDK-SDC3",-0.00079134050866729,0.19059808032117,0.208585105249386,0.462621649220992
"MDK-SDC4",0.157260831280353,0.402764239566708,0.334254752404109,0.566066989158952
"MDK-TSPAN1",0.0744568482361015,0.108221270735476,0.552230561357191,0.478038407616124
"MFAP2-NOTCH1",0.070553650555484,-0.274092801259523,0.370105119146036,-0.247163457734311
"MFAP5-NOTCH1",0.122203250686107,0.186518676500136,0.410878456012679,0.471948214505158
"MFGE8-ITGAV",0.120939111140726,0.0431944945441799,0.350870930337201,0.264643566463173
"MFGE8-ITGB3",-0.0120150929263819,0.0676225255747186,0.153087482336156,0.309547406948579
"MFGE8-PDGFRB",0.120372622829317,0.118850134710883,0.330572303957151,0.29464917048776
"MFNG-NOTCH1",0.131629491009383,0.00379186504744472,0.456784759590601,0.452551298929354
"MFNG-NOTCH2",0.0838238635381956,0.0170233164491976,0.376469671845256,0.496288234626507
"MIA-CDH19",-0.0116902182894249,-0.0205343988109226,0.212736713201135,0.194476883047132
"MIA-CDH7",-0.054089826952581,-0.0399114163108365,0.122716008922315,0.172629663685501
"MMP13-LRP1",0.0551960841183275,0.0504586363905978,0.451563923446556,0.579272000617039
"MMP2-SDC2",0.316410681972519,-0.119213484638346,0.5325169842329,0.0759126394454784
"MMP9-CD44",0.119650945605585,0.130044510532041,0.27348092400037,0.474837493376296
"MMP9-EPHB2",0.0534925540828511,0.0430907009831071,0.366204989790699,0.276354155550592
"MMP9-ITGAM",0.126038729709836,0.00395291654830671,0.313544105979071,0.333903006569042
"MMP9-ITGB2",0.12502900031205,0.0981831876309765,0.216989329939789,0.383885547555589
"MMP9-LRP1",0.151327431564228,0.0207536601557774,0.350550884189936,0.39514424950101
"MST1-MST1R",-0.0695708460726966,-0.0783265460027896,-0.0556783520070344,-0.121636334637833
"MSTN-ACVR2B",0.0841621443525773,-0.0586235277890238,0.431183509881814,0.113230887318389
"NAMPT-INSR",0.0965343309514867,0.0256682592527939,0.401006121956427,0.104783518028241
"NCAM1-CACNA1C",0.162537729221269,0.39405994519131,0.531595678684199,0.480212656443646
"NCAM1-FGFR1",0.106715357172815,0.2661944633121,0.401426830180991,0.521786693275287
"NCAM1-FGFR2",0.365469633812247,0.344047997730634,0.548268086633305,0.582797136315927
"NCAM1-GFRA1",0.228119067895074,0.0935169068573464,0.505091375214405,0.362678043635505
"NCAM1-PTPRA",0.296992844631123,0.59583425560498,0.512579373623752,0.636324428683684
"NCAM1-ROBO1",0.324873709868796,0.557165094190737,0.528615728103778,0.645368328766931
"NCAM1-ROBO3",0.439470483226702,0.251633220503598,0.494624652926277,0.60098591016987
"NCAN-CDH2",0.281787910270433,0.0346223170248155,0.427277071807078,0.250633345835939
"NCAN-SDC3",0.463093810915028,0.183658301911222,0.477281312209451,0.363184293957146
"NDP-FZD4",-0.0398198120097177,0.0445091890352504,0.236829053417703,0.426538956848089
"NDP-LGR4",0.0242772844062747,0.200711568847682,0.344425481060029,0.545060409013631
"NGF-KIDINS220",0.00939051135490557,0.0395843268736122,0.42523715186528,0.629726021723764
"NGF-MAGED1",0.0599495855624509,0.0405803075691519,0.474924675877335,0.404591019900965
"NGF-NGFR",0.0239486670649572,-0.0414158246942978,0.428838580924773,0.212308976985664
"NGF-NTRK1",0.0821903911096478,0.100211273292045,0.642820224160977,0.40752610307736
"NGF-SORCS3",-0.0149992285586874,0.0206170845523595,0.312432169565501,0.494833151724264
"NGF-SORT1",0.0266868405947059,0.0317757800867567,0.460508129326651,0.442828849995309
"NID1-COL13A1",0.155299657221962,0.102771721089703,0.468957883049437,0.419866635647732
"NID1-ITGA3",0.04045148165978,0.0539896178522658,0.375403330934484,0.360922235809512
"NID1-ITGAV",0.276436673002357,0.393997484456669,0.515050038852714,0.609423387358045
"NID1-ITGB1",0.460895928653023,-0.0963560725103167,0.668480017547365,0.0869128420700804
"NID1-ITGB3",0.0842667909947578,0.0173492630863676,0.338666915704218,0.291435134457517
"NID1-PTPRF",0.156238682611874,-0.106745269665994,0.388429392831313,0.11184427123418
"NID2-COL13A1",0.177276644077821,0.0193226475400478,0.455624917337634,0.32819303947912
"NLGN1-NRXN1",0.628641139651009,-0.0441900273737282,0.54790476031142,0.175225434457206
"NLGN1-NRXN2",0.662250045070028,0.00282173640430278,0.593538273066909,0.365286120429076
"NLGN1-NRXN3",0.548103476278057,0.10330021883002,0.512479729514592,0.428679059817573
"NLGN2-NRXN1",0.352993216747064,0.106424896830297,0.546229527872893,0.456343012197367
"NLGN2-NRXN2",0.42228379273914,0.0874238559400889,0.605278541056739,0.362701788566582
"NLGN2-NRXN3",0.303013648920315,0.0689133599947392,0.50702821132651,0.317427054046945
"NLGN3-NRXN1",0.747162541172154,0.1228798064914,0.593984845067797,0.508054787710368
"NLGN3-NRXN2",0.845352935939796,-0.14483899149143,0.683231520253529,0.0304858438764583
"NLGN3-NRXN3",0.591884363173187,-0.0439660430895312,0.542354932810038,0.205870498742412
"NMB-NMBR",0.115326350514891,0.0121810489948619,0.644622981206657,0.482474015350269
"NOV-NOTCH1",0.0571125824003694,0.094431773648369,0.354136219823142,0.351648666644451
"NOV-PLXNA1",0.0896196058801287,-0.0349631182693812,0.368499711582669,0.156828257953433
"NPNT-ITGA8",0.158543140310681,-0.0421049698923499,0.46637741090338,0.204814337425647
"NPNT-ITGB1",0.273733880164701,0.0540546911832962,0.529130549936811,0.479523308197747
"NPPA-NPR1",0.0302103933734503,-0.0554699569056175,0.218510302543996,-0.0258150909441962
"NPPA-NPR3",0.154706017733942,-0.0410054061760338,0.309547931151812,0.0107269038278846
"NPPC-NPR2",0.0535561890470843,-0.0452242561241544,0.432281372197503,0.332567446889551
"NPPC-NPR3",-0.0349191537049181,0.165073655695305,0.178177541186198,0.555322924447565
"NPY-FAP",-0.04313180822349,0.0227676464360947,0.151939906720667,0.368444545435341
"NPY-MC4R",0.0141512479272516,0.207713931727532,0.4637544009325,0.451724958735142
"NPY-NPY1R",0.0153409457651128,0.028205697749984,0.402122469248702,0.450514411700806
"NRG1-ERBB2",-0.0103675901499981,-0.0605119673787654,0.321611200298469,0.160419248823561
"NRG1-ERBB3",0.00464116933265172,-0.0752021669508179,0.3428090500499,0.170916478324751
"NRG1-ERBB4",0.191775647518822,0.0161999679554224,0.438319472046672,0.383601183673966
"NRG1-GPC1",0.147510067217374,0.52842146092976,0.430546797630759,0.545283966592933
"NRG2-ERBB2",0.00572869792050292,-0.00544683702430838,0.416995921250449,0.332233040968483
"NRG2-ERBB3",0.0124680722801324,-0.00630735675035125,0.457765468704023,0.394090388528126
"NRG2-ERBB4",0.0944470394565088,0.0367117958852055,0.445395947072161,0.456075594974395
"NRG3-ERBB4",0.232639426533808,0.66440092294321,0.537961192966033,0.590047122816865
"NRG4-EGFR",0.0156813286586083,0.00394387842084824,0.28672845241232,0.130124562316752
"NRG4-ERBB2",0.0356886880578666,0.0570175623915507,0.35400145998134,0.338828414496219
"NRG4-ERBB4",0.0654151826349547,0.0392288058808849,0.331143586055174,0.408463856935825
"NRTN-GFRA1",0.0220839324366042,0.0757754652523968,0.314995992257732,0.370423047997895
"NRTN-GFRA2",0.0280798161611874,-0.00544313467074224,0.283495634623969,0.241630722017433
"NRTN-RET",-0.0105193313877891,-0.0874743708876767,0.248157210495453,-0.0809695980214616
"NTF3-NGFR",0.127343422710896,0.0438939767236208,0.446825384857388,0.508208042898351
"NTF3-NTRK1",0.12862862566999,0.128487524341036,0.73295154532412,0.732905411431926
"NTF3-NTRK2",0.0446111541477261,0.0561400415719356,0.436658030693509,0.419853295848668
"NTF3-NTRK3",0.0924523873116449,0.0295216518073865,0.410108284610993,0.467526064253509
"NTN1-DCC",0.158821953308298,0.190032597489432,0.441675669421914,0.370740934605329
"NTN1-NEO1",0.177146326539441,0.0234472232878142,0.504348600312532,0.424456819324982
"NTN1-UNC5A",0.0977761318162257,0.178670511241789,0.523507036997222,0.502944110846868
"NTN1-UNC5B",0.0444528722609192,0.0837243912042739,0.340249566179705,0.473498168981506
"NTN1-UNC5C",0.0546829754637436,0.0942856111005519,0.338479763427428,0.380395232539957
"NTN1-UNC5D",0.106209560663581,0.100663313070426,0.461226587844555,0.456019071012318
"NTN4-DCC",0.0436613362630522,0.0677400415360921,0.390764897807913,0.443872179539866
"NTN4-UNC5A",0.0274580606112831,0.125196413761458,0.564827840753387,0.609690702987253
"NTNG1-LRRC4C",0.365306567350739,0.082741456741564,0.49745646294321,0.353184438326513
"NTNG2-LRRC4",0.0166579271134267,0.0273041179146095,0.556041550630922,0.61004563254877
"NTNG2-LRRC4C",0.0434783837129045,0.0619168094732144,0.379210595890503,0.324979716064262
"NTS-NGFR",-0.00159466094051093,0.0151811159800658,0.367052902498144,0.41852493904561
"NTS-NTSR1",0.0983394940602619,0.0979214333900888,0.5672592870492,0.44635653059543
"NTS-SORT1",0.0237062248093429,0.0095209754146296,0.432358771413139,0.396803615111567
"NUCB2-ERAP1",0.0460580101381837,0.112169979721304,0.301189385133303,0.365595353380148
"NXPH1-NRXN1",0.568705819683181,0.0231117386583298,0.483025656356774,0.423518659201382
"NXPH1-NRXN2",0.624167839120585,0.32664606542339,0.534492337375102,0.459050489207061
"NXPH1-NRXN3",0.444682487983289,-0.0609808874381273,0.461184290896381,0.0738107761870209
"NXPH2-NRXN1",0.265638695082582,0.176287867095033,0.57044991118387,0.5604133173586
"NXPH3-NRXN1",0.283773020877401,0.368747100739897,0.473936365682883,0.623506809205461
"NXPH3-NRXN2",0.336665055716566,0.273800775020297,0.567564368308186,0.447517118436473
"NXPH3-NRXN3",0.242383534599561,0.194782401745086,0.472383689683544,0.364224739440023
"OLFM2-ROBO2",0.510029057090733,0.307107478448713,0.494568315341077,0.549653315149237
"OSTN-NPR3",-0.0209490293500661,0.0469879314322274,0.269249249255376,0.382639400625889
"P4HB-GPR162",-0.123893892998797,0.108864476472719,0.209320356418885,0.353897089178956
"PAPLN-SIRPA",0.0646532136685962,0.0726440557388917,0.377468106158977,0.470483496315007
"PCSK9-VLDLR",-0.096820642775709,-0.131918111295301,-0.0294862170053847,-0.0477616552800298
"PDAP1-PDGFRB",0.154141361362913,0.0455572363116704,0.470234109537215,0.150242746406822
"PDGFA-PDGFRA",0.136068228738575,0.0222070071484572,0.412583897438734,0.306799061745151
"PDGFA-PDGFRB",0.078055046535152,0.182248019984831,0.441672514441254,0.409827968221639
"PDGFB-ART1",0.0776593759116818,0.0242494771864876,0.351347740671543,0.304374915545161
"PDGFB-ITGAV",0.108158873435076,0.0562107612799456,0.468919306183882,0.494547677286882
"PDGFB-LRP1",0.112947790403178,0.142223309075889,0.398459423436274,0.410249946061362
"PDGFB-PDGFRA",0.0938205848175358,0.0401151260045277,0.408088839411829,0.389801272680635
"PDGFB-PDGFRB",0.10376721788578,0.0329200080602526,0.459285938640956,0.568677689722896
"PDGFB-S1PR1",0.107769651925262,-0.0786686574294232,0.485770927126197,0.0212795691459529
"PDGFC-FLT1",0.0776036077858673,0.101831851750352,0.357455337749991,0.339246595450865
"PDGFC-FLT4",0.0273964412479593,-0.0310706606708134,0.368043037466154,0.285897753046048
"PDGFC-KDR",0.0842873418587147,0.0847580481079093,0.3501031650946,0.435174899345161
"PDGFC-PDGFRA",0.222087728538816,-0.0378084089054978,0.512298259825657,0.251903237463899
"PDGFC-PDGFRB",0.131868032452543,0.102880196545908,0.437495702569122,0.396428848964221
"PDGFD-PDGFRA",0.150258896860939,0.123401271921437,0.481902423528531,0.495120712045126
"PDGFD-PDGFRB",0.0832900034183789,0.0637803635789488,0.441281600357608,0.36754849654189
"PDYN-OPRM1",0.279830285762634,-0.00770399748081385,0.619128962357155,0.462692482614361
"PENK-OGFR",0.108123715090006,0.0948040641893955,0.343214268816316,0.46933579610052
"PENK-OPRM1",0.0273719394031059,0.081203151898679,0.427184127405939,0.338659724190097
"PF4-FGFR2",-0.0341685894164322,0.0107047774707419,0.0466109263682228,0.108100100673794
"PF4-LDLR",-0.0164507069841362,-0.0458286400249851,0.0733488936205662,-0.0350590857132189
"PF4-PROCR",0.0162991388073933,0.0182029280441914,0.180542485772537,0.131172396631684
"PF4-SDC2",-0.0152295148232792,-0.0203284210478311,0.122302847178646,0.114842536853545
"PF4-THBD",0.00517187496080373,-0.0655324851836674,0.169117120628644,-0.0442120742558895
"PGF-FLT1",0.0551916902919878,0.0634496474532333,0.433564252945418,0.520140073380499
"PGF-NRP1",0.0907450056285674,0.108738328732444,0.453680599205718,0.407544848333646
"PGF-NRP2",0.0749135008221609,0.0909187173722406,0.426738844685435,0.532935557095148
"PIGF-FLT1",0.0411186763323597,0.0655461170429869,0.424133675393689,0.525265848224676
"PKM-CD44",0.437035690273252,0.0585340701492677,0.520484971208273,0.399609338618903
"PLAT-ITGAM",0.0281299227806717,0.164771568936002,0.423417276348478,0.529160330123018
"PLAT-ITGB2",-0.0230107393734347,0.0538096006380657,0.148816364779087,0.424566282277806
"PLAT-LRP1",0.305585986790756,0.0276148044814803,0.53134104503339,0.38341850268553
"PLG-F2R",-0.132782836654364,-0.0606076163936964,-0.0173403201394429,0.00105469832245233
"PLG-F2RL1",-0.27348054183555,-0.0609884553859789,-0.222598796221869,-0.0129921762877672
"PLG-F3",-0.0683897533970089,-0.0648201951293024,-0.0617062961051641,-0.0104345186788403
"PLG-FLT1",-0.107395684309328,-0.232902921780849,-0.058021139734897,-0.133770735817822
"PLG-ITGA9",-0.202625742296049,-0.252671660445555,-0.113368690032066,-0.186956411037373
"PLG-ITGAM",0.00365833229463961,-0.100163620171251,0.0487092328283136,-0.0901070155276958
"PLG-ITGB1",-0.302555160146322,-0.379013773628364,-0.123937175538824,-0.214665408162568
"PLG-ITGB2",0.0706864747377911,-0.040520294786452,0.246523541635504,-0.0266314077540064
"PLG-PLAUR",-0.0958810501337315,-0.0742800385113616,-0.112890197490393,-0.117173504882482
"PLG-PLGRKT",-0.173958566385092,-0.160069705812998,-0.187593185493026,-0.131376676518878
"PLTP-ABCA1",0.26183409472163,0.192440648879392,0.406252996012664,0.457044160581426
"PMCH-MCHR1",0.569737289652543,0.0649648974108048,0.978990305954355,0.441390878090815
"PNOC-OPRL1",0.457674921927151,0.0380603178988341,0.515136564230175,0.391928038508997
"PODXL-SELL",-0.028435514331585,-0.0180093813018073,0.114557526306014,0.362815872153005
"PODXL2-SELL",-0.0933255382081506,-0.03187922057516,-0.122383795653048,0.242040313763146
"POMC-MC4R",0.00862964018335982,0.0520358167471455,0.635344806251648,0.468344073850532
"POMC-OPRM1",0.0356174902852379,0.0515448134886344,0.439403594176633,0.355173803544977
"PON2-HTR2A",0.00976103341299184,-7.51337138948872e-06,0.383079495289489,0.318399968907738
"PROC-ITGAM",0.00425827057301035,-0.0255856939857039,0.0680445334843627,0.00478771016570781
"PROC-ITGB2",0.0686922912468838,-0.1201408962239,0.308236998739996,-0.0191479154737054
"PROC-PROCR",-0.0577034517876565,0.390948488192541,-0.0171043389265312,0.737719059217381
"PROC-THBD",-0.145322015004997,-0.105226267915905,-0.116650816387171,-0.0391108444606783
"PROS1-AXL",0.131634014980881,0.147778825760797,0.383279766100664,0.441115007420857
"PROS1-TYRO3",0.0754316396887353,0.117357117074904,0.486802217859175,0.45063264973694
"PRSS23-TMEM222",0.0696637726065987,0.00549616994397079,0.299740884648911,0.258810622992779
"PSAP-CELSR1",0.106726832635246,0.157006374854205,0.453984043258738,0.446490976650476
"PSAP-GPR37",0.117507145108568,0.0865400852894917,0.536295341895521,0.526097082946206
"PSAP-LRP1",0.343483522354614,0.210852607401992,0.512245601580017,0.496462760732137
"PSAP-SORT1",0.180848171614032,-0.22989454940033,0.525178630299877,-0.205787600424356
"PSEN1-CD44",0.233805383518967,0.274754455315291,0.431804636683598,0.616822588032623
"PSEN1-NCSTN",0.120542934183512,0.14131237921003,0.44018059713272,0.332349155812305
"PSEN1-NOTCH1",0.0696284248939957,0.118534797466087,0.403385538460174,0.447824277635835
"PSEN1-NOTCH2",0.128798690251956,0.0911335202297061,0.399542380230092,0.309419681657539
"PSEN1-NOTCH3",0.096665985243223,0.0725922296178162,0.477314632018786,0.373145850065191
"PSEN1-NOTCH4",0.0612482511608824,0.144001589203469,0.48546111499761,0.454479298162521
"PTDSS1-JMJD6",0.103022313216265,0.0696034484879478,0.411136568612059,0.332849816271626
"PTDSS1-SCARB1",0.094079828677313,0.0989491132594557,0.394852233024247,0.368118128732082
"PTHLH-PTH1R",0.0353968225292143,0.0346454718408632,0.307404721079456,0.466327698618145
"PTMA-VIPR1",0.155034792881984,0.243607762529803,0.616266073035897,0.452939604566251
"PTN-ALK",0.0642763946359578,0.0699016073236065,0.451557255145681,0.395482562238652
"PTN-CDH10",0.105950774622329,0.0517735037321218,0.437045803724578,0.390616197989532
"PTN-PLXNB2",0.210745100775567,0.124634527845027,0.4662426980634,0.344705068906141
"PTN-PTPRB",0.00809952441468836,0.0883384162900269,0.343103384142734,0.365482939148302
"PTN-PTPRS",0.343683284219013,-0.01781070442387,0.59491567817409,0.351719797311602
"PTN-PTPRZ1",0.109118177555061,-0.00685801529619917,0.489554982683912,0.0981390243622903
"PTN-SDC1",0.0704675099751507,0.185126443821221,0.27389449718851,0.321969144275557
"PTN-SDC3",0.131467933757811,0.118866947804617,0.41445523567045,0.376953728374419
"QDPR-DYSF",0.139780277498405,0.280127491407704,0.360159074955174,0.439176275434375
"RARRES2-CCRL2",0.0097018247369781,0.0844962164746236,0.237863868659107,0.343120455925417
"RARRES2-CMKLR1",0.0700298427345279,0.011656294239903,0.338661017720596,0.303179759470111
"RBP4-STRA6",-0.0347255129362403,0.00408344124394589,-0.177806417561844,0.101340973804214
"RELN-ITGA3",0.0698683253658521,-0.0415381346057424,0.362681440743612,0.138642125066266
"RELN-ITGB1",-0.0687510846704732,0.0407458260039536,0.122290537125828,0.316473916680719
"RELN-LRP8",0.362990001325304,0.0933680419705052,0.349486903098012,0.287032013784185
"RELN-VLDLR",0.0487749595206989,-0.033689248511077,0.309298922286628,0.154012290044852
"RGMA-BMPR1B",0.118081702520999,0.186688882338568,0.421936795981472,0.516841676239297
"RGMA-BMPR2",0.238041839455021,0.460620649815436,0.552898937251671,0.584038008402423
"RGMA-HFE2",0.172624475018819,0.320756067719645,0.311019003517438,0.496152146250339
"RGMA-NEO1",0.236396091716488,0.129035163114411,0.54661810020938,0.406030392299544
"RGMB-BMPR1B",0.179335526780587,0.0384575752458768,0.447069761527982,0.189389144571468
"RGMB-BMPR2",0.242334183868701,0.119071078877862,0.553561064938814,0.43982303247607
"RGMB-HFE2",0.291697125137897,0.208854565970371,0.357920069744306,0.494985800437735
"RGMB-NEO1",0.271530577918085,0.0389808327624296,0.556881915556152,0.365799745389098
"RIMS1-CACNA1C",0.0746763905911465,-0.00621198753499174,0.49958725421309,0.354967366668705
"RIMS1-SLC18A2",0.0804785576702235,-0.00736379348574079,0.430292158575307,0.378831442074512
"RIMS1-SLC18A3",0.205246104718066,-0.000665334978961693,0.475972601113296,0.376328819314779
"RIMS2-ABCA1",-0.00278752941674759,-0.0765831908542869,0.288979557317562,0.101708097734889
"RPH3A-NRXN1",0.788884934877201,0.458968108959396,0.520344828514393,0.484187220449298
"RPS19-C5AR1",0.194843262399938,0.0950901836774184,0.609061772805849,0.497982601893921
"RSPO1-FZD8",0.0095788943390361,0.0247371483790184,0.325436480389016,0.281469652550422
"RSPO1-LGR4",0.000917549862176438,0.109159026421651,0.232113174880686,0.436062571462997
"RSPO1-LGR5",0.057169141894647,0.0410033013285232,0.306039210609753,0.363979998498833
"RSPO1-LGR6",0.0337306973854131,0.0335984310889065,0.296392677970312,0.33207259219765
"RSPO1-LRP6",0.0581251306736529,0.0119643889041727,0.35561726396211,0.283743784693749
"RSPO1-ZNRF3",0.0435924501981861,0.0403517286972964,0.315066053045956,0.3018503186757
"RSPO2-LGR4",0.0352619841350774,0.0599187868540443,0.354424624575048,0.456410291317858
"RSPO2-LGR5",0.0313934372638329,-0.00259085206914172,0.380862292235914,0.226185793586756
"RSPO2-LGR6",0.0482249542831213,0.0276825838769013,0.388932742985221,0.438630226561014
"RSPO3-FZD8",0.0861975753975364,0.0730804615316941,0.410395397835587,0.388321683962242
"RSPO3-LGR4",0.0807495165535199,0.0574165559361398,0.349893195706715,0.392935556639072
"RSPO3-LGR5",0.0757369860311358,0.0211161259220735,0.390881197372947,0.251247193460652
"RSPO3-LGR6",-0.00312504003722538,0.0423038833096745,0.289909881313476,0.339286115617742
"RSPO3-LRP6",0.140097126845537,0.0119725931108831,0.447682797164528,0.334434466339969
"RSPO3-SDC4",0.0096886998774251,0.0343065564317873,0.184389379151464,0.363962373702266
"RTN4-CNTNAP1",0.534284864327379,0.714719534863276,0.712400611006737,0.801450241249756
"RTN4-GJB2",0.0333892037096994,0.191703423794218,0.109741790095886,0.522077748833752
"RTN4-LINGO1",0.51505178591462,0.130243399126766,0.70023006952583,0.485674228599199
"RTN4-NGFR",0.413076832319709,0.624422321150518,0.590095587889991,0.70959426603513
"RTN4-RTN4R",0.375333177251966,0.623762787796644,0.617478819763225,0.707794605161508
"RTN4-RTN4RL1",0.0691628689961745,0.0934625359311044,0.487823127780348,0.511185107583911
"RTN4-TNFRSF19",0.159559480998131,0.369089430728593,0.514524791056989,0.664901877333606
"S100A8-TLR4",-0.0349511528691026,-0.05014374868432,-0.0535902877176461,-0.171795064257093
"S100A9-TLR4",-0.0365794744184486,-0.0426475550234051,-0.0646323812574216,-0.0132801806598364
"SCGB3A2-MARCO",-0.0284003944389338,0.0280977334393382,-0.00255373665739629,0.233149496620499
"SCT-VIPR1",0.0589972983016284,0.0260210914677901,0.534995800918633,0.23636213675156
"SCT-VIPR2",0.0389338171635349,0.005474581629203,0.480670757456841,0.453270940896054
"SEMA3A-NRP1",0.0871613336258763,0.107501579650436,0.376537869494196,0.401667108386626
"SEMA3A-NRP2",0.250403466729429,0.159454017575209,0.510565374336066,0.440624315218721
"SEMA3A-PLXNA1",0.132270635576965,0.0796396225897709,0.478802741701916,0.354387059958242
"SEMA3A-PLXNA2",0.100933734325649,0.108551188181703,0.462753992334752,0.353861477045994
"SEMA3A-PLXNA3",0.0987360500661258,0.041983316900372,0.419366189197515,0.357724034326856
"SEMA3A-PLXNA4",0.0818154292283846,0.0476635793212152,0.34835996048574,0.263750476672366
"SEMA3B-NRP1",0.0802285316024712,0.0279916803696219,0.3946796749036,0.392336633805459
"SEMA3B-NRP2",0.0695926642085638,0.125124830961668,0.37647717818869,0.449328298010841
"SEMA3C-NRP1",0.0899977302519842,0.254867633152534,0.385456532371294,0.50497796509248
"SEMA3C-NRP2",0.181138216716323,0.349855403076675,0.47416752742378,0.554546151196302
"SEMA3C-PLXND1",0.133469712980168,-0.000933879952684559,0.394221371013527,0.336261318883181
"SEMA3D-NRP1",0.0816409895691908,0.018365400015726,0.39041937317199,0.313596121871728
"SEMA3E-NRP1",0.0243261478259123,-0.00548077713191989,0.327538767426491,0.374343185842337
"SEMA3E-PLXND1",0.0533900755876274,0.0184192488876876,0.317585118081316,0.359884949362142
"SEMA3F-NRP1",0.11385791378418,0.108957756115522,0.441462456694699,0.461204464647662
"SEMA3F-NRP2",0.0982923770128952,0.0694362937305776,0.40662286227038,0.386841984559962
"SEMA3F-PLXNA1",0.101414876789573,0.00553284653221969,0.494838391354677,0.303137872119571
"SEMA3F-PLXNA3",0.0434172569088438,0.0507050824916293,0.454044494726056,0.460160381139746
"SEMA3G-NRP2",0.0282531844966365,0.0718018856829946,0.403993797807228,0.478537481271391
"SEMA4A-PLXND1",-0.0154015809659594,0.106137945236598,0.161783160752752,0.403126725415413
"SEMA4B-DCBLD2",0.0762262524729083,0.0348959101641753,0.431367067034112,0.35040455899104
"SEMA4C-PLXNB2",0.105953830771821,0.114447999080151,0.460216449639829,0.486983081039461
"SEMA4D-ERBB2",0.0507918805775599,0.0394135267627298,0.400654337416307,0.490263571354737
"SEMA4D-MET",0.0413097558844972,0.121782409471963,0.398981057580423,0.395586845115229
"SEMA4D-PLXNB1",0.0800635206125495,-0.00281819076067779,0.42887080503224,0.126152137922847
"SEMA4D-PLXNB2",0.0540680752865769,0.104787631828483,0.354717973139205,0.402171216780636
"SEMA4F-NRP2",0.146048495574556,0.0817851367801249,0.442131247273294,0.458052541927706
"SEMA4G-PLXNB2",-0.0138015830726796,0.0691022062489834,0.120008537863463,0.313525031095565
"SEMA5A-MET",0.0540276612904438,0.0729228585125918,0.369559741638402,0.411803102610314
"SEMA6A-PLXNA2",0.206353780098293,0.0467753011964319,0.538202494174401,0.300201915896748
"SEMA6A-PLXNA4",0.120005331338307,0.0330639305892771,0.387409527896714,0.250493018505509
"SEMA6D-KDR",0.0310584772844003,0.0690745324432632,0.318299110854107,0.431408585124523
"SEMA6D-PLXNA1",0.21280706981295,0.0619512114202891,0.50719403625097,0.446924565700048
"SEMA6D-TREM2",0.0173420582755495,0.0254872157071865,0.389275047013948,0.435287691906775
"SEMA6D-TYROBP",-0.00524850773973267,0.0165477998076877,0.161218252807446,0.292027412751292
"SEMA7A-ITGA1",0.0717161220432814,0.0703032767900847,0.341672117247808,0.408092142753209
"SEMA7A-ITGB1",0.0379914509349954,0.280196898314941,0.358777441520039,0.646117979212737
"SEMA7A-PLXNC1",0.131130256173927,0.0159530058676069,0.522702084496715,0.401331351119175
"SERPINC1-GPC1",-0.213732342860801,-0.18335099979875,-0.12876709973418,-0.134581745632404
"SERPINC1-LRP1",-0.231050060145245,-0.0886040269457725,-0.189383110865496,-0.0306450433971763
"SERPINC1-SDC2",-0.146136948558222,-0.155768261697342,-0.112207868673043,-0.0249814652390486
"SERPINE1-ITGAV",0.047001846821966,0.0387686699238719,0.512055674805044,0.377481435751623
"SERPINE1-ITGB5",0.0362800716033308,0.0357639211626232,0.42307547506008,0.347713776262435
"SERPINE1-LRP1",0.0505777129491774,0.0735361432442066,0.439603961918395,0.448629193229652
"SERPINE1-LRP2",-0.00523777005408906,-0.00537049378707184,0.416156251832275,0.479417104925856
"SERPINE1-PLAUR",0.0304117427998288,-0.00157348255329267,0.602154066723487,0.563213516323598
"SERPINE2-LRP1",0.230923305260453,-0.0326649759450729,0.506332954745827,0.0135632841051801
"SERPING1-LRP1",0.291268682204142,0.0141550295160799,0.360877902698386,0.224668236152104
"SFRP1-FZD2",0.188807726643806,0.196774985425633,0.422919530074414,0.45469336105997
"SFRP1-FZD6",0.0769740357655472,0.0200305509184516,0.397166938133724,0.36307804793423
"SFTPA1-TLR2",0.00428985116662529,0.0140588887958755,0.566425836496533,0.517111338554671
"SHANK1-ABCA1",0.0608285134532431,-0.0703852766704644,0.346233702004897,0.243714863135673
"SHANK1-SSTR2",0.175266882859421,0.12397591055182,0.391729231148211,0.601964945905956
"SHH-BOC",0.0631526206469605,0.126431065505878,0.309119150297969,0.293934385452793
"SHH-CDON",-0.0554167783814073,0.0422720442029263,0.115244165139528,0.292368466952297
"SHH-GPC5",-0.00665012263138245,0.0894485959397101,0.395600944176469,0.312027420850746
"SHH-HHIP",0.311305839171234,-0.0050999650326425,0.51385939999524,0.193816251332455
"SHH-LRP2",-0.00176461063984621,0.0315946845320112,0.3042928446297,0.438091898128265
"SHH-PTCH1",0.345901198871304,0.133653589183325,0.569755340968914,0.476692707220415
"SHH-PTCH2",0.0778136263605701,0.0429065798759734,0.485245862497746,0.465205478811524
"SHH-SMO",0.169294597481415,0.0555190296483553,0.304541364778907,0.455912863129821
"SLIT1-GPC1",0.106588543694373,-0.0197457522335494,0.421378843917151,0.336515032883784
"SLIT1-ROBO1",0.19610340247141,0.107443920743533,0.470690744656461,0.418948858980466
"SLIT1-SDC1",-0.0144675065017358,-0.0219820101439879,0.18593503413213,0.154830005212425
"SLIT2-DCC",0.283691747305704,-0.0125994075468024,0.375747368732444,0.145244175226465
"SLIT2-GPC1",0.109316026933171,0.171666907937455,0.389468762364257,0.394777774225092
"SLIT2-ROBO1",0.273055522661097,0.0923414932743243,0.531041933088933,0.366515229125705
"SLIT2-ROBO2",0.156360871408559,0.020995048249068,0.455865092017324,0.275380865237136
"SLIT2-ROBO4",0.0552406998056846,0.00923727281507477,0.422804222587671,0.32492392004529
"SLIT2-SDC1",0.0620787677777868,0.175560844994041,0.275018949087989,0.45629097106825
"SLIT3-ROBO2",0.0904182522347194,0.0893576816876015,0.363909406734504,0.350243762077511
"SORBS1-INSR",0.186133946029721,0.104359899712919,0.420486225660938,0.375918502343985
"SORBS1-ITGA1",0.117632152069352,0.141631560416667,0.310445177814723,0.415624792355613
"SORBS1-ITGB5",0.0759681534501996,0.0607071067634787,0.266312440005014,0.347660768973554
"SPINK1-EGFR",-0.146481665514795,-0.106013636443576,-0.19352493893876,0.0450012464245581
"SPINK1-NRSN1",-0.144609613420431,-0.100259971665453,-0.254054095283876,-0.188097677077295
"SPINT1-ST14",0.300893528312922,0.0238132548273477,0.539114339612254,0.37160883926979
"SPON2-ITGAM",0.0131948428049989,0.00256194917399182,0.25760571058385,0.256778162594688
"SPON2-ITGB2",0.0116680109931449,0.062793614619646,0.20558929600053,0.330082669866076
"SPP1-CD44",0.0433218349388709,0.0570127474575515,0.372091617836503,0.602952216966361
"SPP1-ITGA4",0.00668096482183261,0.00990173593098391,0.148435595251441,0.451559441225338
"SPP1-ITGA5",0.0231076654948672,0.0148017606923652,0.403503730205911,0.313644427010853
"SPP1-ITGA9",0.0263701718344478,0.0248506415156999,0.433163363796213,0.408604616498391
"SPP1-ITGAV",0.0530493398888485,0.040011564867937,0.427622166302809,0.395504871149472
"SPP1-ITGB1",0.0381266935817751,0.0458595589036881,0.431715967162984,0.429450270468691
"SPP1-S1PR1",0.0031866879400677,0.0223497036598294,0.421302747025141,0.454952133190985
"SST-SSTR2",0.155487700733862,-0.104999924576965,0.359210594873889,0.178550552261852
"SYTL3-NRXN1",-0.0171490945764053,0.0522129072913189,0.326556810215435,0.37244727117499
"TAC1-TACR1",0.219792353005717,0.350249111733993,0.504981397601816,0.51858813499336
"TAC1-TACR3",0.426058748971599,-0.00727478610519118,0.565009622613009,0.290375016598188
"TCN2-CNR1",-0.0178938951067664,-0.0212430451051419,0.233650329708176,0.207375215566668
"TCN2-LRP2",0.0488501407990849,0.0374729441252803,0.376651669717851,0.389695255661361
"TCTN1-TMEM67",0.0613674358462861,0.0600487074132297,0.52842887452362,0.491932023468265
"TFPI-F3",0.0320531183989216,0.0633449221886532,0.415180651601428,0.407430565048543
"TFPI-LRP1",0.283732804595473,0.116518785757114,0.418388409500119,0.460222366422951
"TFPI-SDC4",0.0522771360094415,0.148789437137978,0.218544459219513,0.394105690466474
"TFPI-VLDLR",0.0886568972728556,0.145108987279706,0.412267615358156,0.370748665954225
"TG-ASGR1",0.623601229626838,0.00346310882815084,0.293067904075999,0.227049290658585
"TG-LRP2",0.153381164545459,-0.0312939044582004,0.180506295869889,-0.110337523493899
"TGFA-EGFR",-0.00035232180885273,0.264654164594899,0.223070843563259,0.458291388329744
"TGFA-ERBB2",0.00699049174656204,-0.0176180139375693,0.328156274580796,0.295249953934484
"TGFA-ERBB3",-0.00362923077443483,0.0710252429128951,0.347461588305303,0.331174257644887
"TGFA-ERBB4",0.1270068060129,0.0137871017603794,0.375338179515179,0.484627140570113
"TGFB1-ACVRL1",0.13916059066283,0.0195395466053003,0.467348486738909,0.432998289003525
"TGFB1-CAV1",0.181105588938873,0.132364818005213,0.406545637970311,0.391647927609402
"TGFB1-CD109",0.0840951073958942,0.0558456040081969,0.38822135496619,0.222923813581476
"TGFB1-CXCR4",0.332483551169766,0.0334904664653468,0.61413416481358,0.462545908368354
"TGFB1-ENG",0.154770256976477,0.0638220590073661,0.433602776524447,0.275663950637418
"TGFB1-ITGAV",0.144551074868073,0.152834029265101,0.437441132762942,0.387575046204651
"TGFB1-ITGB6",0.0312036161646729,0.11670886524141,0.429226998347514,0.50290813177854
"TGFB1-ITGB8",0.0466763272484514,0.0821192530650524,0.420580138082333,0.508634592589241
"TGFB1-SDC2",0.150128379359546,0.105516532665008,0.348912044374585,0.325977709591683
"TGFB1-TGFBR1",0.158974097141641,0.00467744317786652,0.435359701666099,0.20493002015067
"TGFB1-TGFBR2",0.202534445136173,0.176724464011,0.407907356635958,0.319899076769081
"TGFB1-TGFBR3",0.173154144014168,0.0859917041770116,0.407600436573601,0.338409194977619
"TGFB2-ACVR1",0.170921198174986,0.0830514362766515,0.485306522156462,0.383872380653885
"TGFB2-ENG",0.130782828637604,-0.000786209085599098,0.446444385995651,0.387056942717085
"TGFB2-TGFBR1",0.158373747804464,0.184044560111964,0.48281658803398,0.50279355563431
"TGFB2-TGFBR2",0.257100276170946,0.158163071325846,0.516605277932848,0.473722029301364
"TGFB2-TGFBR3",0.154973301770414,0.145214781215928,0.420367964259079,0.458574562279867
"TGFB3-ACVRL1",0.160686292485087,0.0574785458221371,0.474121126544558,0.307034874912318
"TGFB3-ENG",0.127723900934314,0.103779017098235,0.399786657392038,0.355030533241852
"TGFB3-TGFBR1",0.173198218130142,-0.0179032407232245,0.431510095229589,0.196643754249928
"TGFB3-TGFBR2",0.393247764000791,0.147634019435475,0.625942115463501,0.44106593793444
"TGFB3-TGFBR3",0.19069586785302,0.107271298168947,0.445906240741099,0.363248326535529
"TGM2-ITGA4",-0.0674809549516519,-0.00420915164061817,0.0669787156912521,0.0353535617782882
"TGM2-ITGA9",0.063157618638081,0.0850416262253074,0.196787564719645,0.269398376877581
"TGM2-ITGB1",0.278645955954445,0.0232740306243362,0.389553067657054,0.172784255418547
"TGM2-ITGB3",0.0411514805162695,-0.0311867531869583,0.224426182079602,0.105845152875738
"TGM2-SDC4",0.00825775643361715,0.11911988023084,0.165662892538646,0.24191311048781
"TGM2-TBXA2R",0.0573787700017886,-0.000773811243897428,0.199865041436532,0.0272553329918433
"THBS1-CD36",-0.063596543861294,0.122934055535587,0.0738022908153652,0.305349741002452
"THBS1-CD47",0.0476472651414669,0.0695259764032891,0.0816129795661093,0.236831387346701
"THBS1-ITGA2B",0.141909109517647,-0.102731772727015,0.111235772065324,-0.139858338748994
"THBS1-ITGA3",0.0784702718099732,-0.0390553376164572,0.124257539012898,0.0187696501424676
"THBS1-ITGA4",-0.0161493606657343,0.129255521098678,0.0168825358515559,0.0920111475842222
"THBS1-ITGA6",0.121511690368395,0.188959790482496,0.177651512790336,0.232170592452232
"THBS1-ITGB1",0.211975884068533,-0.0667722144908452,0.370863813984209,0.0452006031622221
"THBS1-ITGB3",0.0994935000301024,-0.0224639336267819,0.157903757872411,0.0826141359271716
"THBS1-LRP1",0.117242341822239,-0.0842988268363465,0.2686658154252,-0.0348024132278597
"THBS1-LRP5",0.112982180431053,0.0388186507672416,0.247162663983741,0.0620522625323941
"THBS1-SCARB1",0.0496094685133762,0.0191612822990121,0.0919900695596121,0.277501464928029
"THBS1-SDC1",0.18653358277807,0.153383946334209,0.344768848114246,0.255300259410663
"THBS1-SDC4",0.284575639541579,0.0895334563992351,0.350613031691622,0.137955642713407
"THBS1-TNFRSF11B",-0.00806214511015295,0.0102724660440371,0.183326367112112,0.164996850759554
"THBS2-CD47",0.0756933108374241,0.00860590110765557,0.0125641359560007,0.179873444564219
"THBS2-ITGA4",-0.0117060030312702,0.0256687008574598,0.0702704175657164,0.19951824458759
"THBS2-ITGA6",0.077720160828692,0.26747765187455,0.256916757145871,0.420654119779757
"THBS2-ITGB1",0.336963843629684,0.108344378583313,0.537504409503136,0.237102348020975
"THBS2-NOTCH3",0.107283791940262,0.114702188291941,0.34734795869726,0.350741013542744
"THBS2-NOTCH4",0.0368869269903189,0.181976811520719,0.192075480041077,0.417461738314179
"TIMP1-CD63",0.326903318730622,0.0129190634326678,0.57410936467927,0.15256772583698
"TIMP2-ITGA3",0.0304009734864869,0.114854859593509,0.357557153862567,0.376667128463208
"TIMP2-ITGB1",0.384719700804921,0.0418383676505227,0.588319126172753,0.353235366937649
"TIMP3-AGTR2",0.0770175972585116,0.0186608651637711,0.306014362533476,0.468825952275232
"TIMP3-KDR",0.103814985129258,0.0410555492363875,0.390229145615951,0.391422149397871
"TNC-CNTN1",0.215720778088707,0.0338668296986289,0.39260720377855,0.334696767942314
"TNC-EGFR",0.0700647908944566,0.112201435742538,0.371275329521231,0.288379977289365
"TNC-ITGA2",0.0357879425711677,0.00750001323679578,0.347107154426535,0.196259059324689
"TNC-ITGA5",0.0635873178140112,0.14226538457218,0.318984989219027,0.423982538108076
"TNC-ITGA7",0.0469432736616107,0.0815084442596836,0.306332252467264,0.400094005513566
"TNC-ITGA8",0.00725748149628246,0.14435014930546,0.280523668765454,0.387712049540539
"TNC-ITGA9",0.113071049884837,0.186491377163208,0.364572578696796,0.447960567109637
"TNC-ITGAV",0.103276495215094,0.128281734178732,0.401563254969541,0.403136175900861
"TNC-ITGB1",0.11139082824561,0.112201435742538,0.34907650890009,0.288379977289365
"TNC-NT5E",0.0386883422897049,-0.031435118461022,0.307048001903917,0.136599217911674
"TNC-PTPRB",0.00660336537615273,0.0323851004241938,0.300803097305011,0.114286099358411
"TNC-PTPRZ1",0.341273854426036,0.0383175145034221,0.499326690309882,0.301265237979341
"TNC-SDC1",0.0968967866556557,0.188899159205668,0.277884384550352,0.462134035819042
"TNC-SDC4",0.0533875762176567,0.110055034290355,0.125774614424564,0.388119942179513
"TNFSF10-TNFRSF10B",0.0509457018732114,0.0364597358425325,0.518109131650139,0.428045721065156
"TNFSF10-TNFRSF11B",0.0467388926583056,0.315159708507007,0.446256306322182,0.580899191385263
"TNFSF12-TNFRSF12A",0.0481007354953309,0.00740398900991925,0.425665812185896,0.49737552557782
"TNFSF13B-TNFRSF13B",0.000263156680617575,0.0222643119635221,0.472984673808011,0.454820921189198
"TNFSF9-TRAF2",0.0301859060264641,0.0644973594313497,0.45457085245419,0.464120489816746
"TSLP-IL7R",0.00930232615687785,0.0367451779008299,0.334135038062102,0.538121857045924
"UBA52-ACVR1",0.290393473203041,-0.27491147475725,0.575189348150826,-0.0301252720106541
"UBA52-BMPR1B",0.190492381356381,0.578224711255278,0.440641703932219,0.642109880852689
"UBA52-EGFR",0.234724200763547,0.329398861347455,0.476569191891375,0.497318589513102
"UBA52-ERBB2",0.277867038322682,0.308207002629997,0.597756263883345,0.561541136280159
"UBA52-FSHR",0.858005210002888,0.115065761404369,0.832293772575309,0.374825990341914
"UBA52-NOTCH1",0.32627580421213,0.162923225632,0.6129870225909,0.663864407809768
"UBA52-TGFBR1",0.336485402007684,0.555535168948571,0.607870281146144,0.633704445382357
"UBA52-TGFBR2",0.360032907526253,0.188109581648944,0.545422193984808,0.455587282605216
"VCAM1-ITGA4",0.0292806347132585,-0.00549831574855954,0.190985683446611,0.210325458883276
"VCAM1-ITGA9",0.154654145263004,0.134826196701849,0.338981841658485,0.327436528130254
"VCAM1-ITGAD",0.201256416594019,0.133413069535939,0.408821889281826,0.398873288119407
"VCAM1-ITGB1",0.203889800086087,-0.00501873051125274,0.342576811739133,0.197349623319702
"VCAM1-ITGB2",0.0526809596287866,0.148672337377565,0.278659596128877,0.31105187711603
"VCAN-CD44",0.455360138827944,0.384017962074998,0.558877118158785,0.528846140546541
"VCAN-EGFR",0.212352751342433,0.0975122809951645,0.507958468985828,0.20796412051474
"VCAN-ITGA4",0.117939282488279,0.135424423515042,0.112336768188937,0.426923237492035
"VCAN-ITGB1",0.450641952749521,0.303242065578333,0.671617238311905,0.616596022878214
"VCAN-SELL",-0.0748198927892879,0.126434166898032,-0.00220821656107269,0.483553126190509
"VCAN-TLR1",0.385911030012058,-0.233597775464688,0.530367402580425,-0.176072053722228
"VCAN-TLR2",0.0852138520698979,0.386754854009227,0.469120842383998,0.592080493290287
"VEGFA-EGFR",0.0525183125412235,0.15077088539117,0.332413844162424,0.458762055761255
"VEGFA-EPHB2",0.0729167192131254,0.173301522333046,0.439846816310197,0.312052778647097
"VEGFA-FLT1",0.114689777975486,0.126069083945032,0.419397063954274,0.464102554188363
"VEGFA-GPC1",0.14847625149366,0.110657705675927,0.457940035558855,0.383391775939473
"VEGFA-ITGA9",0.197863419687686,0.0327405923321379,0.489647902985369,0.460474854856642
"VEGFA-ITGAV",0.137638596473077,0.121115487464105,0.482393574895894,0.424236431132348
"VEGFA-ITGB1",0.274162129971944,0.0145369041463624,0.525203103675881,0.442602077000435
"VEGFA-KDR",0.144359791294568,0.0770631577374626,0.396445589868889,0.449344982319696
"VEGFA-NRP1",0.167008173225742,0.0367639364435493,0.446520202547424,0.356269494813098
"VEGFA-NRP2",0.0620413551262812,0.0737852243005158,0.379644113176988,0.377855574819085
"VEGFA-RET",0.0505201979343816,0.0888869353226758,0.368960222499827,0.476050401721968
"VEGFA-SIRPA",0.0577360133842627,0.0428632601898792,0.317269383962278,0.334968642281132
"VEGFA-TYRO3",0.0731109537037491,0.0732494744076737,0.488027867645239,0.427180400061601
"VEGFB-FLT1",0.0675846443086837,0.134459964055771,0.382932074659094,0.48846084978334
"VEGFB-NRP1",0.143693102160448,0.113566731788817,0.422755248464932,0.406944167596982
"VEGFB-RET",0.204044010759581,0.0892070795819684,0.443871494371681,0.502599084464245
"VEGFB-TYRO3",0.100778860098886,0.186641443992602,0.476650225711476,0.532728175655834
"VEGFC-FLT1",0.131689355245707,0.0348388234973552,0.441003856849232,0.314901123400286
"VEGFC-FLT4",0.0438337981499299,0.049198761519498,0.434971068035802,0.434155420804964
"VEGFC-ITGA9",0.0973987609692163,0.0372535143071198,0.475055384707296,0.378561747902743
"VEGFC-ITGB1",0.190760462669327,0.038518749782509,0.522965684587683,0.533570769546247
"VEGFC-KDR",0.167516947723155,0.0189189611005079,0.432639068308638,0.404982809791395
"VEGFC-LYVE1",0.0327034640162058,0.0390126758109804,0.247185204489236,0.381020008826725
"VEGFC-NRP2",0.0904685418602209,0.0196518387136341,0.412111166910497,0.382676920515112
"VEGFC-VIPR2",0.0360545186782223,0.0110192836334533,0.476907530370027,0.503335366142622
"VIM-CD44",0.488393987173926,0.580225585086462,0.528426666842461,0.755884181543752
"VIP-ADCYAP1R1",0.021286759852901,0.0215262058734662,0.388642727908552,0.490364347344645
"VIP-NPR3",0.0156910782938286,0.016844360247752,0.375125213709675,0.479935103232494
"VIP-VIPR1",0.00925530758152841,-0.00566980982169691,0.553764809357413,0.331092726446086
"VIP-VIPR2",0.00209735690719407,0.0160216391052966,0.489746647112279,0.423300407711983
"VTN-CD47",0.157165340155617,-0.0856673773738653,0.169249365880546,-0.114073548480764
"VTN-ITGA2B",0.149762878266257,-0.0500893728660136,0.148408313540203,-0.131326355508107
"VTN-ITGA3",-0.0561539095707295,-0.0299270262437787,-0.112911503057561,-0.14542033588353
"VTN-ITGA5",-0.110562191216785,-0.161955941442132,-0.173813133602591,-0.166927171151576
"VTN-ITGA8",-0.0556902087944446,-0.0882135212456338,-0.105266990763822,-0.151176479002878
"VTN-ITGAV",-0.0997839462004484,-0.113315497553719,-0.139334514880672,-0.14126042233277
"VTN-ITGB1",-0.162987203673845,-0.0431150318402954,-0.170333729680512,-0.0525358097149483
"VTN-ITGB3",0.072028114242872,-0.0299270262437787,0.114518620206502,-0.14542033588353
"VTN-ITGB5",-0.0831410359810725,-0.124719541568848,-0.14049515919873,-0.247743949628206
"VTN-ITGB6",-0.0490866130634964,-0.00257715231662679,-0.103517106565512,0.00721139944603416
"VTN-ITGB8",-0.0442288871589181,-0.259058974218635,-0.128441253558004,-0.245116925719449
"VTN-KDR",-0.0343310407246963,-0.0856024749790755,-0.0363003416747729,-0.0451461530952321
"VTN-PLAUR",-0.0849974203915219,-0.0321417933163156,-0.197503096895942,-0.13538903077083
"VTN-PVR",-0.058303270070465,-0.113799175454103,-0.156806381250169,-0.271671729175891
"VTN-TNFRSF11B",-0.0273680501132055,-0.0477916949244137,-0.0602612863365267,-0.0985962921640591
"VWF-GP1BA",0.0722124019717432,0.00695976565582992,0.354636178350054,0.18454088332943
"VWF-ITGA2B",0.102537480571735,0.0212200897894235,0.247260668690531,0.264053284180552
"VWF-SIRPA",0.0105664455799199,0.0138596732884307,0.208329179341406,0.137461075841943
"VWF-TNFRSF11B",0.0128891715025442,0.0187157508060417,0.313628639321708,0.342751505611945
"WNT2-FZD1",0.215380955200394,-0.0170131257393825,0.341379142405545,0.135330154489223
"WNT2-FZD5",0.0206795938038684,-0.00068745243160542,0.282307739779927,0.268225623633697
"WNT2-FZD8",-0.0116766597461712,0.000742420166631903,0.223589065787057,0.31153828060924
"WNT2-FZD9",-0.0256209256452081,0.0013129029774485,0.128675030989619,0.261490774355642
"WNT2-LRP6",0.113132480664038,0.0849360149304591,0.313797647674257,0.338372756629363
"WNT3-FZD1",-0.00540570057306142,0.000272889588411121,0.382046809928608,0.396260415442807
"WNT3-FZD5",-0.00282918717297387,0.0156241731854431,0.43665764274039,0.481867821400806
"WNT3-FZD8",-0.0106818270575581,0.0168665399268692,0.330584047255074,0.326860779512197
"WNT3-LRP6",0.0197682717428192,0.00409834330983104,0.428424877298762,0.372706915004687
"WNT3-RYK",0.0095911949277102,0.132350601191626,0.435598844147791,0.601922844441852
"WNT4-FZD2",0.137945495361327,0.138743073735431,0.325001892204941,0.378380366307572
"WNT4-FZD6",0.183575420074689,0.0214359977250377,0.412245525345607,0.392452271128343
"WNT5A-FZD1",0.174461551127468,0.0830353021519728,0.46492021544879,0.357830625125148
"WNT5A-FZD2",0.241942156079885,0.147536312892778,0.507511971584166,0.472723111457829
"WNT5A-FZD4",0.152415630133438,0.204476408147297,0.49761811493867,0.527984597535708
"WNT5A-FZD5",0.045447554752407,0.0530569903428909,0.368389466146002,0.368008239058956
"WNT5A-FZD6",0.0983741866725699,-0.0401636497401254,0.451438858821655,0.29260278159147
"WNT5A-FZD8",0.161213543680439,0.0439165762628402,0.482538118358329,0.347077477609923
"WNT5A-LRP5",0.137790105291322,0.166625964937844,0.452092181697906,0.459125304992561
"WNT5A-MCAM",0.0822745974446052,0.125842358932497,0.432543950879958,0.408095900791903
"WNT5A-ROR1",0.125165809978232,0.0867999117524275,0.437824003719585,0.450525100415433
"WNT5A-ROR2",0.162390541040024,0.0991361896101243,0.446124266444654,0.386363069759071
"WNT5A-RYK",0.155996854329648,0.126264864955708,0.46980823814059,0.455905165549018
"WNT7A-FZD10",0.13153251561374,-0.121316708664524,0.584577766053199,0.0600959010772925
"WNT7A-FZD5",-0.0235923816826767,0.148347863128212,0.322359181653922,0.550654628991182
"WNT7A-FZD9",0.0562240934416107,-0.0102853812637812,0.366306513177968,0.311273498589276
"WNT7A-LRP6",0.105072116666201,-0.00195041201900223,0.378967578111354,0.30832241082319
"WNT7B-FZD1",0.0899417253321353,-0.0014592199272307,0.434058694833496,0.399427554401065
"WNT7B-FZD10",0.0266527849005283,0.00628396248431163,0.529775280208816,0.362482137188014
"WNT7B-LRP5",0.0560726190768786,0.00390149773457508,0.389097956697573,0.403511291384348
