"mechanism","ligand","receptor","matched_partner","dom_gap","dom_true","R2_true","switchcoh_true","dom_null","R2_null","switchcoh_null"
"A2M-LRP1","A2m","Lrp1","Kcnj10",0.00138461538461532,0.868384615384615,0.598236732637192,0.966905360944455,0.869769230769231,0.342297600316854,0.969498742016644
"ACE-AGTR2","Ace","Agtr2","Dcbld2",0.000269230769230799,0.989384615384615,0.584024357563872,0.988310431585059,0.989115384615385,0.468194033527965,0.987091155409328
"ACE-BDKRB2","Ace","Bdkrb2","F2rl1",0.0232307692307693,0.706423076923077,0.274511835563199,0.934971937294368,0.729653846153846,0.313736372927505,0.944029417456938
"ADAM10-AXL","Adam10","Axl","Ramp2",0.03,0.718346153846154,0.562976339417041,0.854248113024966,0.688346153846154,0.646408998685187,0.790826398296884
"ADAM10-EPHA3","Adam10","Epha3","Cd9",0.0149615384615385,0.826961538461539,0.499118344358841,0.866440874782272,0.812,0.510904397413583,0.859492935939617
"ADAM12-ITGA9","Adam12","Itga9","Vldlr",0.00253846153846149,0.755346153846154,0.568898227951608,0.871879233597832,0.757884615384615,0.478359955155297,0.880298045287401
"ADAM12-ITGB1","Adam12","Itgb1","Epha8",0.0111923076923077,0.956346153846154,0.83646163789089,0.950996709889685,0.967538461538462,0.719083706544059,0.978459454228759
"ADAM12-SDC4","Adam12","Sdc4","Ptprm",0.001,0.619384615384615,0.429288113884833,0.86257015676408,0.618384615384615,0.508333625201527,0.833404296497
"ADAM15-ITGA5","Adam15","Itga5","Ldlr",0.0125,0.623576923076923,0.341775633030227,0.861234759047803,0.611076923076923,0.309384726586451,0.827424037158893
"ADAM15-ITGA9","Adam15","Itga9","Nt5e",0.00565384615384612,0.943384615384615,0.507757150444263,0.940545771240565,0.949038461538461,0.397155333001357,0.955622217921424
"ADAM15-ITGAV","Adam15","Itgav","Lgr5",0.00653846153846149,0.877423076923077,0.435724659736886,0.894871298625895,0.883961538461538,0.230719192226048,0.936171859880008
"ADAM15-ITGB1","Adam15","Itgb1","Ccrl2",0.00480769230769229,0.992884615384615,0.777600444377449,0.989355525449971,0.997692307692308,0.811803055572305,0.998296884071995
"ADAM15-ITGB3","Adam15","Itgb3","Tfrc",0.00334615384615378,0.871807692307692,0.226475991423804,0.917940778014322,0.868461538461539,0.318240456989505,0.905302883684924
"ADAM17-ERBB4","Adam17","Erbb4","Il1rapl1",0.00107692307692309,0.580538461538462,0.371841017833682,0.847609831623766,0.581615384615385,0.296450567268206,0.848267853686859
"ADAM17-ITGA5","Adam17","Itga5","Lrp5",0.0107307692307692,0.720115384615385,0.383861800072766,0.865782852719179,0.709384615384615,0.385219727410776,0.842268240758661
"ADAM17-ITGB1","Adam17","Itgb1","Vipr1",0.00592307692307692,0.992346153846154,0.892872704762762,0.988020127733695,0.998269230769231,0.774315890776428,0.998413005612541
"ADAM17-NOTCH1","Adam17","Notch1","Aqp1",0.00592307692307703,0.767346153846154,0.474204085367629,0.85190632862396,0.761423076923077,0.411203787536769,0.870234178440101
"ADAM2-CD9","Adam2","Cd9","Mchr1",0.000115384615384517,0.9995,0.999959726466145,0.999264563576543,0.999615384615385,0.869301305283253,0.999496806657635
"ADAM2-ITGA6","Adam2","Itga6","Epha3",0.00276923076923075,0.986269230769231,0.997354436886988,0.989549061350881,0.9835,0.994195383856921,0.986413779756145
"ADAM2-ITGA9","Adam2","Itga9","Cxcr5",0,1,1,1,1,1,1
"ADAM2-ITGB1","Adam2","Itgb1","Ramp2",0,1,1,1,1,1,1
"ADAM23-ITGA5","Adam23","Itga5","Fzd8",0.0167692307692308,0.586961538461538,0.296041487379121,0.8832978517515,0.570192307692308,0.366860459290191,0.874801625701568
"ADAM23-ITGB3","Adam23","Itgb3","Tmem67",0.00388461538461549,0.806076923076923,0.197560518379715,0.905457712405651,0.802192307692308,0.376848390022588,0.893400425778982
"ADAM28-ITGA4","Adam28","Itga4","Kremen1",0.000115384615384628,0.988,0.160375364815191,0.995742210179988,0.988115384615385,0.394394184849201,0.995432552738533
"ADAM9-ITGA3","Adam9","Itga3","Cntfr",0.00138461538461543,0.9295,0.388505122887939,0.943332688213664,0.930884615384615,0.33782559024425,0.945093864911941
"ADAM9-ITGA6","Adam9","Itga6","Dcbld2",0.00338461538461543,0.692115384615385,0.428550145134592,0.814650667698858,0.6955,0.407486091765055,0.816024772595316
"ADAM9-ITGAV","Adam9","Itgav","Sorcs3",0.00303846153846155,0.821423076923077,0.508752686232878,0.857131797948519,0.818384615384615,0.27681191347387,0.921579252951423
"ADAM9-ITGB1","Adam9","Itgb1","Col17a1",0.00119230769230771,0.991269230769231,0.873906971402741,0.986394426166054,0.990076923076923,0.901264874600321,0.990439326495065
"ADAM9-ITGB5","Adam9","Itgb5","Cx3cr1",0.0253461538461539,0.861884615384615,0.551374228065928,0.879601316044126,0.887230769230769,0.377069606997051,0.907373717824656
"ADCYAP1-ADCYAP1R1","Adcyap1","Adcyap1r1","Lrp6",0.00084615384615383,0.983884615384615,0.930362747626167,0.990110315463518,0.984730769230769,0.853652795552316,0.989684536481517
"ADCYAP1-VIPR1","Adcyap1","Vipr1","Cd180",0.0514615384615386,0.632230769230769,0.211692297622279,0.944803561060577,0.683692307692308,0.163328437614596,0.964950648345268
"ADCYAP1-VIPR2","Adcyap1","Vipr2","Marco",0.00257692307692314,0.7935,0.135204090129108,0.968279465840914,0.796076923076923,0.168739775352809,0.979059415521579
"ADM-CALCR","Adm","Calcr","Eda2r",0.0191538461538462,0.864076923076923,0.380748259847009,0.956222179214244,0.844923076923077,0.138782312253603,0.95271917940778
"ADM-CALCRL","Adm","Calcrl","Acvr1",0.000615384615384573,0.984538461538462,0.312509387685865,0.986433133346236,0.985153846153846,0.287363754140209,0.98852332107606
"ADM-GPR182","Adm","Gpr182","Cmklr1",0.0161538461538462,0.876846153846154,0.0889161689655347,0.959841300561254,0.860692307692308,0.0752390938749917,0.95734468743952
"ADM-RAMP2","Adm","Ramp2","Cacna1c",0.00476923076923075,0.998576923076923,0.699632485291701,0.997871105089994,0.993807692307692,0.481765901610614,0.993787497580801
"AGRN-ATP1A3","Agrn","Atp1a3","Grm7",0.0160384615384616,0.885192307692308,0.752321955562032,0.975808012386298,0.869153846153846,0.74521575935331,0.894851945035804
"AGRN-LRP4","Agrn","Lrp4","Sell",0.00384615384615383,0.979384615384615,0.709735871810635,0.974685504161022,0.975538461538462,0.55630272308013,0.990826398296884
"AGRN-MUSK","Agrn","Musk","C3ar1",0.00111538461538452,0.987576923076923,0.790783270049526,0.989413586220244,0.988692307692308,0.557209130892337,0.985523514611961
"AGRP-MC4R","Agrp","Mc4r","Fzd10",0,0.999692307692308,0.952505246592939,0.999496806657635,0.999692307692308,0.804935215235107,0.999458099477453
"AGRP-SDC3","Agrp","Sdc3","Il1rapl1",0.0158076923076924,0.925038461538461,0.785761920961666,0.943893942326302,0.940846153846154,0.576870029189144,0.952041803754596
"AGT-AGTR2","Agt","Agtr2","Axl",0.000115384615384628,0.847423076923077,0.462225986125608,0.990613508805884,0.847307692307692,0.49739169826346,0.981459260692858
"AGT-LRP2","Agt","Lrp2","Plxnb2",0.000500000000000056,0.867076923076923,0.16007523106505,0.949312947551771,0.866576923076923,0.686591692327612,0.981323785562222
"AGT-MAS1","Agt","Mas1","Plaur",0.0276923076923077,0.933461538461538,0.107146212644021,0.968434294561641,0.905769230769231,0.241422042620019,0.963402361137991
"AHSG-INSR","Ahsg","Insr","Pde1c",0.0534230769230768,0.726769230769231,0.302529577269051,0.869556802786917,0.780192307692308,0.205827129204048,0.903657828527192
"ALB-LRP2","Alb","Lrp2","Slc18a3",7.69230769230855e-05,0.999730769230769,0.977289072332316,0.999535513837817,0.999653846153846,0.982745580658645,0.999361331526998
"ALOX5AP-ALOX5","Alox5ap","Alox5","Il7r",0.00373076923076932,0.986461538461539,0.503470088416101,0.992626282175344,0.982730769230769,0.721132188872269,0.99415521579253
"ANGPT1-ITGA5","Angpt1","Itga5","Pde1a",0.0123076923076924,0.507730769230769,0.320033844308731,0.855119024579059,0.520038461538462,0.383583692291819,0.836500870911554
"ANGPT1-ITGB1","Angpt1","Itgb1","Bmpr1a",0.0471923076923076,0.989769230769231,0.810009470558552,0.985252564350687,0.942576923076923,0.545769320921847,0.942771434101026
"ANGPT1-TEK","Angpt1","Tek","Chrna4",0.0146923076923077,0.758692307692308,0.404292613633873,0.865047416295723,0.773384615384615,0.18298597995886,0.926301528933617
"ANGPT1-TIE1","Angpt1","Tie1","Il10rb",0.0012692307692308,0.541192307692308,0.439584376316572,0.866518289142636,0.539923076923077,0.336241279041399,0.854983549448423
"ANGPT2-TEK","Angpt2","Tek","Tspan1",0.000346153846153885,0.940538461538462,0.500383067211562,0.958563963615251,0.940192307692308,0.162253095062152,0.984130056125411
"ANGPT2-TIE1","Angpt2","Tie1","Cd36",0.0113461538461538,0.894,0.460766709453119,0.944513257209212,0.905346153846154,0.431564973171433,0.9533191407006
"ANGPT4-TEK","Angpt4","Tek","Kcnd2",7.69230769230855e-05,0.998653846153846,0.96801445866773,0.998606541513451,0.998576923076923,0.981052040815844,0.998490419972905
"ANGPT4-TIE1","Angpt4","Tie1","Nrxn3",0.00161538461538469,0.996807692307692,0.944359855538238,0.997309850977356,0.998423076923077,0.980954708968752,0.998606541513451
"ANGPTL1-TEK","Angptl1","Tek","Tnfrsf21",0.00473076923076921,0.648230769230769,0.35114714915835,0.914960325140314,0.652961538461538,0.228574702507818,0.934255854461003
"ANGPTL2-TIE1","Angptl2","Tie1","Scn8a",0.00769230769230778,0.818307692307692,0.405505463507138,0.907954325527385,0.826,0.257853423626724,0.959996129281982
"ANGPTL3-ITGA5","Angptl3","Itga5","Lrp5",0.00461538461538469,0.839961538461538,0.288359046565358,0.987826591832785,0.844576923076923,0.410702357396618,0.984942906909232
"ANGPTL3-ITGAV","Angptl3","Itgav","Plxnd1",0.00057692307692303,0.899384615384615,0.694215859077773,0.982601122508225,0.898807692307692,0.662514207919519,0.985988000774144
"ANGPTL3-ITGB3","Angptl3","Itgb3","Oprl1",0.0161538461538462,0.7315,0.295080495237436,0.95451906328624,0.715346153846154,0.0837122322894897,0.969924520998645
"ANGPTL4-TIE1","Angptl4","Tie1","Sdc4",0.046,0.668923076923077,0.467571670949819,0.875788658796207,0.622923076923077,0.369658348622587,0.854073930714148
"ANXA1-DYSF","Anxa1","Dysf","Vangl1",0.000499999999999945,0.746384615384615,0.323055985040508,0.882310818656861,0.746884615384615,0.429283038736845,0.859512289529708
"ANXA1-EGFR","Anxa1","Egfr","Cdh2",0.0312692307692308,0.613230769230769,0.31184391929451,0.849003290110316,0.581961538461538,0.12631425866666,0.87484033288175
"APLN-APLNR","Apln","Aplnr","Asgr1",0.003,0.886692307692308,0.490269102637919,0.921908263982969,0.889692307692308,0.124455154261857,0.965260305786723
"APOB-CALCR","Apob","Calcr","Gpr182",0.0344615384615384,0.631423076923077,0.317084728563736,0.982117282755951,0.665884615384615,0.222874125407378,0.964892587574995
"APOB-ITGAM","Apob","Itgam","Htr2c",0.0156153846153846,0.515346153846154,0.139949974366136,0.953880394813238,0.530961538461538,0.0159079214280896,0.962628217534353
"APOB-ITGB2","Apob","Itgb2","Il2rg",0.0201923076923077,0.610346153846154,0.312796845605693,0.972130830269015,0.590153846153846,0.0438077937614973,0.960615444164893
"APOB-LDLR","Apob","Ldlr","Tek",0.00461538461538469,0.852807692307692,0.537094054182914,0.98047222759822,0.857423076923077,0.538823877361736,0.985755757693052
"APOB-LRP2","Apob","Lrp2","Mst1r",0.0238461538461539,0.577115384615385,0.0933655067371644,0.953280433520418,0.600961538461538,0.159971707371681,0.963150764466809
"APOB-LRP6","Apob","Lrp6","Lifr",0.00280769230769229,0.880538461538461,0.649880504824298,0.984613895877685,0.877730769230769,0.645734621010619,0.978053028836849
"APOB-LRP8","Apob","Lrp8","Notch4",0.0168076923076923,0.754615384615385,0.188315984907802,0.985175149990323,0.771423076923077,0.17308953416853,0.983801045093865
"APOB-LSR","Apob","Lsr","Cftr",0.00580769230769229,0.796923076923077,0.319823810880255,0.981439907102768,0.791115384615385,0.242626820569076,0.98732339849042
"APOD-LEPR","Apod","Lepr","Itga10",0.0032692307692308,0.804538461538462,0.665775269661493,0.929243274627443,0.807807692307692,0.385888472308945,0.915792529514225
"APOE-CHRNA4","Apoe","Chrna4","Il10rb",0.00149999999999995,0.996423076923077,0.846372491133063,0.995239016837623,0.997923076923077,0.935340887688056,0.996651828914264
"APOE-LDLR","Apoe","Ldlr","Sirpa",0.000500000000000056,0.993730769230769,0.891690713368838,0.990265144184246,0.994230769230769,0.929921011988123,0.990884459067157
"APOE-LRP1","Apoe","Lrp1","Nrp1",0.0521538461538461,0.878076923076923,0.841281285897663,0.905089994193923,0.930230769230769,0.753786057810033,0.929243274627443
"APOE-LRP2","Apoe","Lrp2","Gpr182",3.84615384615428e-05,0.999230769230769,0.950282975918667,0.998780723824269,0.999192307692308,0.899640351592153,0.998838784594542
"APOE-LRP5","Apoe","Lrp5","Met",0.000230769230769146,0.994730769230769,0.929099340947936,0.992065028062706,0.9945,0.919060658440828,0.991890845751887
"APOE-LRP8","Apoe","Lrp8","Acvr2b",0,0.997307692307692,0.981532100842006,0.996477646603445,0.997307692307692,0.888275353708671,0.995122895297078
"APOE-SCARB1","Apoe","Scarb1","Flt1",0.000461538461538513,0.992153846153846,0.816687978888942,0.988349138765241,0.991692307692308,0.862565238925852,0.987420166440875
"APOE-SORL1","Apoe","Sorl1","Kit",0.000500000000000056,0.993153846153846,0.850705186596798,0.989200696729243,0.992653846153846,0.930210625591253,0.991619895490613
"APOE-VLDLR","Apoe","Vldlr","Erbb3",0.000346153846153885,0.991576923076923,0.897053820713849,0.986626669247145,0.991923076923077,0.86700535723394,0.988871685697697
"APP-CAV1","App","Cav1","Itga9",0.140884615384615,0.660692307692308,0.566722377190349,0.854867427907877,0.801576923076923,0.741495504566703,0.902361137991097
"APP-CD74","App","Cd74","Sirpa",3.84615384614317e-05,0.956846153846154,0.205860535920215,0.989510354170699,0.956884615384615,0.776969085356385,0.956260886394426
"APP-GPC1","App","Gpc1","Nrxn3",0.0107692307692308,0.827538461538462,0.771669658197596,0.90361912134701,0.838307692307692,0.638875170626642,0.925837042771434
"APP-LRP1","App","Lrp1","Cdon",0.190423076923077,0.578692307692308,0.820586234648822,0.841939229727114,0.769115384615385,0.639669637504489,0.883259144571318
"APP-NCSTN","App","Ncstn","Eng",0.00115384615384606,0.956692307692308,0.797914177187319,0.952738532997871,0.957846153846154,0.780514289595489,0.956454422295336
"APP-NGFR","App","Ngfr","Gjb2",0.000423076923076859,0.989461538461539,0.922814534565962,0.992335978323979,0.989884615384615,0.876528067760601,0.990187729823882
"APP-TNFRSF21","App","Tnfrsf21","Dcc",0.00869230769230767,0.949461538461538,0.853871689216085,0.952332107605961,0.940769230769231,0.7153386185189,0.956396361525063
"ARTN-GFRA1","Artn","Gfra1","Abca1",0,1,1,1,1,1,1
"ARTN-RET","Artn","Ret","Gfra2",7.69230769230855e-05,0.999923076923077,0.999999848867367,0.999883878459454,1,1,1
"B2M-CD247","B2m","Cd247","Pdgfra",0.200230769230769,0.641076923076923,0.827179107688875,0.844629378749758,0.841307692307692,0.749236598124831,0.900658022063093
"B2M-CD3D","B2m","Cd3d","Alk",0.00242307692307697,0.977192307692308,0.812319407483935,0.991561834720341,0.974769230769231,0.56613356619527,0.976698277530482
"B2M-HFE","B2m","Hfe","Tbxa2r",0.000384615384615428,0.998076923076923,0.863322605995424,0.996651828914264,0.998461538461539,0.913178538620772,0.997406618927811
"B2M-TFRC","B2m","Tfrc","Bmpr2",0.000269230769230799,0.822692307692308,0.5317394124132,0.939094251983743,0.822961538461539,0.650855379606797,0.875924133926843
"BCAN-EGFR","Bcan","Egfr","Tek",0.00111538461538452,0.823,0.216321566469613,0.969479388426553,0.821884615384615,0.233935779318491,0.968298819431004
"BCAN-NRCAM","Bcan","Nrcam","Mertk",0.00988461538461538,0.800153846153846,0.729214453835713,0.930133539771628,0.810038461538461,0.316382532965315,0.959396167989162
"BGN-LY96","Bgn","Ly96","Itgam",0,0.998115384615385,0.90919299346491,0.996903425585446,0.998115384615385,0.555649149029037,0.997561447648539
"BGN-TLR1","Bgn","Tlr1","Ccr4",0,1,1,1,1,1,1
"BGN-TLR2","Bgn","Tlr2","Cd180",0.000346153846153774,0.999384615384615,0.921129131356945,0.999109734855816,0.999730769230769,0.995077507172386,0.999690342558545
"BGN-TLR4","Bgn","Tlr4","St14",7.69230769230855e-05,0.998653846153846,0.951544967777091,0.997619508418812,0.998576923076923,0.96352266560376,0.998064640990904
"BMP2-ACVR1","Bmp2","Acvr1","Plxna2",0.00380769230769229,0.940846153846154,0.445862925029019,0.946467969808399,0.944653846153846,0.384506846265642,0.952467582736598
"BMP2-ACVR2A","Bmp2","Acvr2a","Mcam",0.00411538461538463,0.953576923076923,0.401676490159551,0.956860847687246,0.957692307692308,0.571453219990014,0.958486549254887
"BMP2-ACVR2B","Bmp2","Acvr2b","Itga7",0.0706153846153846,0.640192307692308,0.13968676448069,0.866092510160635,0.569576923076923,0.185064446171203,0.874279078769112
"BMP2-BMPR1A","Bmp2","Bmpr1a","Ogfr",0.000192307692307603,0.988692307692308,0.735481682365107,0.985271917940778,0.9885,0.649262811013775,0.984807431778595
"BMP2-BMPR1B","Bmp2","Bmpr1b","Npy1r",0.00942307692307698,0.883730769230769,0.289200821246308,0.922914650667699,0.893153846153846,0.209688354090185,0.95552544997097
"BMP2-BMPR2","Bmp2","Bmpr2","Plxnb2",3.84615384615428e-05,0.984807692307692,0.640975179300007,0.982020514805496,0.984846153846154,0.577564376205594,0.981265724791949
"BMP2-ENG","Bmp2","Eng","Sstr2",0.00584615384615383,0.926576923076923,0.36421373119431,0.93903619121347,0.932423076923077,0.195853971495658,0.972169537449197
"BMP2-HFE2","Bmp2","Hfe2","Il13ra1",0.00938461538461532,0.808,0.273155992591087,0.916508612347591,0.817384615384615,0.272907023685964,0.902322430810915
"BMP3-ACVR1","Bmp3","Acvr1","Plxna1",0.00192307692307692,0.895807692307692,0.445655309219304,0.927733694600348,0.897730769230769,0.42090749989362,0.930907683375266
"BMP3-ACVR2A","Bmp3","Acvr2a","Ror1",0.00165384615384612,0.920884615384615,0.48217293484341,0.942190826398297,0.922538461538462,0.490922347227428,0.939249080704471
"BMP3-ACVR2B","Bmp3","Acvr2b","Cd74",0.0598461538461539,0.580423076923077,0.163458725928818,0.894251983742984,0.640269230769231,0.147371606174063,0.924908070447068
"BMP3-BMPR1A","Bmp3","Bmpr1a","Ptprf",0.000115384615384628,0.981615384615385,0.772325032713485,0.978111089607122,0.9815,0.673058270515851,0.979330365782853
"BMP3-BMPR1B","Bmp3","Bmpr1b","Flt1",0.00296153846153846,0.833730769230769,0.361808472429485,0.913818463324947,0.830769230769231,0.439781703952628,0.90805109347784
"BMP3-BMPR2","Bmp3","Bmpr2","Robo1",0.00419230769230772,0.974923076923077,0.700601259857195,0.973582349525837,0.979115384615385,0.715320890784031,0.977414360363848
"BMP4-ACVR1","Bmp4","Acvr1","Unc5c",0.00350000000000006,0.730769230769231,0.425042488847388,0.868356880201277,0.734269230769231,0.493209544117267,0.878440100638669
"BMP4-ACVR2A","Bmp4","Acvr2a","Fzd1",0.00849999999999995,0.793192307692308,0.40686230546076,0.887304044900329,0.784692307692308,0.552204640283864,0.872208244629379
"BMP4-ACVR2B","Bmp4","Acvr2b","Marco",0.00299999999999989,0.849653846153846,0.303991260572035,0.909444551964389,0.846653846153846,0.292974964589143,0.986046061544417
"BMP4-BMPR1A","Bmp4","Bmpr1a","Eda2r",0.0137307692307692,0.944423076923077,0.668989374955784,0.944919682601122,0.958153846153846,0.32042667713792,0.967215018385911
"BMP4-BMPR1B","Bmp4","Bmpr1b","Vldlr",0.0146153846153846,0.5605,0.308551621994982,0.852874008128508,0.575115384615385,0.288308149420872,0.856415715115154
"BMP4-BMPR2","Bmp4","Bmpr2","Adra2a",0.0135384615384615,0.923384615384615,0.642422561351206,0.932649506483453,0.909846153846154,0.499447002768017,0.956241532804335
"BMP4-HFE2","Bmp4","Hfe2","Nrcam",0.0359615384615385,0.501153846153846,0.261930428002691,0.902245016450552,0.537115384615385,0.221659869812717,0.89396167989162
"BMP5-ACVR1","Bmp5","Acvr1","Trpc3",0.00546153846153852,0.760038461538462,0.403923130094373,0.894793884265531,0.754576923076923,0.222463851102403,0.901935359009096
"BMP5-ACVR2A","Bmp5","Acvr2a","Notch1",0.0106923076923077,0.809730769230769,0.363258417442401,0.909483259144571,0.820423076923077,0.394951008612106,0.911631507644668
"BMP5-ACVR2B","Bmp5","Acvr2b","Tek",0.0183076923076922,0.728384615384615,0.243434535984444,0.892471453454616,0.746692307692308,0.382621683891374,0.894019740661893
"BMP5-BMPR1A","Bmp5","Bmpr1a","Cmklr1",0.0012692307692308,0.936653846153846,0.610052329124472,0.951828914263596,0.935384615384615,0.384373604650548,0.961486355718986
"BMP5-BMPR1B","Bmp5","Bmpr1b","Tacr3",0.00869230769230767,0.637769230769231,0.373550167849046,0.872788852332108,0.629076923076923,0.172851469626438,0.905186762144378
"BMP5-BMPR2","Bmp5","Bmpr2","Robo1",0.00673076923076921,0.919730769230769,0.597177583832539,0.942771434101026,0.926461538461538,0.728814746478272,0.943448809754209
"BMP5-HFE2","Bmp5","Hfe2","Kcnn4",0.00338461538461543,0.577576923076923,0.22246061776519,0.911321850203213,0.574192307692308,0.0988901447455961,0.944184246177666
"BMP6-ACVR1","Bmp6","Acvr1","Egfr",0.00338461538461532,0.913269230769231,0.244693031989678,0.939016837623379,0.909884615384615,0.338024080048962,0.938784594542288
"BMP6-ACVR2A","Bmp6","Acvr2a","Sdc1",0.00230769230769234,0.929153846153846,0.266027247495921,0.949932262434682,0.931461538461538,0.393368926913535,0.947319527772402
"BMP6-ACVR2B","Bmp6","Acvr2b","Fzd6",0.0491538461538462,0.692230769230769,0.142342642744037,0.896555060963809,0.741384615384615,0.350315697405877,0.897561447648539
"BMP6-BMPR1A","Bmp6","Bmpr1a","Ogfr",0.0024615384615384,0.976115384615385,0.480953438100114,0.976930520611573,0.973653846153846,0.440686200840293,0.97646603444939
"BMP6-BMPR1B","Bmp6","Bmpr1b","Cd82",0.00611538461538463,0.862,0.165758365394066,0.92353396555061,0.855884615384615,0.147246313245447,0.92575962841107
"BMP6-BMPR2","Bmp6","Bmpr2","Smo",0.0025384615384616,0.969692307692308,0.452397412057016,0.971801819237469,0.967153846153846,0.432890462374588,0.970389007160828
"BMP7-ACVR1","Bmp7","Acvr1","Ptprb",0.0458846153846153,0.677807692307692,0.388885447031672,0.853203019160054,0.723692307692308,0.270213903384405,0.874530675440294
"BMP7-ACVR2A","Bmp7","Acvr2a","Ednrb",0.0012692307692308,0.7595,0.369924859912979,0.878207857557577,0.760769230769231,0.282666234320425,0.887187923359783
"BMP7-ACVR2B","Bmp7","Acvr2b","Alk",0.00315384615384617,0.878846153846154,0.31505848915589,0.914147474356493,0.882,0.271884247713208,0.938416876330559
"BMP7-BMPR1A","Bmp7","Bmpr1a","Sell",0.00192307692307703,0.928192307692308,0.593688646880579,0.938494290690923,0.930115384615385,0.29957725469509,0.979098122701761
"BMP7-BMPR1B","Bmp7","Bmpr1b","Fgfr3",0.00588461538461538,0.537307692307692,0.185355242755915,0.850687052448229,0.531423076923077,0.301355998850081,0.882368879427134
"BMP7-BMPR2","Bmp7","Bmpr2","Sdc3",0.0095384615384615,0.911230769230769,0.562648572221652,0.928527191794078,0.901692307692308,0.51216941703246,0.926224114573253
"BMP7-ENG","Bmp7","Eng","Sdc4",0.000923076923077026,0.6265,0.358968149688726,0.860325140313528,0.627423076923077,0.334760586836405,0.868647184052642
"BMP8B-ACVR1","Bmp8b","Acvr1","Adcy1",0.00419230769230772,0.980615384615385,0.349583063629931,0.98471066382814,0.976423076923077,0.529970835532161,0.981710857364041
"BMP8B-ACVR2A","Bmp8b","Acvr2a","Ptch1",0.000961538461538458,0.993730769230769,0.627450494189631,0.99355525449971,0.994692307692308,0.559978341121787,0.994193922972711
"BMP8B-ACVR2B","Bmp8b","Acvr2b","Fzd9",0.018,0.916230769230769,0.162781550843084,0.956551190245791,0.934230769230769,0.231753125263329,0.965299012966905
"BMP8B-BMPR1A","Bmp8b","Bmpr1a","Plxna2",0.00184615384615383,0.996076923076923,0.595672223486663,0.995626088639443,0.994230769230769,0.679510759712403,0.992994000387072
"BMP8B-BMPR1B","Bmp8b","Bmpr1b","Crlf1",0.000923076923076915,0.965307692307692,0.34971301071678,0.975343526224115,0.964384615384615,0.341868749176753,0.977530481904393
"BMP8B-BMPR2","Bmp8b","Bmpr2","Igf1r",0.000538461538461488,0.997307692307692,0.676352950702312,0.996438939423263,0.997846153846154,0.70837730184942,0.997077607896265
"BTC-EGFR","Btc","Egfr","Epha7",0.000115384615384628,0.999269230769231,0.88844764808507,0.999148442035998,0.999384615384615,0.837621974149683,0.999341977936907
"BTC-ERBB2","Btc","Erbb2","Ddr1",7.69230769230855e-05,0.999192307692308,0.758049627014766,0.99918714921618,0.999115384615385,0.952978484835274,0.999032320495452
"BTC-ERBB3","Btc","Erbb3","Gpihbp1",0.000115384615384628,0.996884615384615,0.579110216366294,0.997871105089994,0.996769230769231,0.699999446834937,0.997329204567447
"BTC-ERBB4","Btc","Erbb4","Agtr2",0.000115384615384628,0.998692307692308,0.708388428437687,0.99880007741436,0.998807692307692,0.927917857708015,0.998916198954906
"C1QA-CD93","C1qa","Cd93","Ptprz1",0.0307307692307692,0.562961538461539,0.238270865772265,0.840797367911748,0.593692307692308,0.189762294475196,0.878382039868396
"C1QA-CSPG4","C1qa","Cspg4","Gpc4",0.0150000000000001,0.612653846153846,0.16755040960256,0.873872653377201,0.597653846153846,0.241238015219411,0.829301335397716
"C1QB-LRP1","C1qb","Lrp1","Hfe",0.00842307692307687,0.955692307692308,0.490351514079798,0.948113024966131,0.964115384615385,0.504825058361976,0.961815366750532
"C3-C3AR1","C3","C3ar1","Musk",0.00438461538461532,0.938153846153846,0.237411292731079,0.953744919682601,0.933769230769231,0.347105431808419,0.977878846526031
"C3-CD46","C3","Cd46","F3",0.000115384615384628,0.955653846153846,0.345545641553705,0.96177665957035,0.955538461538462,0.210836133125081,0.964157151151539
"C3-CD81","C3","Cd81","Fgfr4",0.0373846153846153,0.861692307692308,0.651879573770256,0.991871492161796,0.824307692307692,0.225943117130795,0.964621637313722
"C3-IFITM1","C3","Ifitm1","Sirpa",0.0189615384615385,0.548730769230769,0.0781500773138681,0.919179407780143,0.529769230769231,0.226787871982605,0.902341784401006
"C3-ITGAM","C3","Itgam","Robo3",0.00984615384615384,0.981576923076923,0.319125149133763,0.98471066382814,0.991423076923077,0.918720019051203,0.997871105089994
"C3-ITGB2","C3","Itgb2","Cd180",0.00107692307692309,0.9935,0.815316796126471,0.998025933810722,0.992423076923077,0.782389892974081,0.99477453067544
"C3-LRP1","C3","Lrp1","Itga7",0.0102307692307693,0.832346153846154,0.398686987574193,0.986278304625508,0.822115384615385,0.234180595938496,0.943603638474937
"C4B-CD46","C4b","Cd46","Cntnap1",0.00938461538461532,0.555884615384615,0.0878191535094539,0.935126766015096,0.5465,0.160348084845237,0.956725372556609
"CALCA-CALCR","Calca","Calcr","F2rl1",0.104230769230769,0.521807692307692,0.897362390256234,0.879891619895491,0.626038461538462,0.576692839452343,0.94083607509193
"CALCA-CALCRL","Calca","Calcrl","Notch3",0.000692307692307659,0.9565,0.204198119757808,0.962473388813625,0.955807692307692,0.215438142351938,0.963015289336172
"CALCA-RAMP1","Calca","Ramp1","Sdc1",0.004,0.973346153846154,0.300221362794845,0.973388813624927,0.969346153846154,0.21704291608631,0.973253338494291
"CALCA-RAMP2","Calca","Ramp2","Gpc1",0.00526923076923069,0.994576923076923,0.524271601911803,0.993303657828527,0.989307692307692,0.43159754252882,0.988020127733695
"CALM1-ABCA1","Calm1","Abca1","Lrrc4c",3.84615384615428e-05,0.999692307692308,0.993590289225998,0.999380685117089,0.999653846153846,0.993603241627079,0.999380685117089
"CALM1-ADCY8","Calm1","Adcy8","Tmprss6",0,1,1,1,1,1,1
"CALM1-ADCYAP1R1","Calm1","Adcyap1r1","Tacr1",0,1,1,1,1,1,1
"CALM1-CACNA1C","Calm1","Cacna1c","Maged1",0.0156153846153846,0.967961538461538,0.536119413199604,0.978982001161215,0.952346153846154,0.991466199690851,0.967563383007548
"CALM1-CALCR","Calm1","Calcr","Fzd6",0,1,1,1,1,1,1
"CALM1-EGFR","Calm1","Egfr","Vangl1",0,0.999384615384615,0.98835583183051,0.99899361331527,0.999384615384615,0.980560886468315,0.998954906135088
"CALM1-FAS","Calm1","Fas","Il1r2",0,1,1,1,1,1,1
"CALM1-GLP2R","Calm1","Glp2r","Ntrk1",0,1,1,1,1,1,1
"CALM1-GRM3","Calm1","Grm3","Il15ra",0,1,1,1,1,1,1
"CALM1-GRM4","Calm1","Grm4","Gpr135",0,1,1,1,1,1,1
"CALM1-GRM5","Calm1","Grm5","Il1r1",0,0.999961538461538,0.997616843317803,0.999922585639636,0.999961538461538,0.998912165663564,0.999922585639636
"CALM1-GRM7","Calm1","Grm7","Cspg4",0.124153846153846,0.868230769230769,0.590540725823438,0.975091929552932,0.992384615384615,0.906327223128151,0.992819818076253
"CALM1-HMMR","Calm1","Hmmr","Itga2b",0.000230769230769257,0.999115384615385,0.989422688741137,0.998296884071995,0.998884615384615,0.856271363429564,0.998258176891813
"CALM1-HTR2C","Calm1","Htr2c","Ephb6",0,1,1,1,1,1,1
"CALM1-INSR","Calm1","Insr","Fzd2",3.84615384615428e-05,0.999923076923077,0.999938604573138,0.999845171279272,0.999961538461538,0.999976001182955,0.999922585639636
"CALM1-KCNN4","Calm1","Kcnn4","Scn8a",0,1,1,1,1,1,1
"CALM1-KCNQ1","Calm1","Kcnq1","Ptpru",0,0.999961538461538,0.99686349503903,0.999922585639636,0.999961538461538,0.988781995189103,0.999922585639636
"CALM1-KCNQ3","Calm1","Kcnq3","Itga10",3.84615384615428e-05,0.999846153846154,0.917632616213568,0.999690342558545,0.999884615384615,0.987156063209465,0.999767756918909
"CALM1-KCNQ5","Calm1","Kcnq5","Itgb1",0.0014615384615384,0.992346153846154,0.767677028548815,0.990052254693246,0.993807692307692,0.995193200047465,0.991174762918521
"CALM1-MYLK","Calm1","Mylk","Boc",0.00153846153846149,0.997,0.94204445519866,0.996438939423263,0.998538461538461,0.989933347417888,0.997638862008903
"CALM1-OPRM1","Calm1","Oprm1","Nrxn2",0,1,1,1,1,1,1
"CALM1-PDE1A","Calm1","Pde1a","Kidins220",0,0.999461538461539,0.978405150388897,0.999032320495452,0.999461538461539,0.997959225735408,0.999032320495452
"CALM1-PDE1B","Calm1","Pde1b","Gcgr",0,1,1,1,1,1,1
"CALM1-PDE1C","Calm1","Pde1c","Slc40a1",3.84615384615428e-05,0.999423076923077,0.995407560578543,0.998858138184633,0.999384615384615,0.987145630423464,0.99899361331527
"CALM1-PTPRA","Calm1","Ptpra","Znrf3",3.84615384615428e-05,0.999653846153846,0.999579662133619,0.999341977936907,0.999615384615385,0.992135051228503,0.999264563576543
"CALM1-SELL","Calm1","Sell","Nt5e",0,0.999961538461538,0.999933475408282,0.999922585639636,0.999961538461538,0.987917173321805,0.999922585639636
"CALM1-TRPC3","Calm1","Trpc3","Ocln",0,0.999961538461538,0.999417776076846,0.999922585639636,0.999961538461538,0.999921312994424,0.999922585639636
"CALM1-TRPC5","Calm1","Trpc5","Marco",0,1,1,1,1,1,1
"CALM1-VIPR1","Calm1","Vipr1","Ccrl2",0,1,1,1,1,1,1
"CALM2-ABCA1","Calm2","Abca1","Sdc4",7.69230769229745e-05,0.997576923076923,0.962838521641067,0.995838978130443,0.9975,0.935043482064765,0.996516353783627
"CALM2-ADCY8","Calm2","Adcy8","Nrcam",0,1,1,1,1,1,1
"CALM2-CACNA1C","Calm2","Cacna1c","Cd81",0.0101923076923076,0.951807692307692,0.447248725354607,0.971337333075285,0.962,0.973316351224503,0.962318560092897
"CALM2-EGFR","Calm2","Egfr","Itga1",0,0.997346153846154,0.940771448569988,0.99597445326108,0.997346153846154,0.956416839747436,0.99578091736017
"CALM2-GRM5","Calm2","Grm5","Ccr9",0,0.999961538461538,0.999140888515516,0.999922585639636,0.999961538461538,0.999486747697741,0.999922585639636
"CALM2-GRM7","Calm2","Grm7","Igf2r",0.123961538461538,0.797923076923077,0.575655926699851,0.979311012192762,0.921884615384615,0.833912680156326,0.955080317398877
"CALM2-INSR","Calm2","Insr","Kremen1",0,0.999615384615385,0.994630786597352,0.999303270756725,0.999615384615385,0.974500130679883,0.999341977936907
"CALM2-KCNQ1","Calm2","Kcnq1","Acvr2b",0,0.999730769230769,0.983079455421283,0.999496806657635,0.999730769230769,0.985009771170583,0.999496806657635
"CALM2-KCNQ3","Calm2","Kcnq3","Itga5",3.84615384615428e-05,0.999846153846154,0.906240061268198,0.999690342558545,0.999807692307692,0.99846874093371,0.999690342558545
"CALM2-KCNQ5","Calm2","Kcnq5","Itga4",0.00130769230769234,0.985961538461538,0.699880452895163,0.983684923553319,0.987269230769231,0.936093278116681,0.984962260499323
"CALM2-MYLK","Calm2","Mylk","Ptprs",0.0042692307692308,0.985884615384615,0.832444467395833,0.987284691310238,0.990153846153846,0.989103392770144,0.987807238242694
"CALM2-PDE1A","Calm2","Pde1a","Dchs1",0.000153846153846171,0.9985,0.974159696200646,0.997251790207083,0.998346153846154,0.961976894217226,0.996942132765628
"CALM2-PDE1B","Calm2","Pde1b","Gpr37",0,1,1,1,1,1,1
"CALM2-PDE1C","Calm2","Pde1c","Chrm3",3.84615384615428e-05,0.998230769230769,0.957398544181728,0.997096961486356,0.998269230769231,0.948269318169238,0.997135668666538
"CALM2-SELL","Calm2","Sell","Cnr1",0,0.999923076923077,0.997271477227839,0.999845171279272,0.999923076923077,0.999627087646083,0.999845171279272
"CALM2-TRPC5","Calm2","Trpc5","Itgal",0,0.999961538461538,0.999304898952632,0.999922585639636,0.999961538461538,0.999204886955098,0.999922585639636
"CALR-ITGA2B","Calr","Itga2b","Vangl1",0.000423076923076859,0.998115384615385,0.784449614825739,0.997135668666538,0.998538461538461,0.963368233838265,0.997484033288175
"CALR-ITGA3","Calr","Itga3","Vipr2",0,0.999692307692308,0.958299573703877,0.999380685117089,0.999692307692308,0.986737143649717,0.999380685117089
"CALR-ITGAV","Calr","Itgav","Znrf3",0.000192307692307714,0.9985,0.969824463845759,0.997096961486356,0.998307692307692,0.960144878382743,0.996748596864718
"CALR-LRP1","Calr","Lrp1","Pde1c",0.00215384615384617,0.991923076923077,0.981267399883052,0.989123282368879,0.994076923076923,0.794739759379604,0.991329591639249
"CALR-SCARF1","Calr","Scarf1","Tlr1",0,1,1,1,1,1,1
"CAMP-EGFR","Camp","Egfr","Mst1r",0.00988461538461538,0.829653846153846,0.0548953064909296,0.950822527578866,0.839538461538462,0.229550000758713,0.959512289529708
"CAMP-IGF1R","Camp","Igf1r","Mc4r",0.000730769230769202,0.920615384615385,0.21900743267955,0.968027869169731,0.919884615384615,0.113824660995502,0.968569769692278
"CAMP-P2RX7","Camp","P2rx7","Grm5",0.00561538461538458,0.654461538461538,0.112604416459571,0.931972130830269,0.648846153846154,0.0154477239564799,0.939307141474744
"CCK-CCKBR","Cck","Cckbr","Itgad",0.00661538461538458,0.993384615384615,0.642378560442741,0.996051867621444,1,1,1
"CCL11-ACKR4","Ccl11","Ackr4","Scarf1",0.000307692307692342,0.696038461538462,0.150055721845546,0.929727114379717,0.695730769230769,0.260915537956452,0.929959357460809
"CCL11-CCR2","Ccl11","Ccr2","P2ry12",0.127038461538462,0.503076923076923,0.161432754114791,0.879117476291852,0.630115384615385,0.129883796676559,0.902167602090188
"CCL2-ACKR4","Ccl2","Ackr4","F2rl1",0.0861538461538462,0.566038461538461,0.166260191646936,0.874550029030385,0.652192307692308,0.482987907122594,0.912618540739307
"CCL2-CCR1","Ccl2","Ccr1","Marco",0.0122307692307692,0.705884615384615,0.185805084735461,0.891252177278885,0.693653846153846,0.0649620346699837,0.938707180181924
"CCL2-CCR2","Ccl2","Ccr2","Kcnd1",0.00511538461538463,0.783192307692308,0.15546180275807,0.931236694406812,0.778076923076923,0.104130659519739,0.935281594735824
"CCL2-CCR4","Ccl2","Ccr4","Smo",0.00719230769230772,1,1,1,0.992807692307692,0.72198449291004,0.990361912134701
"CCL25-ACKR4","Ccl25","Ackr4","Gp1bb",0.00807692307692309,0.928076923076923,0.300422217639157,0.963944261660538,0.936153846153846,0.149305076510105,0.969189084575189
"CCL25-CCR9","Ccl25","Ccr9","Kidins220",0.000346153846153885,0.958807692307692,0.300626408754756,0.965705438358816,0.959153846153846,0.37339768053383,0.980162570156764
"CCL7-ACKR4","Ccl7","Ackr4","Plaur",0.121653846153846,0.535923076923077,0.164268774494314,0.871956647958196,0.657576923076923,0.129883811770196,0.912115347396942
"CCL7-CCR1","Ccl7","Ccr1","Mst1r",0.00680769230769229,0.700769230769231,0.142994230631528,0.865260305786723,0.707576923076923,0.195759520092942,0.937158892974647
"CCL7-CCR2","Ccl7","Ccr2","Itgb4",0.029,0.810038461538461,0.13448082045584,0.92595316431198,0.839038461538462,0.184720488188464,0.938474937100832
"CD14-ITGA4","Cd14","Itga4","Sirpa",0.000192307692307603,0.998653846153846,0.957770057476997,0.999148442035998,0.998461538461539,0.55031901852927,0.999341977936907
"CD14-ITGB1","Cd14","Itgb1","Ntrk3",0.000769230769230744,0.999884615384615,0.988069099314879,0.999845171279272,0.999115384615385,0.575786768452441,0.999380685117089
"CD34-SELL","Cd34","Sell","Flt4",0.00592307692307692,0.9655,0.38080995073415,0.987962066963422,0.971423076923077,0.563946862866906,0.971840526417651
"CDH1-CDH2","Cdh1","Cdh2","Cd3d",0.00580769230769229,0.821269230769231,0.334126002172034,0.922546932455971,0.827076923076923,0.419735313111491,0.965279659376814
"CDH1-EGFR","Cdh1","Egfr","Itga4",0.00307692307692309,0.750384615384615,0.487481843114094,0.892819818076253,0.753461538461539,0.238671866761914,0.904199729049739
"CDH1-ERBB3","Cdh1","Erbb3","Sorl1",0.0183461538461538,0.562115384615385,0.31227488865974,0.885755757693052,0.543769230769231,0.353000369985939,0.864834526804722
"CDH1-IGF1R","Cdh1","Igf1r","Lrp2",0.00326923076923069,0.935115384615385,0.617461304864414,0.948596864718405,0.931846153846154,0.193806036751775,0.960479969034256
"CDH1-ITGAE","Cdh1","Itgae","Mc4r",0.00119230769230771,0.970307692307692,0.288708108802215,0.977201470872847,0.9715,0.253279947557205,0.980356106057674
"CDH1-LRP5","Cdh1","Lrp5","Adora1",0.0147692307692308,0.593230769230769,0.404002786527972,0.876601509580027,0.578461538461538,0.13820512415621,0.921056706018966
"CDH1-PTPRF","Cdh1","Ptprf","Gcgr",0.00426923076923069,0.962730769230769,0.714995057854711,0.962879814205535,0.967,0.974364518791723,0.986684730017418
"CDH1-PTPRM","Cdh1","Ptprm","Ednrb",0.0234615384615384,0.836230769230769,0.41189030139086,0.912018579446487,0.812769230769231,0.363756449449426,0.909444551964389
"CFH-ITGAM","Cfh","Itgam","Fxyd6",0.0130769230769231,0.955576923076923,0.605627710288636,0.96740855428682,0.9425,0.493977603445587,0.952564350687052
"CFH-SELL","Cfh","Sell","Cdon",0.00115384615384617,0.920461538461538,0.216171216751936,0.975111283143023,0.921615384615385,0.393199476794607,0.944493903619121
"CGN-F11R","Cgn","F11r","Plxnc1",0.000307692307692342,0.917846153846154,0.496797559487088,0.939074898393652,0.917538461538462,0.361067404223364,0.939732920456745
"CGN-OCLN","Cgn","Ocln","Itgb4",0.00342307692307686,0.797807692307692,0.517977790549648,0.923495258370428,0.801230769230769,0.23023503324362,0.930191600541901
"CGN-TGFBR1","Cgn","Tgfbr1","Cdh2",0.000884615384615373,0.968,0.590090742919225,0.968221405070641,0.967115384615385,0.503474338170799,0.972111476678924
"CGN-TGFBR2","Cgn","Tgfbr2","Nrp1",0.00169230769230777,0.961038461538462,0.605596241789845,0.96719566479582,0.962730769230769,0.372378056325911,0.967079543255274
"CHAD-ITGA2","Chad","Itga2","Cckbr",0.00819230769230772,0.8035,0.102564800824201,0.952157925295142,0.811692307692308,0.303755636007426,0.962086317011806
"CHAD-ITGB1","Chad","Itgb1","Igf1r",0.0183076923076924,0.990538461538462,0.876211481609721,0.992142442423069,0.972230769230769,0.681673074277999,0.983452680472228
"CLCF1-CNTFR","Clcf1","Cntfr","Kel",0.0015384615384616,0.901884615384615,0.331658586109148,0.962608863944262,0.900346153846154,0.37597033173093,0.968918134313915
"CLCF1-CRLF1","Clcf1","Crlf1","Ramp1",0.00196153846153846,0.9875,0.761621696487997,0.991890845751887,0.989461538461539,0.696037644736479,0.992723050125798
"CLCF1-IL6ST","Clcf1","Il6st","Cdon",0.000192307692307714,0.998384615384615,0.951121590440583,0.998219469711632,0.998192307692308,0.877112814158233,0.998606541513451
"CLCF1-LIFR","Clcf1","Lifr","Tgfbr3",0.000192307692307714,0.994230769230769,0.763736747616947,0.995122895297078,0.994423076923077,0.79323049844944,0.995200309657441
"CLEC11A-KIT","Clec11a","Kit","Musk",0.00430769230769223,0.891192307692308,0.454884085855305,0.927017611766983,0.8955,0.251726882904871,0.961602477259532
"CNTF-CNTFR","Cntf","Cntfr","Lrp8",0.00219230769230772,0.980307692307692,0.604877279090629,0.989820011612154,0.9825,0.525068942244365,0.990903812657248
"CNTF-IL6ST","Cntf","Il6st","Ptpra",0.000346153846153774,0.9995,0.975921314780023,0.999225856396362,0.999846153846154,0.984589906153535,0.999690342558545
"CNTF-LIFR","Cntf","Lifr","Ramp1",3.84615384615428e-05,0.999076923076923,0.938543481941452,0.998954906135088,0.999115384615385,0.988188791954895,0.998954906135088
"CNTN2-CNTN1","Cntn2","Cntn1","Bmpr1b",0.00373076923076932,0.929038461538462,0.960965267804203,0.969401974066189,0.925307692307692,0.509858636279435,0.961041223146894
"CNTN2-CNTNAP2","Cntn2","Cntnap2","Ryk",0.002,0.988076923076923,0.989335182599582,0.991232823688794,0.986076923076923,0.753714785618123,0.989645829301335
"CNTN2-NRCAM","Cntn2","Nrcam","Vangl1",0.000192307692307714,0.936807692307692,0.896982624250926,0.968395587381459,0.937,0.424378105229733,0.973253338494291
"CNTN2-NRP1","Cntn2","Nrp1","Lifr",0.000269230769230799,0.980115384615385,0.652898587596886,0.986858912328237,0.979846153846154,0.683384326295184,0.985136442810141
"CNTN4-PTPRG","Cntn4","Ptprg","Lrp2",0.0032692307692308,0.917615384615385,0.491184851455105,0.947455002903039,0.914346153846154,0.163086423375585,0.957131797948519
"COL11A1-DDR1","Col11a1","Ddr1","Ephb4",0.000692307692307659,0.912384615384615,0.611315667046045,0.94104896458293,0.911692307692308,0.812817096825959,0.946351848267854
"COL11A1-ITGA2","Col11a1","Itga2","Gpr182",0.0012692307692308,0.982653846153846,0.670203893517653,0.978014321656667,0.983923076923077,0.548784529378437,0.9899361331527
"COL11A1-ITGB1","Col11a1","Itgb1","Cdh5",0.027076923076923,0.760076923076923,0.517475509328277,0.93721695374492,0.787153846153846,0.632080533646919,0.905806077027289
"COL14A1-CD44","Col14a1","Cd44","Acvr1c",7.69230769230855e-05,0.999884615384615,0.999510180323528,0.99980646409909,0.999961538461538,0.999586803634909,0.999922585639636
"COL18A1-GPC1","Col18a1","Gpc1","Cd247",0.00134615384615389,0.677807692307692,0.620977224775018,0.855099670988968,0.676461538461538,0.712159794302717,0.835629959357461
"COL18A1-GPC4","Col18a1","Gpc4","Plxnc1",0.000615384615384573,0.929461538461538,0.650063599168985,0.935378362686278,0.928846153846154,0.54957965427878,0.949680665763499
"COL18A1-ITGA5","Col18a1","Itga5","Erbb3",0.000769230769230855,0.972769230769231,0.796331305527861,0.97102767563383,0.973538461538462,0.77221445941777,0.970679311012193
"COL18A1-ITGB1","Col18a1","Itgb1","Lrrc4c",0.00196153846153846,0.856192307692308,0.803089310074847,0.883820398683956,0.854230769230769,0.198036623497246,0.966286046061544
"COL18A1-KDR","Col18a1","Kdr","Cdh5",0.0103846153846154,0.850115384615385,0.748200207163572,0.868840719953551,0.839730769230769,0.729621283193776,0.885755757693052
"COL1A1-CD36","Col1a1","Cd36","Hmmr",0.000730769230769202,0.994961538461538,0.958486856525464,0.99396167989162,0.995692307692308,0.951792357090423,0.993226243468163
"COL1A1-CD44","Col1a1","Cd44","Ptprs",0.0368846153846154,0.904846153846154,0.919084953460635,0.93822334042965,0.941730769230769,0.89641489067083,0.968047222759822
"COL1A1-CD93","Col1a1","Cd93","Ror1",0.000346153846153885,0.994192307692308,0.963864682798757,0.992142442423069,0.993846153846154,0.898391879240859,0.992006967292433
"COL1A1-DDR1","Col1a1","Ddr1","Ptprb",0.000115384615384517,0.999538461538461,0.996185230827548,0.999148442035998,0.999423076923077,0.985585922157107,0.998877491774724
"COL1A1-DDR2","Col1a1","Ddr2","Ocln",3.84615384615428e-05,0.999692307692308,0.998832642498883,0.999380685117089,0.999730769230769,0.985302712973362,0.999651635378363
"COL1A1-FLT4","Col1a1","Flt4","Fas",0,0.999884615384615,0.999680280177853,0.999767756918909,0.999884615384615,0.988726108395826,0.999767756918909
"COL1A1-ITGA1","Col1a1","Itga1","Kdr",0.000269230769230688,0.997423076923077,0.940298630471024,0.996245403522353,0.997692307692308,0.990214161483278,0.996264757112444
"COL1A1-ITGA11","Col1a1","Itga11","Itga7",0,1,1,1,1,1,1
"COL1A1-ITGA2","Col1a1","Itga2","F3",7.69230769230855e-05,0.999538461538461,0.940980040420046,0.999109734855816,0.999615384615385,0.886152723749184,0.999380685117089
"COL1A1-ITGA5","Col1a1","Itga5","Il1r1",0,0.999846153846154,0.999614937290374,0.999690342558545,0.999846153846154,0.994661126443231,0.999690342558545
"COL1A1-ITGAV","Col1a1","Itgav","Npr3",7.69230769230855e-05,0.998923076923077,0.987050459961596,0.99798722663054,0.999,0.959610672821395,0.998567834333269
"COL1A1-ITGB1","Col1a1","Itgb1","Ptprg",0.00353846153846149,0.965115384615385,0.961379570936239,0.970930907683375,0.961576923076923,0.816741626659963,0.964118443971357
"COL1A1-TMPRSS6","Col1a1","Tmprss6","Agr2",0,1,1,1,1,1,1
"COL1A2-CD36","Col1a2","Cd36","Notch2",0.00138461538461532,0.997307692307692,0.980827634933241,0.996013160441262,0.998692307692308,0.996526829867944,0.997638862008903
"COL1A2-CD44","Col1a2","Cd44","Grm7",0.0255384615384616,0.846692307692308,0.882107590679133,0.922798529127153,0.821153846153846,0.805938637270762,0.955235146119605
"COL1A2-CD93","Col1a2","Cd93","Cachd1",0.000346153846153885,0.997423076923077,0.97758903862477,0.996129281981808,0.997076923076923,0.976855111528167,0.995509967098897
"COL1A2-FLT4","Col1a2","Flt4","Vipr2",0,0.999961538461538,0.999941996102549,0.999922585639636,0.999961538461538,0.997712851114047,0.999922585639636
"COL1A2-ITGA1","Col1a2","Itga1","Slc40a1",0.000115384615384628,0.998769230769231,0.96679586202195,0.998064640990904,0.998884615384615,0.967660340619046,0.998103348171086
"COL1A2-ITGA11","Col1a2","Itga11","Acvr1c",0,1,1,1,1,1,1
"COL1A2-ITGA2","Col1a2","Itga2","Gpihbp1",0,0.999692307692308,0.964792854464024,0.999419392297271,0.999692307692308,0.993830538119759,0.999380685117089
"COL1A2-ITGA2B","Col1a2","Itga2b","Nrxn2",0.000230769230769257,0.998269230769231,0.803575465463174,0.997677569189085,0.998038461538462,0.999187846676177,0.998142055351268
"COL1A2-ITGAV","Col1a2","Itgav","Znrf3",3.84615384615428e-05,0.999423076923077,0.989477207498789,0.998877491774724,0.999384615384615,0.996059030567481,0.99880007741436
"COL1A2-ITGB1","Col1a2","Itgb1","Cd3d",0.000423076923076859,0.984730769230769,0.984743977318236,0.984691310238049,0.984307692307692,0.796171510955536,0.996090574801626
"COL1A2-ITGB3","Col1a2","Itgb3","Ryk",0.000384615384615428,0.999153846153846,0.881217289286741,0.998567834333269,0.998769230769231,0.995141523928179,0.99779369072963
"COL2A1-DDR1","Col2a1","Ddr1","Plxnb1",0.0017307692307692,0.991884615384615,0.923771893002638,0.989200696729243,0.990153846153846,0.816464060530801,0.986665376427327
"COL2A1-ITGA1","Col2a1","Itga1","Pecam1",0.00292307692307692,0.973615384615385,0.788304528511944,0.970892200503193,0.976538461538462,0.821032663177607,0.973717824656474
"COL2A1-ITGA10","Col2a1","Itga10","Cntnap1",0.000384615384615428,0.999615384615385,0.980004379862002,0.999341977936907,1,1,1
"COL2A1-ITGA2","Col2a1","Itga2","Cd53",0,0.996884615384615,0.839033205048682,0.994851945035804,0.996884615384615,0.831430723031876,0.99537449196826
"COL2A1-ITGA2B","Col2a1","Itga2b","Fzd4",0.00042307692307697,0.993807692307692,0.590572387968121,0.992529514224889,0.994230769230769,0.915433348080249,0.991329591639249
"COL2A1-ITGB1","Col2a1","Itgb1","Ptprd",0.0526153846153845,0.617692307692308,0.545679919754714,0.877027288562028,0.670307692307692,0.31820034795735,0.880568995548674
"COL2A1-MAG","Col2a1","Mag","Tnfrsf11b",0,0.999769230769231,0.886766572644003,0.999574221017999,0.999769230769231,0.959537143272958,0.99959357460809
"COL3A1-DDR1","Col3a1","Ddr1","Boc",3.84615384615428e-05,0.999846153846154,0.999500554499684,0.999690342558545,0.999884615384615,0.999985014347424,0.999767756918909
"COL3A1-DDR2","Col3a1","Ddr2","Mas1",0,1,1,1,1,1,1
"COL3A1-ITGA2","Col3a1","Itga2","Crlf1",0,0.999846153846154,0.97863682382886,0.999690342558545,0.999846153846154,0.995337578445587,0.999767756918909
"COL3A1-ITGB1","Col3a1","Itgb1","Pde1b",0.000807692307692287,0.993346153846154,0.992388921222509,0.992413392684343,0.994153846153846,0.93838050509064,0.993884265531256
"COL3A1-MAG","Col3a1","Mag","Il13ra1",0,0.999884615384615,0.991009445827428,0.999767756918909,0.999884615384615,0.991748344282975,0.999767756918909
"COL4A1-CD47","Col4a1","Cd47","Cd247",0.0286538461538461,0.687653846153846,0.532031129058977,0.89436810528353,0.659,0.892630590522628,0.905806077027289
"COL4A1-CD93","Col4a1","Cd93","Gfra2",0.00299999999999989,0.953884615384615,0.839143664519161,0.950532223727501,0.956884615384615,0.737234987507201,0.969131023804916
"COL4A1-ITGA1","Col4a1","Itga1","Grm1",7.69230769230855e-05,0.977230769230769,0.892990207163635,0.971356686665376,0.977307692307692,0.753243806413746,0.987013741048965
"COL4A1-ITGA2","Col4a1","Itga2","Htr2a",0.000692307692307659,0.995653846153846,0.853553947213181,0.993284304238436,0.994961538461538,0.69210997344202,0.993574608089801
"COL4A1-ITGAV","Col4a1","Itgav","Ifitm1",0.00250000000000006,0.950653846153846,0.853866693751493,0.949874201664409,0.948153846153846,0.557749140119257,0.972072769498742
"COL4A1-ITGB1","Col4a1","Itgb1","Ptprf",0.1025,0.644807692307692,0.867112509880716,0.834062318560093,0.747307692307692,0.658914522463666,0.882523708147861
"COL4A1-ITGB8","Col4a1","Itgb8","Ldlr",0.0015384615384616,0.981692307692308,0.711159115320243,0.977801432165667,0.983230769230769,0.842725652007237,0.977878846526031
"COL4A2-CD93","Col4a2","Cd93","Ncstn",0.0354615384615384,0.840384615384615,0.718115765684582,0.884923553319141,0.875846153846154,0.675495721697399,0.906735049351655
"COL4A3-CD47","Col4a3","Cd47","Cav1",0.000153846153846171,0.998807692307692,0.874915566937007,0.998219469711632,0.998961538461538,0.951782029880499,0.998490419972905
"COL4A3-CD93","Col4a3","Cd93","Kcnq5",0.001,0.995653846153846,0.667470735496877,0.994813237855622,0.996653846153846,0.766977121267212,0.99597445326108
"COL4A3-ITGA1","Col4a3","Itga1","Hmmr",0.00042307692307697,0.993576923076923,0.547535962075628,0.99276175730598,0.994,0.631419035287883,0.992587574995162
"COL4A3-ITGA2","Col4a3","Itga2","Chrm3",0.00196153846153846,0.953384615384615,0.310171495744606,0.97122121153474,0.951423076923077,0.240766421783317,0.972904973872653
"COL4A3-ITGAV","Col4a3","Itgav","Kcnq5",0.000346153846153774,0.996307692307692,0.716526222383106,0.995277724017805,0.996653846153846,0.766977121267212,0.99597445326108
"COL4A3-ITGB1","Col4a3","Itgb1","Adcy9",0.00042307692307697,0.999961538461538,0.998261429202446,0.999922585639636,0.999538461538461,0.930347255666118,0.999148442035998
"COL4A4-CD47","Col4a4","Cd47","Igf1r",0.000423076923076859,0.995115384615385,0.675733094531329,0.993652022450164,0.995538461538461,0.739110514659164,0.994039094251984
"COL4A4-CD93","Col4a4","Cd93","Epha4",0.000653846153846227,0.983730769230769,0.651324199469949,0.982949487129863,0.984384615384615,0.575190362411042,0.983839752274047
"COL4A4-ITGA1","Col4a4","Itga1","Acvr2a",0.00888461538461538,0.975807692307692,0.494894324623986,0.977007934971937,0.984692307692308,0.620961415737384,0.983955873814593
"COL4A4-ITGA2","Col4a4","Itga2","Kcnq3",0.00123076923076926,0.888961538461538,0.224065145586755,0.944900329011031,0.887730769230769,0.13539947300365,0.953241726340236
"COL4A4-ITGAV","Col4a4","Itgav","Csf1r",0.00238461538461532,0.988615384615385,0.533721090536732,0.986858912328237,0.986230769230769,0.529334565717237,0.984981614089414
"COL4A4-ITGB1","Col4a4","Itgb1","Igf2r",0.000730769230769313,0.999461538461539,0.945458954238439,0.99899361331527,0.998730769230769,0.906265177797219,0.998064640990904
"COL4A5-CD47","Col4a5","Cd47","Htr2c",0.00623076923076926,0.945076923076923,0.627508067449713,0.948113024966131,0.951307692307692,0.17435052594247,0.970176117669828
"COL4A5-CD93","Col4a5","Cd93","Jmjd6",0.0132692307692308,0.814576923076923,0.501037296474134,0.885039674859686,0.801307692307692,0.388732681629835,0.878207857557577
"COL4A5-ITGA1","Col4a5","Itga1","Ddr1",0.00796153846153846,0.722961538461538,0.454933280074904,0.856802786916973,0.730923076923077,0.471885823400178,0.864021676020902
"COL4A5-ITGA2","Col4a5","Itga2","Rtn4rl1",0.00203846153846154,0.879730769230769,0.309602150861011,0.917185988000774,0.877692307692308,0.269728805292218,0.918134313915231
"COL4A5-ITGAV","Col4a5","Itgav","Tyrobp",0.00661538461538458,0.861115384615385,0.51192724452485,0.90081285078382,0.867730769230769,0.398612337403161,0.910141281207664
"COL4A5-ITGB1","Col4a5","Itgb1","Cxcr5",0.000884615384615373,0.991730769230769,0.915924613611992,0.987594348751693,0.992615384615385,0.997223785439348,0.995393845558351
"COL4A6-CD47","Col4a6","Cd47","Mst1r",0.000115384615384628,0.974307692307692,0.687337097766868,0.974027482097929,0.974423076923077,0.669383984590826,0.986781497967873
"COL4A6-CD93","Col4a6","Cd93","Nt5e",0.000269230769230799,0.896653846153846,0.540519412078572,0.931817302109541,0.896384615384615,0.269587809833775,0.938358815560286
"COL4A6-ITGA1","Col4a6","Itga1","Cntnap2",0.00865384615384612,0.827884615384615,0.467564961153073,0.901528933617186,0.819230769230769,0.352048463962334,0.918192374685504
"COL4A6-ITGA2","Col4a6","Itga2","Cd151",0.00334615384615389,0.837423076923077,0.259315856707642,0.906735049351655,0.834076923076923,0.41187818657318,0.905651248306561
"COL4A6-ITGAV","Col4a6","Itgav","Il15ra",0.00361538461538458,0.927576923076923,0.521524215905755,0.944997096961486,0.923961538461539,0.2281610132594,0.958892974646797
"COL4A6-ITGB1","Col4a6","Itgb1","Ntsr1",0.0022692307692308,0.997730769230769,0.919003975645834,0.996593768143991,1,1,1
"COL5A1-ITGA1","Col5a1","Itga1","Grm3",0.00476923076923075,0.962038461538462,0.757110382726845,0.962260499322624,0.957269230769231,0.549350465860421,0.981110896071221
"COL5A1-ITGB1","Col5a1","Itgb1","Neo1",0.216576923076923,0.568730769230769,0.803444677850979,0.861815366750532,0.785307692307692,0.691974351938762,0.89779369072963
"COL5A1-SDC3","Col5a1","Sdc3","Ogfr",0.0151923076923076,0.829038461538462,0.480083429765744,0.942694019740662,0.813846153846154,0.715536493150845,0.899670988968454
"COL5A2-DDR1","Col5a2","Ddr1","Znrf3",3.84615384615428e-05,0.979038461538462,0.882300421175213,0.978420747048578,0.979,0.854173038527163,0.973156570543836
"COL5A2-ITGA1","Col5a2","Itga1","Grm1",0.0123461538461539,0.968884615384615,0.773273728837213,0.968666537642733,0.981230769230769,0.7719724654857,0.98813624927424
"COL5A2-ITGB1","Col5a2","Itgb1","Ptch1",0.374923076923077,0.509192307692308,0.791194672492762,0.854751306367331,0.884115384615385,0.7008587887923,0.929920650280627
"COL5A3-SDC3","Col5a3","Sdc3","Tgfbr2",0.0037307692307692,0.967923076923077,0.61516445355361,0.974704857751113,0.964192307692308,0.664541413895002,0.971356686665376
"COL6A1-ITGA1","Col6a1","Itga1","Acvr1",0.0187692307692308,0.920461538461538,0.644456579959114,0.93359783239791,0.939230769230769,0.798337722298376,0.941726340236114
"COL6A1-ITGA2","Col6a1","Itga2","Adra2a",0.00111538461538463,0.9905,0.72336151482258,0.9865105477066,0.989384615384615,0.810417438791421,0.990090961873427
"COL6A1-ITGA6","Col6a1","Itga6","Boc",0.0104615384615385,0.906884615384615,0.712682127491194,0.920359976775692,0.896423076923077,0.843420062065247,0.920650280627056
"COL6A1-ITGB1","Col6a1","Itgb1","Mylk",0.0326153846153846,0.814538461538462,0.81683125072671,0.906947938842655,0.847153846153846,0.552349809672744,0.939055544803561
"COL6A2-ITGA1","Col6a2","Itga1","Pdgfrb",0.0259230769230769,0.935,0.668508879683495,0.943023030772208,0.909076923076923,0.740073923950215,0.916876330559319
"COL6A2-ITGA2","Col6a2","Itga2","Fzd8",0.000192307692307603,0.9925,0.746911376639834,0.989220050319334,0.992692307692308,0.945989020502408,0.989665182891426
"COL6A2-ITGB1","Col6a2","Itgb1","Erbb4",0.0138846153846154,0.781769230769231,0.828887673821515,0.894890652215986,0.795653846153846,0.326087317782142,0.919218114960325
"COL6A3-ITGA1","Col6a3","Itga1","Itga6",0.000653846153846116,0.947269230769231,0.703083307480427,0.955293206889878,0.946615384615385,0.780671504057578,0.94869363266886
"COL6A3-ITGA2","Col6a3","Itga2","Slc18a2",0.000192307692307714,0.994307692307692,0.800436576157772,0.991407005999613,0.9945,0.778301317469549,0.992277917553706
"COL6A3-ITGB1","Col6a3","Itgb1","Cd47",0.0878076923076924,0.575423076923077,0.799624247674727,0.889065221598607,0.663230769230769,0.52315523976273,0.915482872072769
"COL7A1-ITGA2","Col7a1","Itga2","C5ar1",0.0015384615384616,0.833423076923077,0.8474072502547,0.926978904586801,0.831884615384615,0.43384638532136,0.947667892394039
"COL7A1-ITGB1","Col7a1","Itgb1","Ephb3",0,1,1,1,1,1,1
"COL8A1-ITGA1","Col8a1","Itga1","Ptprz1",0.000615384615384573,0.657423076923077,0.374638747423362,0.881014128120766,0.656807692307692,0.169081386397187,0.901780530288368
"COL8A1-ITGA2","Col8a1","Itga2","Cdh7",0.0309230769230769,0.817846153846154,0.309944451668792,0.911167021482485,0.786923076923077,0.186821933429807,0.95895103541707
"COL9A1-MAG","Col9a1","Mag","Gpr135",0.00211538461538463,0.992115384615385,0.416685478667718,0.991581188310432,0.994230769230769,0.553248172024005,0.995297077607896
"COL9A2-MAG","Col9a2","Mag","Mst1r",0.000923076923076915,0.995038461538462,0.605036908505741,0.994097155022257,0.995961538461538,0.895968536524544,0.996767950454809
"COL9A3-MAG","Col9a3","Mag","Mc4r",0.00315384615384606,0.994576923076923,0.584409747979201,0.994000387071802,0.991423076923077,0.566650832589496,0.992316624733888
"COLQ-MUSK","Colq","Musk","Nmbr",0.00769230769230778,0.725538461538461,0.610306371571854,0.931468937487904,0.733230769230769,0.374610885357328,0.94044900329011
"CP-SLC40A1","Cp","Slc40a1","Ephb3",0.00469230769230777,0.904307692307692,0.403838029912221,0.948712986258951,0.909,0.414975625303683,0.961525062899168
"CSF1-CSF1R","Csf1","Csf1r","Fgfrl1",0.00192307692307692,0.928730769230769,0.576961243347357,0.93381072188891,0.926807692307692,0.588802608789777,0.93903619121347
"CTF1-IL6ST","Ctf1","Il6st","Fgfrl1",0.0103846153846154,0.977192307692308,0.678188450418734,0.972730791561835,0.966807692307692,0.602520615150631,0.966479581962454
"CTF1-LIFR","Ctf1","Lifr","Ncstn",0.00176923076923075,0.957461538461538,0.569955662650739,0.955951228952971,0.959230769230769,0.520308104806422,0.957093090768337
"CTGF-ERBB4","Ctgf","Erbb4","Adcy7",0.000807692307692287,0.684884615384615,0.313508767352932,0.890207083413973,0.685692307692308,0.294866117147997,0.915598993613315
"CTGF-ITGA5","Ctgf","Itga5","Tacr3",0.0145769230769232,0.503730769230769,0.469086951890552,0.886336365395781,0.518307692307692,0.231883399490809,0.920650280627056
"CTGF-ITGAM","Ctgf","Itgam","Ptch2",0.000461538461538402,0.952461538461538,0.185906710036355,0.971066382814012,0.952923076923077,0.333035865379353,0.964911941165086
"CTGF-ITGB2","Ctgf","Itgb2","Fzd10",0.00230769230769234,0.952230769230769,0.612177556603348,0.988445906715696,0.949923076923077,0.423121451323702,0.971492161796013
"CTGF-LRP1","Ctgf","Lrp1","Trpc5",0.00534615384615378,0.936884615384615,0.733374725561847,0.959415521579253,0.942230769230769,0.120708431130995,0.967253725566092
"CTGF-LRP6","Ctgf","Lrp6","Alk",0.00853846153846149,0.855,0.622295087119167,0.922895297077608,0.846461538461538,0.18453562865959,0.944281014128121
"CTGF-NTRK1","Ctgf","Ntrk1","Calcr",0.000153846153846171,1,1,1,0.999846153846154,0.999998026871758,0.999729049738727
"CTHRC1-FZD3","Cthrc1","Fzd3","Ntrk3",0.00488461538461538,0.671076923076923,0.319109193912972,0.886936326688601,0.675961538461539,0.519533604508723,0.8865105477066
"CTHRC1-FZD5","Cthrc1","Fzd5","Slc18a2",0.001,0.974615384615385,0.388207076529379,0.97424037158893,0.975615384615385,0.538543850051157,0.973350106444746
"CTHRC1-FZD6","Cthrc1","Fzd6","Npr1",0.00423076923076926,0.957615384615385,0.638072965265859,0.959260692858525,0.953384615384615,0.71270537083424,0.959821946971163
"CUBN-LRP2","Cubn","Lrp2","St14",0.0341923076923077,0.840884615384615,0.0482399721731595,0.93621056706019,0.875076923076923,0.125881438726124,0.947900135475131
"CX3CL1-CX3CR1","Cx3cl1","Cx3cr1","Itga2b",0.00134615384615377,0.807346153846154,0.256454793008436,0.936152506289917,0.806,0.221355733590266,0.93179794851945
"CXCL12-ACKR3","Cxcl12","Ackr3","Marco",0.000499999999999945,0.950230769230769,0.782704678024998,0.95513837816915,0.949730769230769,0.907209483890749,0.987071801819237
"CXCL12-CCR4","Cxcl12","Ccr4","Tlr1",0,1,1,1,1,1,1
"CXCL12-CXCR4","Cxcl12","Cxcr4","Mchr1",0,1,1,1,1,1,1
"CXCL12-ITGB1","Cxcl12","Itgb1","Mylk",0.0116153846153847,0.823653846153846,0.716642519785606,0.909483259144571,0.812038461538461,0.402995616835133,0.926940197406619
"CXCL12-SDC4","Cxcl12","Sdc4","Pde1b",0.0122692307692308,0.893269230769231,0.476609148886027,0.927694987420166,0.881,0.351660279193774,0.983026901490226
"CXCL13-ACKR4","Cxcl13","Ackr4","Marco",0.00453846153846149,0.564384615384615,0.213743098045038,0.923166247338881,0.559846153846154,0.00944326214399305,0.947396942132766
"CXCL13-CXCR5","Cxcl13","Cxcr5","Gjb2",0.0223076923076924,0.689846153846154,0.330218957059795,0.937971743758467,0.667538461538462,0.045310092283265,0.939984517127927
"CXCL13-HTR2A","Cxcl13","Htr2a","F3",0.0161923076923077,0.603884615384615,0.0593477739032381,0.93259144571318,0.620076923076923,0.0862227995000588,0.931643119798723
"CYR61-CAV1","Cyr61","Cav1","F2rl3",0.00192307692307692,0.97,0.766373797236689,0.975691890845752,0.971923076923077,0.228218340165755,0.980975420940584
"CYR61-ITGA5","Cyr61","Itga5","Cd74",0.0145384615384615,0.728038461538462,0.434574897460012,0.894793884265531,0.7135,0.108657042639138,0.934759047803367
"CYR61-ITGAM","Cyr61","Itgam","Fas",0.00807692307692298,0.935076923076923,0.0963845369391114,0.961815366750532,0.943153846153846,0.2906367582136,0.961892781110896
"CYR61-ITGAV","Cyr61","Itgav","Cdh5",0.00992307692307692,0.931230769230769,0.608589692947269,0.946003483646216,0.921307692307692,0.547240629149042,0.949564544222953
"CYR61-ITGB2","Cyr61","Itgb2","Gpc1",0.015423076923077,0.949269230769231,0.467610641185806,0.987555641571512,0.964692307692308,0.67337166720153,0.967853686858912
"CYR61-ITGB3","Cyr61","Itgb3","Il1rapl1",0.0139230769230769,0.726461538461538,0.141729074402482,0.898354944842268,0.740384615384615,0.318034477253507,0.89516160247726
"CYR61-ITGB5","Cyr61","Itgb5","Tlr2",0.00138461538461532,0.952538461538462,0.672344392170667,0.958331720534159,0.953923076923077,0.27046766682893,0.967563383007548
"DCN-EGFR","Dcn","Egfr","Pecam1",0.00507692307692309,0.960461538461538,0.824097345420163,0.959880007741436,0.965538461538462,0.826983553921059,0.964544222953358
"DCN-ERBB4","Dcn","Erbb4","Ogfr",0.0191153846153846,0.836615384615385,0.292164425165552,0.92815947358235,0.8175,0.665575827162079,0.898142055351268
"DCN-MET","Dcn","Met","S1pr1",0.000923076923076915,0.986961538461538,0.830902896252494,0.982659183278498,0.987884615384615,0.8101915225918,0.986162183084962
"DHH-BOC","Dhh","Boc","Tgfbr2",0.001,0.995923076923077,0.3668752571851,0.995819624540352,0.996923076923077,0.422492783633689,0.9967873040449
"DHH-CDON","Dhh","Cdon","Fxyd6",0,0.997961538461538,0.570402327422427,0.997445326107993,0.997961538461538,0.514086443568419,0.997484033288175
"DHH-HHIP","Dhh","Hhip","Cd109",0.000115384615384628,0.975884615384615,0.279335495000062,0.982252757886588,0.975769230769231,0.219269971922865,0.982020514805496
"DHH-PTCH1","Dhh","Ptch1","Csf1r",0,0.9955,0.337642914723415,0.995703502999806,0.9955,0.367682382353625,0.995645442229534
"DHH-PTCH2","Dhh","Ptch2","Grm3",0.0128461538461538,0.915692307692308,0.0923213619554369,0.963615250628992,0.928538461538462,0.105054278885837,0.969672924327463
"DKK1-KREMEN1","Dkk1","Kremen1","Itga8",0,1,1,1,1,1,1
"DKK1-KREMEN2","Dkk1","Kremen2","Ror1",3.84615384615428e-05,0.999961538461538,0.999999999906106,0.999922585639636,1,1,1
"DKK1-LRP5","Dkk1","Lrp5","Tek",0,1,1,1,1,1,1
"DKK1-LRP6","Dkk1","Lrp6","Fzd2",0,1,1,1,1,1,1
"DKK2-KREMEN2","Dkk2","Kremen2","Musk",0.00419230769230761,0.956807692307692,0.455397931740287,0.974550029030385,0.961,0.4774398579223,0.976698277530482
"DKK2-LRP6","Dkk2","Lrp6","Itgb8",3.84615384615428e-05,0.806192307692308,0.495175381156889,0.904044900329011,0.806230769230769,0.22669836769992,0.90361912134701
"DLK1-NOTCH1","Dlk1","Notch1","Cd36",0.0014615384615384,0.976538461538462,0.811284898807838,0.980839945809948,0.978,0.866679350618287,0.986820205148055
"DLK1-NOTCH2","Dlk1","Notch2","Ror1",0.00111538461538463,0.982423076923077,0.902770036947161,0.978343332688214,0.981307692307692,0.795126206923012,0.980588349138765
"DLK1-NOTCH3","Dlk1","Notch3","Sell",0.000807692307692287,0.993346153846154,0.931284173307061,0.990884459067157,0.994153846153846,0.85073967124445,0.996245403522353
"DLK1-NOTCH4","Dlk1","Notch4","F3",3.84615384615428e-05,0.998846153846154,0.943455304594865,0.998258176891813,0.998884615384615,0.79763662884369,0.998354944842268
"DLK2-NOTCH1","Dlk2","Notch1","Sort1",0.000230769230769257,0.966115384615385,0.455810018287017,0.974066189278111,0.965884615384615,0.500316321308407,0.969866460228372
"DLL1-NOTCH1","Dll1","Notch1","Cd9",0.00134615384615377,0.978423076923077,0.602209130080503,0.9800851557964,0.979769230769231,0.564171090893312,0.981323785562222
"DLL1-NOTCH2","Dll1","Notch2","Ptgir",0.00103846153846154,0.980846153846154,0.546562739112031,0.981710857364041,0.981884615384615,0.441919032238971,0.991329591639249
"DLL1-NOTCH3","Dll1","Notch3","Plxna1",0.00323076923076926,0.966769230769231,0.450480326728553,0.971105089994194,0.97,0.468853142041351,0.974124250048384
"DLL1-NOTCH4","Dll1","Notch4","Robo4",0.00873076923076932,0.839730769230769,0.261625777803671,0.925411263789433,0.831,0.204066767324242,0.924230694793884
"DLL3-NOTCH1","Dll3","Notch1","Cdh19",0.00911538461538464,0.920076923076923,0.571643005344727,0.97646603444939,0.910961538461538,0.105703136005587,0.970756725372557
"DLL3-NOTCH2","Dll3","Notch2","Itgb5",0.00680769230769229,0.920807692307692,0.558241636050678,0.979407780143217,0.927615384615385,0.617275459078827,0.978652990129669
"DLL3-NOTCH3","Dll3","Notch3","Sstr2",0.0027307692307692,0.887730769230769,0.497689530006814,0.971608283336559,0.885,0.372626082513327,0.968453648151732
"DLL3-NOTCH4","Dll3","Notch4","Tacr1",0.00800000000000001,0.754576923076923,0.339352625205104,0.94809367137604,0.746576923076923,0.408225874795394,0.935939616798916
"DLL4-NOTCH1","Dll4","Notch1","Robo2",0.00134615384615377,0.980846153846154,0.615499930467106,0.978053028836849,0.9795,0.564721157417696,0.979794851945036
"DLL4-NOTCH2","Dll4","Notch2","Tfrc",0.00142307692307697,0.979538461538462,0.453741614993343,0.979040061931488,0.978115384615385,0.5312989896834,0.977511128314302
"DLL4-NOTCH3","Dll4","Notch3","Ddr1",0.00257692307692314,0.960115384615385,0.436939471960314,0.963770079349719,0.962692307692308,0.407475573735661,0.963499129088446
"DLL4-NOTCH4","Dll4","Notch4","Lrp11",0.00476923076923075,0.853769230769231,0.166123940197318,0.926301528933617,0.849,0.163791799044702,0.932030191600542
"DSCAM-DCC","Dscam","Dcc","Ldlr",0.00307692307692309,0.780961538461538,0.873840241995355,0.910102574027482,0.777884615384615,0.305623860543133,0.950454809367138
"DUSP18-CD151","Dusp18","Cd151","Cmklr1",0.00384615384615383,0.913884615384615,0.446214923639719,0.92475324172634,0.910038461538462,0.190648536724966,0.946158312366944
"DUSP18-ITGA1","Dusp18","Itga1","Unc5a",0.00107692307692309,0.883730769230769,0.370007186562554,0.918269789045868,0.884807692307692,0.269649323642429,0.929959357460809
"DUSP18-ITGA2","Dusp18","Itga2","Rtn4rl1",0.0108076923076923,0.805230769230769,0.193432897501049,0.894987420166441,0.794423076923077,0.205733051123959,0.900522546932456
"DUSP18-ITGA3","Dusp18","Itga3","Bcam",0.0183461538461538,0.762461538461539,0.228213241910856,0.895838978130443,0.780807692307692,0.386269552736526,0.916798916198955
"DUSP18-ITGA6","Dusp18","Itga6","Dcbld2",0.000115384615384628,0.931769230769231,0.518083287311298,0.934313915231275,0.931884615384615,0.51034383499823,0.934642926262822
"DUSP18-ITGA7","Dusp18","Itga7","Kcnq3",0.0194615384615384,0.6295,0.19888945101999,0.899477453067544,0.610038461538462,0.297354500486271,0.902032126959551
"DUSP18-ITGB1","Dusp18","Itgb1","Mchr1",0.00211538461538463,0.997153846153846,0.915673488467416,0.995471259918715,0.999269230769231,0.779773980893638,0.999225856396362
"DUSP18-ITGB4","Dusp18","Itgb4","Rtn4r",0.00542307692307686,0.894384615384615,0.250405039213246,0.944377782078576,0.888961538461538,0.522667107553204,0.959280046448616
"EBI3-IL6ST","Ebi3","Il6st","Ntrk2",0.000192307692307714,0.971,0.515427205498558,0.9734468743952,0.971192307692308,0.741907217569592,0.974279078769112
"ECM1-CACHD1","Ecm1","Cachd1","Pecam1",0.000769230769230855,0.964692307692308,0.625238188047804,0.975730598025934,0.963923076923077,0.609418494169073,0.973369460034836
"EDA-EDA2R","Eda","Eda2r","Ptprs",0.0075384615384616,0.968038461538462,0.379251225476335,0.970737371782466,0.975576923076923,0.736324840104064,0.970098703309464
"EDIL3-ITGAV","Edil3","Itgav","Nrxn3",0.00473076923076921,0.721615384615385,0.288647063813749,0.914824850009677,0.726346153846154,0.844505831924295,0.898296884071995
"EDIL3-ITGB5","Edil3","Itgb5","Lrp4",0.00215384615384617,0.7605,0.251635050786495,0.927211147667892,0.758346153846154,0.309717243440771,0.904122314689375
"EDN1-EDNRA","Edn1","Ednra","Pde1c",0.001,0.971884615384615,0.400369736492926,0.973698471066383,0.972884615384615,0.316487868957956,0.973504935165473
"EDN1-EDNRB","Edn1","Ednrb","Lrp6",0.00323076923076926,0.985038461538462,0.551563799236195,0.982949487129863,0.988269230769231,0.550753788560717,0.985329978711051
"EDN1-KEL","Edn1","Kel","Alox5",0.00734615384615389,0.907230769230769,0.201874210626151,0.953590090961873,0.899884615384615,0.229493531233002,0.963324946777627
"EDN3-EDNRA","Edn3","Ednra","Mc4r",0.00184615384615383,0.938192307692308,0.581328140358763,0.959899361331527,0.940038461538461,0.170107803291388,0.971395393845558
"EDN3-EDNRB","Edn3","Ednrb","Cachd1",0.000307692307692342,0.964115384615385,0.617642467899803,0.970795432552738,0.963807692307692,0.635252044930615,0.968047222759822
"EDN3-KEL","Edn3","Kel","Chrm3",0.00884615384615395,0.704923076923077,0.121645592077375,0.936346042190826,0.713769230769231,0.289673910111417,0.906328623959745
"EFEMP1-EGFR","Efemp1","Egfr","Cd74",0.015423076923077,0.791884615384615,0.515133731622589,0.888987807238243,0.776461538461538,0.162599300774631,0.93922972711438
"EFEMP2-AQP1","Efemp2","Aqp1","Nrp2",0.0404230769230769,0.625769230769231,0.639258944745883,0.877453067544029,0.585346153846154,0.577045595330495,0.85473195277724
"EFEMP2-LINGO1","Efemp2","Lingo1","F11r",0.00634615384615378,0.860846153846154,0.428935140726126,0.987710470292239,0.8545,0.532827303865011,0.893652022450165
"EFEMP2-PLSCR4","Efemp2","Plscr4","Kcnq1",0.00542307692307697,0.969423076923077,0.576874947995374,0.964002322430811,0.964,0.500634480209153,0.970447067931101
"EFNA1-EPHA1","Efna1","Epha1","Itgb1",0.0022692307692308,0.990692307692308,0.716013112027476,0.992877878846526,0.992961538461538,0.887816521415893,0.988484613895878
"EFNA1-EPHA3","Efna1","Epha3","Fzd8",0.00330769230769234,0.741884615384615,0.396887367631505,0.844377782078576,0.745192307692308,0.397149456803882,0.875014515192568
"EFNA1-EPHA4","Efna1","Epha4","Boc",0.0045384615384616,0.706923076923077,0.371727036729919,0.851732146313141,0.711461538461538,0.535434283718805,0.860886394426166
"EFNA1-EPHA5","Efna1","Epha5","Bambi",0.00384615384615383,0.553461538461538,0.221038282728919,0.877724017805303,0.549615384615385,0.422236333334263,0.845693826204761
"EFNA1-EPHA6","Efna1","Epha6","Mcam",0.0055384615384616,0.743538461538461,0.129444509417429,0.894213276562802,0.749076923076923,0.542188655868679,0.847513063673311
"EFNA1-EPHA7","Efna1","Epha7","Lyve1",0.00288461538461537,0.750807692307692,0.402390477252519,0.839790981227018,0.753692307692308,0.228480174009601,0.873079156183472
"EFNA1-EPHA8","Efna1","Epha8","Neo1",0.001,0.9485,0.279397065204744,0.973253338494291,0.9475,0.664206443638113,0.939423263015289
"EFNA1-EPHB1","Efna1","Ephb1","Nrcam",0.0147307692307692,0.625115384615385,0.175701574878565,0.887904006193149,0.639846153846154,0.214700812937406,0.899167795626089
"EFNA1-EPHB6","Efna1","Ephb6","Gp9",0.000807692307692287,0.965423076923077,0.383719891322957,0.970040642539191,0.964615384615385,0.158312024330785,0.96860847687246
"EFNA2-EPHA1","Efna2","Epha1","Mst1r",0.00776923076923075,0.973192307692308,0.476109403608111,0.986800851557964,0.965423076923077,0.518865086148552,0.983162376620863
"EFNA2-EPHA3","Efna2","Epha3","Kremen2",0.00611538461538463,0.920615384615385,0.501910436140318,0.931972130830269,0.926730769230769,0.203500510880818,0.957286626669247
"EFNA2-EPHA4","Efna2","Epha4","Tnfrsf13b",0.00523076923076926,0.939538461538462,0.629090895022143,0.945442229533578,0.944769230769231,0.232421872582549,0.962550803173989
"EFNA2-EPHA5","Efna2","Epha5","Tmem67",0.00819230769230772,0.767961538461538,0.486717747536469,0.899051674085543,0.776153846153846,0.286136748103271,0.882407586607316
"EFNA2-EPHA6","Efna2","Epha6","Kcnn4",0.0146538461538462,0.600230769230769,0.32029194325733,0.862608863944262,0.585576923076923,0.13434269581445,0.940545771240565
"EFNA2-EPHA7","Efna2","Epha7","Agtr2",0.00130769230769234,0.935769230769231,0.591952458384404,0.938242694019741,0.934461538461538,0.640238659668224,0.957209212308883
"EFNA2-EPHA8","Efna2","Epha8","Tnfrsf11b",0.0113076923076922,0.905346153846154,0.266508705694491,0.956551190245791,0.894038461538462,0.330572170087256,0.942732726920844
"EFNA3-EPHA1","Efna3","Epha1","Oprm1",0.00203846153846154,0.921846153846154,0.285129519631845,0.977007934971937,0.923884615384615,0.861119306000173,0.973292045674473
"EFNA3-EPHA3","Efna3","Epha3","Sdc2",0.00265384615384612,0.892807692307692,0.680403011550805,0.973892006967292,0.895461538461538,0.745476725445499,0.979330365782853
"EFNA3-EPHA4","Efna3","Epha4","Bmpr2",0.00242307692307686,0.980769230769231,0.98590528006804,0.985871879233598,0.978346153846154,0.979212034899015,0.981768918134314
"EFNA3-EPHA5","Efna3","Epha5","Unc5c",0.000115384615384628,0.9155,0.93309697790689,0.97263402361138,0.915615384615385,0.840051175187092,0.958041416682795
"EFNA3-EPHA6","Efna3","Epha6","Cd82",0.00119230769230771,0.799423076923077,0.82743767315066,0.93419779369073,0.800615384615385,0.31237219320678,0.974937100832204
"EFNA3-EPHA7","Efna3","Epha7","Oprm1",0.000307692307692231,0.924192307692308,0.847868892409496,0.965357073737178,0.923884615384615,0.861119306000173,0.973292045674473
"EFNA3-EPHA8","Efna3","Epha8","Pde1c",0.000807692307692287,0.871538461538462,0.39663648688885,0.953048190439327,0.872346153846154,0.798127723151365,0.957983355912522
"EFNA3-EPHB1","Efna3","Ephb1","Ddr1",0.00938461538461532,0.875576923076923,0.955514408671729,0.951616024772595,0.866192307692308,0.722821237563433,0.976388620089026
"EFNA3-EPHB6","Efna3","Ephb6","Gfra1",0.0133846153846153,0.775076923076923,0.507692967095136,0.926243468163344,0.788461538461538,0.67095035955334,0.948171085736404
"EFNA4-EPHA1","Efna4","Epha1","Bmpr1a",0.00238461538461532,0.981923076923077,0.645043275543907,0.989394232630153,0.979538461538462,0.754207819166189,0.971743758467196
"EFNA4-EPHA3","Efna4","Epha3","Mcam",0.0012692307692308,0.897807692307692,0.602958423392501,0.909347784013935,0.899076923076923,0.546484564778685,0.915986065415134
"EFNA4-EPHA4","Efna4","Epha4","Ncstn",0.000461538461538402,0.895692307692308,0.512118580021444,0.914863557189859,0.895230769230769,0.480319225504689,0.909115540932843
"EFNA4-EPHA5","Efna4","Epha5","Lrp5",0.00680769230769229,0.663653846153846,0.335034119551045,0.879020708341397,0.670461538461538,0.380487296300754,0.843739113605574
"EFNA4-EPHA6","Efna4","Epha6","Nrxn2",0.0188846153846154,0.555307692307692,0.151206121483925,0.874491968260112,0.536423076923077,0.222043161186906,0.894658409134894
"EFNA4-EPHA7","Efna4","Epha7","Il2ra",0.000346153846153885,0.905846153846154,0.557217661472161,0.913760402554674,0.9055,0.170099319797137,0.981788271724405
"EFNA4-EPHA8","Efna4","Epha8","Csf1r",0.00176923076923075,0.916461538461538,0.291254131971665,0.958293013353977,0.918230769230769,0.500585775847674,0.925933810721889
"EFNA5-EPHA1","Efna5","Epha1","Mst1r",0.000192307692307603,0.998692307692308,0.937061477261234,0.998296884071995,0.9985,0.943648810834354,0.998258176891813
"EFNA5-EPHA3","Efna5","Epha3","Jmjd6",0.0250384615384616,0.71,0.428714010790536,0.82717244048771,0.735038461538462,0.498281230747519,0.818985871879234
"EFNA5-EPHA4","Efna5","Epha4","Boc",0.0058076923076924,0.674769230769231,0.452384829268967,0.842152119218115,0.668961538461538,0.616104856514447,0.841900522546932
"EFNA5-EPHA5","Efna5","Epha5","Eng",0.0117307692307692,0.814615384615385,0.380715168356557,0.920243855235146,0.826346153846154,0.52086682527419,0.879175537062125
"EFNA5-EPHA6","Efna5","Epha6","Cdh10",0.00534615384615389,0.921576923076923,0.395473066762648,0.946216373137217,0.926923076923077,0.497432138966142,0.95513837816915
"EFNA5-EPHA7","Efna5","Epha7","Fzd3",0.00319230769230772,0.710807692307692,0.48996100051346,0.822198567834333,0.714,0.427434641364195,0.849970969614864
"EFNA5-EPHA8","Efna5","Epha8","Asgr1",0.00215384615384617,0.985,0.597903912020223,0.988407199535514,0.987153846153846,0.59232051335294,0.991252177278885
"EFNA5-EPHB1","Efna5","Ephb1","Ephb3",0.0170384615384616,0.846076923076923,0.49502126094698,0.923495258370428,0.829038461538462,0.516835687688111,0.871298625895104
"EFNA5-EPHB2","Efna5","Ephb2","Cd47",0.111076923076923,0.804576923076923,0.529501024503673,0.85976388620089,0.6935,0.418052518967023,0.821385717050513
"EFNA5-EPHB6","Efna5","Ephb6","Npy1r",0.00103846153846154,0.992807692307692,0.668274578684121,0.990884459067157,0.993846153846154,0.827624414150254,0.994116508612348
"EFNB1-EPHA4","Efnb1","Epha4","Gpc4",0.0438846153846154,0.568192307692308,0.352490112353075,0.848345268047223,0.612076923076923,0.39366155376683,0.841552157925295
"EFNB1-EPHA6","Efnb1","Epha6","Grm5",0.00334615384615389,0.816423076923077,0.187599048860434,0.924579059415522,0.813076923076923,0.192920562711951,0.964157151151539
"EFNB1-EPHB1","Efnb1","Ephb1","Ldlr",0.0159230769230769,0.720423076923077,0.252498835477027,0.908960712212115,0.7045,0.437529324408876,0.847784013934585
"EFNB1-EPHB2","Efnb1","Ephb2","Insr",0.0263076923076924,0.535769230769231,0.36195336534523,0.829630346429263,0.509461538461538,0.37671785873952,0.824520998645249
"EFNB1-EPHB3","Efnb1","Ephb3","Sdc4",0.00269230769230777,0.606192307692308,0.426698416519308,0.82777240178053,0.6035,0.345060024388183,0.859028449777434
"EFNB1-EPHB4","Efnb1","Ephb4","Acvr1",0.000153846153846171,0.557884615384615,0.579705496635736,0.839965163537836,0.558038461538461,0.403953519276281,0.824733888136249
"EFNB1-EPHB6","Efnb1","Ephb6","Stra6",0.00203846153846154,0.979115384615385,0.463975702543187,0.979059415521579,0.977076923076923,0.624164995384789,0.981768918134314
"EFNB1-ERBB2","Efnb1","Erbb2","Ryk",0.00084615384615383,0.700384615384615,0.444377835731453,0.844184246177666,0.701230769230769,0.514820080090686,0.831449583897813
"EFNB2-EPHA3","Efnb2","Epha3","Fzd1",0.042923076923077,0.550692307692308,0.486547963622799,0.8066382814012,0.507769230769231,0.49118098402349,0.803580414166828
"EFNB2-EPHA4","Efnb2","Epha4","Egfr",0.00900000000000001,0.563461538461538,0.540328033654093,0.835494484226824,0.572461538461538,0.511134032821334,0.832455970582543
"EFNB2-EPHA6","Efnb2","Epha6","Fzd8",0.00430769230769223,0.835423076923077,0.263376831688099,0.913179794851945,0.839730769230769,0.47461137156545,0.902554673892007
"EFNB2-EPHB1","Efnb2","Ephb1","Tyrobp",0.00103846153846154,0.728461538461538,0.357079185066991,0.896961486355719,0.727423076923077,0.402311048535065,0.842132765628024
"EFNB2-EPHB2","Efnb2","Ephb2","Boc",0.0228846153846154,0.580461538461538,0.415333025414369,0.818792335978324,0.557576923076923,0.555647961583032,0.85291271530869
"EFNB2-EPHB3","Efnb2","Ephb3","Tek",0.00188461538461526,0.6275,0.386046627790163,0.828004644861622,0.625615384615385,0.428396931953806,0.824850009676795
"EFNB2-EPHB4","Efnb2","Ephb4","Mylk",0.00561538461538469,0.565307692307692,0.563856484763533,0.843410102574027,0.570923076923077,0.47267247406606,0.856106057673699
"EFNB2-EPHB6","Efnb2","Ephb6","Il15ra",0.00223076923076926,0.983307692307692,0.524884240946302,0.982330172246952,0.981076923076923,0.513645093448629,0.980181923746855
"EFNB2-GRM1","Efnb2","Grm1","Rtn4rl1",0.00461538461538458,0.950230769230769,0.51368178547511,0.978304625508032,0.945615384615385,0.420465353557753,0.950377395006774
"EFNB2-GRM5","Efnb2","Grm5","Gp1bb",0.00838461538461543,0.817115384615385,0.367467529956886,0.959434875169344,0.8255,0.557062295050619,0.889181343139152
"EFNB2-PECAM1","Efnb2","Pecam1","Mcam",0.0193846153846153,0.534692307692308,0.49990737728527,0.819818076253145,0.554076923076923,0.437052987650209,0.840197406618928
"EFNB3-EPHA4","Efnb3","Epha4","Agtr2",0.00800000000000001,0.7545,0.56702573609235,0.881459260692859,0.7625,0.276843327450468,0.933984904199729
"EFNB3-EPHB1","Efnb3","Ephb1","Vldlr",0.0196923076923077,0.6035,0.498637089668469,0.87646603444939,0.583807692307692,0.402204442486194,0.846951809560674
"EFNB3-EPHB2","Efnb3","Ephb2","Ntrk3",0.00350000000000006,0.654423076923077,0.434530927238622,0.855312560479969,0.657923076923077,0.538884343715414,0.891968260112251
"EFNB3-EPHB3","Efnb3","Ephb3","Flt1",0.00492307692307692,0.599769230769231,0.294247660677149,0.863421714728082,0.594846153846154,0.286490089350664,0.84548093671376
"EFNB3-EPHB4","Efnb3","Ephb4","Hfe2",0.0203846153846154,0.642115384615385,0.342721471841426,0.887904006193149,0.621730769230769,0.206034184068481,0.916392490807045
"EFNB3-EPHB6","Efnb3","Ephb6","Tnfrsf13b",0.00542307692307697,0.974653846153846,0.56197828497535,0.973601703115928,0.969230769230769,0.342358623874395,0.975130636733114
"EGF-CAV1","Egf","Cav1","Abca1",7.69230769230855e-05,0.996576923076923,0.765434480039175,0.995103541706987,0.996653846153846,0.716026344594869,0.995103541706987
"EGF-EGFR","Egf","Egfr","Cntnap2",0.00134615384615389,0.984192307692308,0.470876234847368,0.983723630733501,0.982846153846154,0.499362905274788,0.982388233017225
"EGF-ERBB2","Egf","Erbb2","Znrf3",0.00142307692307697,0.980230769230769,0.4244628378913,0.978498161408941,0.978807692307692,0.588426604880257,0.977317592413393
"EGF-ERBB3","Egf","Erbb3","Fap",0.000192307692307603,0.961653846153846,0.369074500428837,0.968627830462551,0.961846153846154,0.612868569312236,0.97445326107993
"EGF-ERBB4","Egf","Erbb4","Pecam1",0.000153846153846171,0.985346153846154,0.67451241492146,0.983742984323592,0.9855,0.450931901877494,0.984381652796594
"EGF-FSHR","Egf","Fshr","Unc5a",0.0113076923076924,0.865769230769231,0.626681517671157,0.938978130443197,0.877076923076923,0.193978281389189,0.941107025353203
"EPO-EPOR","Epo","Epor","Crlf1",0.0201153846153846,0.979884615384615,0.999048719002778,0.99858718792336,1,1,1
"F10-F3","F10","F3","Cd74",0.014,0.508692307692308,0.0289114160289626,0.948732339849042,0.522692307692308,0.022243817475691,0.959609057480163
"F10-ITGAM","F10","Itgam","Nrxn2",0.00138461538461543,0.778384615384615,0.147235748299767,0.950164505515773,0.777,0.214543444626935,0.99417456938262
"F10-ITGB2","F10","Itgb2","Notch2",0.000884615384615373,0.870961538461538,0.37350038051238,0.982020514805496,0.871846153846154,0.64535505081927,0.985949293593962
"F11-GP1BA","F11","Gp1ba","Il17rb",0.0221923076923076,0.648346153846154,0.466475881802864,0.963421714728082,0.626153846153846,0.0673962984313692,0.971395393845558
"F12-CD93","F12","Cd93","Ramp1",0.00203846153846154,0.878807692307692,0.662850417881987,0.982117282755951,0.880846153846154,0.740923187920219,0.979136829881943
"F12-GP1BA","F12","Gp1ba","Cdh5",0.00219230769230772,0.897,0.508790863264891,0.967834333268821,0.899192307692308,0.767946896998096,0.978885233210761
"F13A1-ITGA4","F13a1","Itga4","Cd151",0.00596153846153846,0.726076923076923,0.295227989123075,0.865821559899361,0.720115384615385,0.271306134065307,0.848480743177859
"F13A1-ITGA9","F13a1","Itga9","Bmpr2",0.00234615384615378,0.900346153846154,0.450831413370253,0.916547319527772,0.898,0.427292670568065,0.910760596090575
"F13A1-ITGB1","F13a1","Itgb1","Gp1ba",0.000230769230769257,0.979961538461538,0.725083281557914,0.973408167215018,0.980192307692308,0.381926730603372,0.985600928972324
"F2-F2R","F2","F2r","Pdgfrb",0.000769230769230744,0.748192307692308,0.210898715536414,0.952641765047416,0.748961538461538,0.15420032647115,0.954209405844784
"F2-F2RL1","F2","F2rl1","Cd180",0.00196153846153846,0.985961538461538,0.995325556102868,0.996013160441262,0.984,0.644446703682566,0.989820011612154
"F2-F2RL3","F2","F2rl3","Tnfrsf13b",0.0258846153846153,0.990615384615385,0.643466361767137,0.990652215986065,0.964730769230769,0.327611002271388,0.97383394619702
"F2-GP1BA","F2","Gp1ba","Il7r",0.00934615384615389,0.989115384615385,0.82424442228775,0.992065028062706,0.979769230769231,0.621165018476058,0.997561447648539
"F2-GP1BB","F2","Gp1bb","Igf1r",0.0102307692307693,0.819269230769231,0.408214385198731,0.986181536675053,0.8295,0.41019947435542,0.980975420940584
"F2-GP9","F2","Gp9","Mst1r",0.00315384615384617,0.972884615384615,0.448154294279221,0.97484033288175,0.976038461538462,0.569883111566823,0.988020127733695
"F2-ITGA2B","F2","Itga2b","Jmjd6",0.00138461538461543,0.737615384615385,0.563594812390446,0.910218695568028,0.739,0.196910874222029,0.954499709696149
"F2-THBD","F2","Thbd","Lingo1",0.023,0.551769230769231,0.0392919328801514,0.931430230307722,0.574769230769231,0.00634799048763446,0.972421134120379
"F7-F3","F7","F3","Cd74",0.0103846153846154,0.807576923076923,0.43467937228966,0.986355718985872,0.797192307692308,0.37054509720975,0.983530094832591
"F8-LDLR","F8","Ldlr","F11r",0.00111538461538463,0.973923076923077,0.428809418997589,0.97445326107993,0.975038461538462,0.365729626096467,0.97646603444939
"F8-LRP1","F8","Lrp1","Adcy9",3.84615384615428e-05,0.998769230769231,0.76988098815959,0.998219469711632,0.998807692307692,0.75784203403803,0.99798722663054
"FARP2-PLXNA1","Farp2","Plxna1","Pth1r",0.0104615384615385,0.555384615384615,0.478521887244831,0.804993226243468,0.565846153846154,0.463615046410305,0.84064253919102
"FARP2-PLXNA2","Farp2","Plxna2","Cd93",0.00376923076923075,0.542884615384615,0.492086275735151,0.837410489645829,0.546653846153846,0.428836839472904,0.842287594348752
"FARP2-PLXNA3","Farp2","Plxna3","Fgfr1",0.0065384615384616,0.836769230769231,0.461637083274413,0.88068511708922,0.843307692307692,0.60602099851513,0.877956260886394
"FARP2-PLXNA4","Farp2","Plxna4","Ptprm",0.00592307692307692,0.674576923076923,0.342539621192766,0.85130636733114,0.6805,0.546442194704903,0.81610218695568
"FAT4-DCHS1","Fat4","Dchs1","Bambi",0.00611538461538463,0.649576923076923,0.487123310861487,0.822895297077608,0.655692307692308,0.40437579729854,0.874608089800658
"FBLN1-ITGB1","Fbln1","Itgb1","Ror2",0.00261538461538458,0.931846153846154,0.916693406207395,0.946951809560673,0.934461538461538,0.737378173269456,0.935688020127734
"FBLN2-ITGB3","Fbln2","Itgb3","Acvr2b",0.00246153846153851,0.968384615384615,0.469880449052623,0.971337333075285,0.965923076923077,0.524314416496496,0.965337720147087
"FBN1-ITGA5","Fbn1","Itga5","Tmem67",0.000653846153846227,0.988538461538462,0.903509573057341,0.986607315657054,0.987884615384615,0.777397320423931,0.985542868202052
"FBN1-ITGAV","Fbn1","Itgav","Tgfbr2",0.00115384615384606,0.906307692307692,0.82931823414336,0.923069479388427,0.905153846153846,0.865146924495804,0.930694793884266
"FBN1-ITGB1","Fbn1","Itgb1","Bmpr2",0.00538461538461543,0.754307692307692,0.803177656201808,0.878111089607122,0.748923076923077,0.646969816899667,0.879523901683762
"FBN1-ITGB3","Fbn1","Itgb3","Cd53",0.00188461538461537,0.984423076923077,0.557423101614863,0.98511708922005,0.986307692307692,0.65187151306429,0.985678343332688
"FBN1-ITGB6","Fbn1","Itgb6","Musk",0.000499999999999945,0.996384615384615,0.738908536859921,0.995122895297078,0.996884615384615,0.91417164984688,0.996690536094445
"FGA-CDH5","Fga","Cdh5","F11r",0.00188461538461537,0.634230769230769,0.162388309917714,0.942868202051481,0.636115384615385,0.297955305905004,0.886375072575963
"FGA-ITGA2B","Fga","Itga2b","Lsr",0.000384615384615317,0.871653846153846,0.733242341825906,0.929804528740081,0.871269230769231,0.408627674720987,0.943758467195665
"FGA-ITGA5","Fga","Itga5","Fzd4",0.00946153846153841,0.724576923076923,0.310467045503732,0.908263982968841,0.715115384615385,0.227653376979825,0.908263982968841
"FGA-ITGAD","Fga","Itgad","Gp1ba",0.00469230769230766,1,1,1,0.995307692307692,0.944256160888771,0.996671182504355
"FGA-ITGAM","Fga","Itgam","Il1r2",0.00161538461538457,0.984192307692308,0.329696004824269,0.986220243855235,0.982576923076923,0.408115267914838,0.988987807238243
"FGA-ITGAV","Fga","Itgav","Tgfbr1",0.000884615384615373,0.630923076923077,0.12575275064691,0.948016257015676,0.631807692307692,0.104238145587737,0.935126766015096
"FGA-ITGB1","Fga","Itgb1","Lyve1",0.00403846153846155,0.822115384615385,0.505083185937905,0.98691697309851,0.826153846153846,0.112808790366143,0.912308883297852
"FGA-ITGB2","Fga","Itgb2","Gp1ba",0.00307692307692309,0.992230769230769,0.774567019149414,0.997561447648539,0.995307692307692,0.944256160888771,0.996671182504355
"FGA-ITGB3","Fga","Itgb3","Adcy7",0.0175000000000001,0.933653846153846,0.528624700934727,0.951925682214051,0.916153846153846,0.473761963516303,0.944726146700213
"FGA-PLAUR","Fga","Plaur","Mag",0.00161538461538469,0.986923076923077,0.528955892270111,0.989626475711244,0.988538461538462,0.2633698111684,0.98892974646797
"FGB-ITGA2B","Fgb","Itga2b","Chrm3",0.00223076923076926,0.796769230769231,0.715236808076421,0.919624540352235,0.794538461538462,0.088357314170413,0.912231468937488
"FGB-ITGA5","Fgb","Itga5","Ephb1",0.00442307692307697,0.597730769230769,0.204716097907834,0.916179601316044,0.602153846153846,0.0300959661426838,0.937565318366557
"FGB-ITGAM","Fgb","Itgam","Scn5a",0.0102307692307692,0.974807692307692,0.30907253759027,0.981478614282949,0.964576923076923,0.616584193879548,0.989974840332882
"FGB-ITGAV","Fgb","Itgav","Cdh5",0.00157692307692303,0.697384615384615,0.0907230575214255,0.956822140507064,0.698961538461538,0.117817259572411,0.957247919489065
"FGB-ITGB1","Fgb","Itgb1","Adcy7",0.00461538461538458,0.847307692307692,0.490584558845219,0.989781304431972,0.851923076923077,0.407153891621118,0.931894716469905
"FGB-ITGB2","Fgb","Itgb2","Cd180",0.0022692307692308,0.984769230769231,0.71182009188487,0.99717437584672,0.987038461538462,0.650058095742666,0.992742403715889
"FGF10-FGFR1","Fgf10","Fgfr1","Smo",0.00430769230769235,0.928423076923077,0.60903663405769,0.951480549641959,0.924115384615385,0.641154812179814,0.945829301335398
"FGF10-FGFR2","Fgf10","Fgfr2","Cckbr",0.00969230769230767,0.999884615384615,0.997136323566869,0.999767756918909,0.990192307692308,0.542602046242217,0.995258370427714
"FGF10-FGFR3","Fgf10","Fgfr3","Kremen1",0.014576923076923,0.733115384615385,0.251688415696076,0.912792723050126,0.747692307692308,0.32337246208161,0.9066382814012
"FGF10-FGFR4","Fgf10","Fgfr4","Acvrl1",0.000769230769230744,0.655076923076923,0.300086481671476,0.922895297077608,0.655846153846154,0.473921403833349,0.892045674472615
"FGF11-FGFR1","Fgf11","Fgfr1","Lrp6",0.0042692307692308,0.982038461538462,0.666868257380981,0.979736791174763,0.977769230769231,0.663337558568721,0.975420940584478
"FGF11-FGFR2","Fgf11","Fgfr2","Cxcr4",0.000269230769230799,1,1,1,0.999730769230769,0.999997141005959,0.999458099477453
"FGF11-FGFR3","Fgf11","Fgfr3","F11r",0.00442307692307697,0.896576923076923,0.482362438765992,0.933036578285272,0.901,0.343871179316065,0.931256047996903
"FGF11-FGFR4","Fgf11","Fgfr4","Scn8a",0.0124230769230769,0.556,0.326490973108573,0.921792142442423,0.568423076923077,0.56666819830062,0.909076833752661
"FGF12-FGFR1","Fgf12","Fgfr1","Fzd5",0.0206923076923077,0.842,0.348925408396622,0.954673892006967,0.862692307692308,0.181132094951343,0.928701374104897
"FGF12-FGFR2","Fgf12","Fgfr2","Trpc5",0.0348461538461539,0.997423076923077,0.972840469302885,0.995897038900716,0.962576923076923,0.314341997529429,0.973969421327656
"FGF12-FGFR3","Fgf12","Fgfr3","Lyve1",0.0103846153846153,0.578307692307692,0.458760982039588,0.896477646603445,0.588692307692308,0.0746954069815682,0.892335978323979
"FGF12-FGFR4","Fgf12","Fgfr4","Ncstn",0.0113461538461538,0.726461538461538,0.277145677365702,0.93400425778982,0.737807692307692,0.367649703538987,0.910992839171666
"FGF13-EGFR","Fgf13","Egfr","Pecam1",0.00819230769230772,0.641,0.254493617290997,0.865240952196632,0.632807692307692,0.339226352775366,0.866015095800271
"FGF13-FGFR1","Fgf13","Fgfr1","Plxnb2",0.00596153846153846,0.620076923076923,0.346349085011875,0.867969808399458,0.614115384615385,0.362874339952691,0.860479969034256
"FGF13-FGFR2","Fgf13","Fgfr2","Tnfrsf13b",0.000115384615384628,0.986076923076923,0.882851724836761,0.980820592219857,0.986192307692308,0.495658426197707,0.985794464873234
"FGF13-FGFR3","Fgf13","Fgfr3","Mertk",0.00869230769230767,0.752076923076923,0.447549053549077,0.902051480549642,0.760769230769231,0.422395625606523,0.883336558931682
"FGF13-FGFR4","Fgf13","Fgfr4","Epha6",0.000269230769230799,0.923269230769231,0.796106801959423,0.956086704083608,0.923538461538462,0.651695576629621,0.937062125024192
"FGF13-SCN5A","Fgf13","Scn5a","Kcnj15",0.00296153846153846,0.990615384615385,0.962971489397538,0.993419779369073,0.987653846153846,0.51693957722449,0.991097348558158
"FGF13-SCN8A","Fgf13","Scn8a","Ngfr",0.0138846153846154,0.934923076923077,0.848717547238336,0.956280239984517,0.921038461538462,0.827224557050836,0.952274046835688
"FGF14-FGFR1","Fgf14","Fgfr1","Itga9",0.00115384615384617,0.7885,0.328413930575976,0.928817495645442,0.789653846153846,0.334181869167858,0.93541706986646
"FGF14-FGFR2","Fgf14","Fgfr2","Itgb2",0.00384615384615383,0.988423076923077,0.914392472097324,0.98411070253532,0.984576923076923,0.717690199148058,0.993400425778982
"FGF14-FGFR3","Fgf14","Fgfr3","Ackr3",0.00042307692307697,0.504230769230769,0.450492628761694,0.874162957228566,0.503807692307692,0.313247893482217,0.879117476291852
"FGF14-FGFR4","Fgf14","Fgfr4","Epor",0.0163076923076922,0.773961538461538,0.245876597214928,0.935378362686278,0.790269230769231,0.300794680120477,0.972498548480743
"FGF18-FGFR1","Fgf18","Fgfr1","Bmpr2",0.00084615384615383,0.993769230769231,0.84751900807161,0.991252177278885,0.992923076923077,0.815554930528746,0.990826398296884
"FGF18-FGFR2","Fgf18","Fgfr2","Maged1",0,1,1,1,1,1,1
"FGF18-FGFR3","Fgf18","Fgfr3","Mag",0.00888461538461538,0.932307692307692,0.372081811279229,0.958409134894523,0.941192307692308,0.118919575080883,0.967466615057093
"FGF18-FGFR4","Fgf18","Fgfr4","Ptpru",0.0735384615384616,0.616384615384615,0.269003743424575,0.92113412037933,0.689923076923077,0.164645767642981,0.889897425972518
"FGF2-CD44","Fgf2","Cd44","Cxcr5",0,1,1,1,1,1,1
"FGF2-FGFR1","Fgf2","Fgfr1","Lrrc4",0.00234615384615378,0.946076923076923,0.680968014843036,0.939984517127927,0.943730769230769,0.31836216377929,0.962531449583898
"FGF2-FGFR2","Fgf2","Fgfr2","Cxcr4",0,1,1,1,1,1,1
"FGF2-FGFR3","Fgf2","Fgfr3","Tnfrsf19",0.010423076923077,0.521346153846154,0.295749445381755,0.864892587574995,0.531769230769231,0.313890592228189,0.839520030965744
"FGF2-FGFR4","Fgf2","Fgfr4","Pth1r",0.00246153846153851,0.803923076923077,0.336693463235881,0.933888136249274,0.801461538461538,0.450396214949396,0.873582349525837
"FGF2-FGFRL1","Fgf2","Fgfrl1","Adcy7",0.00192307692307692,0.859730769230769,0.527639267661985,0.894890652215986,0.861653846153846,0.264698375990481,0.907470485775111
"FGF2-GPC4","Fgf2","Gpc4","Acvrl1",0.0233461538461538,0.701730769230769,0.322601429683193,0.836346042190826,0.725076923076923,0.34289208194136,0.867544029417457
"FGF2-NRP1","Fgf2","Nrp1","Acvr2b",0.00257692307692303,0.880692307692308,0.523089134672875,0.899670988968454,0.878115384615385,0.277992134319597,0.906676988581382
"FGF2-SDC1","Fgf2","Sdc1","Fzd3",0.011576923076923,0.796269230769231,0.469756537530441,0.866111863750726,0.784692307692308,0.410685602082227,0.867776272498548
"FGF2-SDC2","Fgf2","Sdc2","Tmem67",0.0012692307692308,0.881,0.538831113799017,0.897813044319721,0.879730769230769,0.366506707573345,0.910276756338301
"FGF2-SDC3","Fgf2","Sdc3","Lrrc4",0.000923076923076915,0.944653846153846,0.594497245966745,0.940952196632475,0.943730769230769,0.31836216377929,0.962531449583898
"FGF2-SDC4","Fgf2","Sdc4","Pde1c",0.0211923076923076,0.6485,0.301072013893173,0.850570930907683,0.627307692307692,0.286782808098523,0.831449583897813
"FGF6-FGFR1","Fgf6","Fgfr1","Il6st",0.00111538461538463,0.996153846153846,0.655048444231264,0.994987420166441,0.995038461538462,0.648352586410087,0.994290690923166
"FGF6-FGFR2","Fgf6","Fgfr2","Maged1",3.84615384615428e-05,1,1,1,0.999961538461538,0.942165647588004,0.999922585639636
"FGF6-FGFR3","Fgf6","Fgfr3","Nrcam",0.00230769230769234,0.952730769230769,0.277272791141564,0.97524675827366,0.950423076923077,0.29820854977906,0.972653377201471
"FGF6-FGFR4","Fgf6","Fgfr4","Notch4",0.00726923076923069,0.910461538461538,0.60302171445865,0.960286433133346,0.903192307692308,0.162244705599303,0.958989742597252
"FGF6-SDC4","Fgf6","Sdc4","Ptprz1",0.000923076923076915,0.971,0.354837079370253,0.979988387845945,0.970076923076923,0.361413980926584,0.979175537062125
"FGF7-FGFR1","Fgf7","Fgfr1","Ptprf",0.00153846153846149,0.987576923076923,0.746161322150798,0.986026707954326,0.989115384615385,0.690902469118668,0.988233017224695
"FGF7-FGFR2","Fgf7","Fgfr2","Lrp1",0.00619230769230772,1,1,1,0.993807692307692,0.746535500908113,0.992394039094252
"FGF7-FGFR3","Fgf7","Fgfr3","Aplnr",0.00869230769230767,0.867923076923077,0.242033438733778,0.951732146313141,0.859230769230769,0.332417618334906,0.939074898393652
"FGF7-FGFR4","Fgf7","Fgfr4","Nmbr",0.00219230769230772,0.584230769230769,0.442402164861537,0.916469905167409,0.586423076923077,0.531692106730868,0.924908070447068
"FGF7-NRP1","Fgf7","Nrp1","Itgav",0.00303846153846155,0.972884615384615,0.585373968296336,0.976427327269208,0.969846153846154,0.588017841159816,0.974433907489839
"FGF9-FGFR1","Fgf9","Fgfr1","Cacna1c",0.000115384615384628,0.954423076923077,0.560547019334954,0.957286626669247,0.954538461538462,0.64686784802337,0.956202825624153
"FGF9-FGFR2","Fgf9","Fgfr2","Itgad",0,1,1,1,1,1,1
"FGF9-FGFR3","Fgf9","Fgfr3","Scarb1",0.0120384615384616,0.812615384615385,0.401112863484969,0.903735242887556,0.824653846153846,0.356089010835657,0.897213083026902
"FGF9-FGFR4","Fgf9","Fgfr4","Tmem67",0.0137307692307692,0.643884615384615,0.324675688535217,0.91871492161796,0.630153846153846,0.256192461323315,0.836771821172828
"FGG-ITGA2B","Fgg","Itga2b","Fzd6",0.00169230769230766,0.878115384615385,0.72762793504624,0.923843622992065,0.879807692307692,0.276244905024197,0.915831236694407
"FGG-ITGA5","Fgg","Itga5","Ptprg",0.000884615384615373,0.724384615384615,0.281138969309952,0.900928972324366,0.725269230769231,0.0495384629422577,0.952332107605961
"FGG-ITGAV","Fgg","Itgav","Lrrc4c",0.0173076923076922,0.674115384615385,0.0821916689961443,0.941919876137023,0.656807692307692,0.0287876671035673,0.916682794658409
"FGG-ITGB1","Fgg","Itgb1","Ptprs",0.0136153846153846,0.850038461538462,0.503141040467393,0.988503967485969,0.836423076923077,0.421278094557583,0.986684730017418
"FGG-ITGB2","Fgg","Itgb2","Nmbr",0.00288461538461537,0.992461538461539,0.842042753961792,0.99779369072963,0.989576923076923,0.998698669870135,0.997271143797174
"FGL1-EGFR","Fgl1","Egfr","Plxnb1",0.000653846153846116,0.9865,0.333185942034679,0.993342365008709,0.987153846153846,0.35245763274404,0.993264950648345
"FN1-C5AR1","Fn1","C5ar1","Ccrl2",0,1,1,1,1,1,1
"FN1-CD44","Fn1","Cd44","Itgam",0.000192307692307603,0.999692307692308,0.999432848634436,0.999458099477453,0.9995,0.97747362832328,0.999071027675634
"FN1-COL13A1","Fn1","Col13a1","Adra2a",0.000499999999999945,0.997230769230769,0.947972766137218,0.995703502999806,0.997730769230769,0.915067833120467,0.997232436616992
"FN1-FLT4","Fn1","Flt4","Fzd5",3.84615384615428e-05,0.999192307692308,0.98685783684334,0.998567834333269,0.999230769230769,0.780787172472528,0.998529127153087
"FN1-IL17RC","Fn1","Il17rc","Pvr",0.000153846153846171,0.998846153846154,0.974034204135463,0.998258176891813,0.998692307692308,0.874450844406074,0.997832397909812
"FN1-ITGA2","Fn1","Itga2","Rtn4r",0.00057692307692303,0.997884615384615,0.866624153726248,0.996477646603445,0.997307692307692,0.93113538307648,0.997503386878266
"FN1-ITGA2B","Fn1","Itga2b","Erbb2",0.00107692307692309,0.994423076923077,0.738836987324182,0.992877878846526,0.993346153846154,0.879167716351443,0.990303851364428
"FN1-ITGA3","Fn1","Itga3","Erbb3",0.000615384615384684,0.995576923076923,0.791643791693132,0.994735823495258,0.996192307692308,0.914023371495266,0.99436810528353
"FN1-ITGA4","Fn1","Itga4","Grm3",0.00465384615384623,0.962038461538462,0.82287556220805,0.963653957809174,0.966692307692308,0.643595755939441,0.983201083801045
"FN1-ITGA5","Fn1","Itga5","Ephb6",3.84615384615428e-05,0.998307692307692,0.969850758484243,0.997193729436811,0.998346153846154,0.885058883618744,0.99758080123863
"FN1-ITGA6","Fn1","Itga6","Ephb3",0.00288461538461537,0.983538461538462,0.919148363594656,0.979252951422489,0.986423076923077,0.893347527785727,0.98411070253532
"FN1-ITGA8","Fn1","Itga8","Il2ra",0.000461538461538513,0.991884615384615,0.876211069843054,0.988078188503967,0.992346153846154,0.928263328710531,0.994658409134895
"FN1-ITGA9","Fn1","Itga9","Pth1r",0.000230769230769146,0.957846153846154,0.879675685118655,0.96640216760209,0.957615384615385,0.783691917234376,0.960054190052255
"FN1-ITGAV","Fn1","Itgav","Hfe2",0.00057692307692303,0.982115384615385,0.912474211308071,0.978827172440488,0.981538461538462,0.877570839465176,0.98550416102187
"FN1-ITGB1","Fn1","Itgb1","Nrxn3",0.195153846153846,0.673807692307692,0.826166936699633,0.85211921811496,0.868961538461538,0.129821036956089,0.980839945809948
"FN1-ITGB3","Fn1","Itgb3","Aplnr",0.000653846153846116,0.997615384615385,0.825311782024568,0.996226049932262,0.996961538461538,0.942118406072429,0.995413199148442
"FN1-ITGB6","Fn1","Itgb6","Npy1r",3.84615384615428e-05,0.999153846153846,0.953938956834561,0.998471066382814,0.999192307692308,0.963390189746605,0.998722663053996
"FN1-ITGB8","Fn1","Itgb8","Znrf3",0.00103846153846154,0.988038461538462,0.822708763366329,0.984284884846139,0.987,0.86716396132107,0.981788271724405
"FN1-MAG","Fn1","Mag","Mas1",0,0.999269230769231,0.838073941072145,0.998683955873815,0.999269230769231,0.975836070154735,0.998838784594542
"FN1-NT5E","Fn1","Nt5e","Npr1",0,0.999038461538462,0.921078750512961,0.99858718792336,0.999038461538462,0.9774352508182,0.998316237662086
"FN1-PLAUR","Fn1","Plaur","Itgad",7.69230769230855e-05,0.999923076923077,0.949203083628327,0.999845171279272,1,1,1
"FN1-ROBO4","Fn1","Robo4","Cftr",7.69230769230855e-05,0.998807692307692,0.94047012174919,0.998006580220631,0.998884615384615,0.90191956314631,0.998296884071995
"FN1-SDC2","Fn1","Sdc2","Csf1r",0.00388461538461538,0.958653846153846,0.869329637322914,0.95552544997097,0.962538461538462,0.809613766826843,0.957247919489065
"FN1-TMPRSS6","Fn1","Tmprss6","F2rl1",0,1,1,1,1,1,1
"FN1-TNFRSF11B","Fn1","Tnfrsf11b","F2rl1",0.000153846153846171,0.999846153846154,0.984093248544428,0.999690342558545,1,1,1
"FST-BMPR1B","Fst","Bmpr1b","St14",0.00396153846153846,0.809423076923077,0.467278887284454,0.907528546545384,0.813384615384615,0.228213466848821,0.945906715695762
"FST-BMPR2","Fst","Bmpr2","Bdkrb2",0.00230769230769234,0.967038461538462,0.665352914856712,0.969576156377008,0.969346153846154,0.612689897397021,0.984826785368686
"FST-HFE2","Fst","Hfe2","Plxna3",0.0210769230769231,0.763423076923077,0.558915396295052,0.918618153667505,0.7845,0.311825902605362,0.905244822914651
"GAD1-GRM4","Gad1","Grm4","Adcy9",0.00142307692307697,0.992230769230769,0.994682947465554,0.996322817882717,0.990807692307692,0.943098440916269,0.991503773950068
"GAS6-AXL","Gas6","Axl","Tfrc",0.0131538461538462,0.645923076923077,0.493846104159306,0.841881168956842,0.632769230769231,0.318015976231563,0.852777240178053
"GAS6-MERTK","Gas6","Mertk","Plxna4",0.0118461538461538,0.741384615384615,0.395740428130277,0.853977162763693,0.729538461538461,0.347994902069491,0.867215018385911
"GAS6-TYRO3","Gas6","Tyro3","Glp2r",0.00169230769230766,0.907384615384615,0.463525157474507,0.917921424424231,0.905692307692308,0.873905027908789,0.974801625701568
"GDF10-ACVR1B","Gdf10","Acvr1b","Hhip",0.00134615384615389,0.765461538461538,0.308206257999512,0.903541706986646,0.766807692307692,0.372443980251899,0.917553706212502
"GDF11-ACVR1B","Gdf11","Acvr1b","Plxna3",0.0443461538461538,0.785076923076923,0.308543948680161,0.884323592026321,0.829423076923077,0.329778977975664,0.894039094251984
"GDF11-ACVR2A","Gdf11","Acvr2a","Kcnj15",0.000846153846153941,0.952846153846154,0.555978100433966,0.953957809173602,0.952,0.284955132924317,0.973988774917747
"GDF11-ACVR2B","Gdf11","Acvr2b","Ephb1",0.00396153846153846,0.748769230769231,0.221040843959691,0.876911167021483,0.752730769230769,0.366703952045603,0.899341977936907
"GDF5-ACVR1","Gdf5","Acvr1","Plxna1",0.000653846153846227,0.972538461538462,0.399227380078131,0.977820785755758,0.971884615384615,0.345737955447334,0.979388426553126
"GDF5-ACVR2A","Gdf5","Acvr2a","Egfr",0.00119230769230771,0.976615384615385,0.373475903523822,0.981846332494678,0.975423076923077,0.403140859119729,0.980375459647765
"GDF5-ACVR2B","Gdf5","Acvr2b","Kcnj15",0.00830769230769235,0.859115384615385,0.146273881681562,0.941261854073931,0.867423076923077,0.079906440417584,0.961873427520805
"GDF5-BMPR1A","Gdf5","Bmpr1a","Mchr1",0.00169230769230777,0.993576923076923,0.73374220752626,0.993400425778982,0.995269230769231,0.526280905300536,0.996826011225082
"GDF5-BMPR1B","Gdf5","Bmpr1b","Ddr1",0.0017307692307692,0.959730769230769,0.429642129162598,0.967447261467002,0.961461538461538,0.276850206147971,0.974472614670021
"GDF5-BMPR2","Gdf5","Bmpr2","Cdon",7.69230769230855e-05,0.992423076923077,0.613266512618459,0.992703696535707,0.9925,0.673394995045392,0.992452099864525
"GDF5-ROR2","Gdf5","Ror2","Eng",0.00146153846153851,0.967653846153846,0.438793219338483,0.972827559512289,0.966192307692308,0.297662266010171,0.975362879814206
"GDF6-BMPR1A","Gdf6","Bmpr1a","Ddr2",0,1,1,1,1,1,1
"GDF6-BMPR1B","Gdf6","Bmpr1b","Plxnc1",0.000153846153846171,0.998692307692308,0.940453215399898,0.998490419972905,0.998846153846154,0.940425328137751,0.998761370234178
"GDF6-BMPR2","Gdf6","Bmpr2","Fgfr2",0,1,1,1,1,1,1
"GDF9-ACVR2A","Gdf9","Acvr2a","Erbb3",0,1,1,1,1,1,1
"GDF9-BMPR1A","Gdf9","Bmpr1a","Il1rap",0,1,1,1,1,1,1
"GDF9-BMPR1B","Gdf9","Bmpr1b","Fzd4",0,1,1,1,1,1,1
"GDF9-BMPR2","Gdf9","Bmpr2","Sdc1",0,1,1,1,1,1,1
"GDF9-FXYD6","Gdf9","Fxyd6","Ncstn",0,1,1,1,1,1,1
"GDF9-ORAI2","Gdf9","Orai2","Htr2a",0,1,1,1,1,1,1
"GDF9-TGFBR1","Gdf9","Tgfbr1","Vldlr",0,1,1,1,1,1,1
"GNAI2-ADCY1","Gnai2","Adcy1","Aqp1",0.002,0.979538461538462,0.82774987654981,0.981304431972131,0.981538461538462,0.906954263325563,0.980336752467583
"GNAI2-ADCY7","Gnai2","Adcy7","Cntfr",0.00015384615384606,0.998615384615385,0.91372753746126,0.997774337139539,0.998461538461539,0.775435163586459,0.997445326107993
"GNAI2-ADCY8","Gnai2","Adcy8","Gfra1",0.00042307692307697,0.994076923076923,0.943522220737449,0.993593961679892,0.993653846153846,0.907045875576176,0.990516740855429
"GNAI2-ADCY9","Gnai2","Adcy9","Maged1",0.00146153846153851,0.853846153846154,0.782588535419818,0.955467389200697,0.855307692307692,0.890912480738203,0.89959357460809
"GNAI2-ADORA1","Gnai2","Adora1","Lrp8",3.84615384615428e-05,0.995076923076923,0.979137051664257,0.994677762724986,0.995115384615385,0.976916247847756,0.995026127346623
"GNAI2-ADRA2A","Gnai2","Adra2a","Lrp2",7.69230769230855e-05,0.999307692307692,0.968970628534905,0.998974259725179,0.999230769230769,0.90087619184746,0.998645248693633
"GNAI2-AGTR2","Gnai2","Agtr2","Epha4",0.0514615384615384,0.890923076923077,0.813699788610933,0.93742984323592,0.942384615384615,0.685580556346525,0.959531643119799
"GNAI2-C5AR1","Gnai2","C5ar1","Itgb2",0,1,1,1,1,1,1
"GNAI2-CAV1","Gnai2","Cav1","Erbb4",0.0162307692307693,0.876538461538461,0.823414615973552,0.901161215405458,0.892769230769231,0.503765441484983,0.919005225469325
"GNAI2-CNR1","Gnai2","Cnr1","Bmpr1a",0.00311538461538463,0.947961538461538,0.71828208749148,0.973059802593381,0.951076923076923,0.908979170781439,0.945538997484033
"GNAI2-EDNRA","Gnai2","Ednra","Tnfrsf21",0.00353846153846149,0.978576923076923,0.873540758906109,0.974898393652022,0.982115384615385,0.862090608341019,0.980007741436036
"GNAI2-EDNRB","Gnai2","Ednrb","Kcnq5",0.0139999999999999,0.959884615384615,0.626536777714358,0.959667118250435,0.945884615384615,0.566676522174973,0.951867621443778
"GNAI2-EGFR","Gnai2","Egfr","Sorcs3",0.00142307692307697,0.981038461538462,0.843348050166495,0.974879040061931,0.982461538461538,0.721076483585278,0.982988194310044
"GNAI2-F2R","Gnai2","F2r","Cdh10",0.000615384615384684,0.982423076923077,0.857732764121779,0.97404683568802,0.981807692307692,0.805345661734182,0.982136636346042
"GNAI2-IGF1R","Gnai2","Igf1r","Cntnap2",0.00592307692307692,0.901615384615385,0.750687926024362,0.90160634797755,0.895692307692308,0.439059741178576,0.976369266498936
"GNAI2-LPAR3","Gnai2","Lpar3","Alox5",0,1,1,1,1,1,1
"GNAI2-OPRM1","Gnai2","Oprm1","Erbb3",0.000653846153846116,0.997153846153846,0.938450133912687,0.997677569189085,0.9965,0.930614448628155,0.994600348364622
"GNAI2-P2RY12","Gnai2","P2ry12","Scn5a",7.69230769230855e-05,0.999730769230769,0.967010652518873,0.999458099477453,0.999807692307692,0.998659343332487,0.999729049738727
"GNAI2-PTPRU","Gnai2","Ptpru","Ccr2",7.69230769230855e-05,0.998307692307692,0.709633467459815,0.997348558157538,0.998230769230769,0.886313622962719,0.996748596864718
"GNAI2-S1PR1","Gnai2","S1pr1","Fzd8",0.000192307692307714,0.997807692307692,0.933649457094993,0.996245403522353,0.998,0.952814558706122,0.996690536094445
"GNAI2-S1PR3","Gnai2","S1pr3","Tmem222",0.00388461538461538,0.976,0.887318481913661,0.974530675440294,0.972115384615385,0.827039386066555,0.964873233984904
"GNAI2-TBXA2R","Gnai2","Tbxa2r","Cd46",3.84615384615428e-05,0.999384615384615,0.954087165523513,0.998838784594542,0.999423076923077,0.934693918321292,0.998916198954906
"GNAI2-UNC5B","Gnai2","Unc5b","Acvr2b",0.000153846153846171,0.997807692307692,0.92739953593446,0.996516353783627,0.997653846153846,0.884337763398065,0.995858331720534
"GNAS-ADCY1","Gnas","Adcy1","Ogfr",0,0.999961538461538,0.999549294692036,0.999941939229727,0.999961538461538,0.999999627399446,0.999922585639636
"GNAS-ADCY7","Gnas","Adcy7","Tek",0,0.999961538461538,0.997699682138534,0.999922585639636,0.999961538461538,0.998057845782651,0.999941939229727
"GNAS-ADCY8","Gnas","Adcy8","Lrp8",0,1,1,1,1,1,1
"GNAS-ADCY9","Gnas","Adcy9","Trpc3",0,1,1,1,1,1,1
"GNAS-ADORA1","Gnas","Adora1","Cftr",0,1,1,1,1,1,1
"GNAS-GCGR","Gnas","Gcgr","Lsr",0,1,1,1,1,1,1
"GNAS-PTGIR","Gnas","Ptgir","Il2rg",0,1,1,1,1,1,1
"GNAS-VIPR1","Gnas","Vipr1","Itgb2",0,1,1,1,1,1,1
"GPC3-CD81","Gpc3","Cd81","Nrxn3",0.317384615384615,0.538538461538462,0.780979938602437,0.854751306367331,0.855923076923077,0.105872455779734,0.97383394619702
"GPC3-IGF1R","Gpc3","Igf1r","Cdh2",0.0152692307692307,0.824730769230769,0.738482406796957,0.89779369072963,0.84,0.566904480190483,0.961699245209986
"GREM1-KDR","Grem1","Kdr","Sdc1",0.00430769230769223,0.973769230769231,0.497506521116994,0.981130249661312,0.969461538461538,0.58074618351632,0.980627056318947
"GRP-NMBR","Grp","Nmbr","Slc18a2",0.00884615384615384,0.864807692307692,0.479548429957189,0.936113799109735,0.873653846153846,0.13278551841428,0.942210179988388
"GSTP1-TRAF2","Gstp1","Traf2","Vangl1",0.0027307692307692,0.946576923076923,0.693844272589733,0.941571511515386,0.943846153846154,0.616560526007776,0.942152119218115
"HAS2-CD44","Has2","Cd44","Cav1",0.0142307692307693,1,1,1,0.985769230769231,0.695864618094795,0.98430423843623
"HAS2-HMMR","Has2","Hmmr","Dcbld2",0.0108461538461538,0.935692307692308,0.439401309967511,0.948635571898587,0.946538461538462,0.489563664017069,0.955389974840333
"HBEGF-CD44","Hbegf","Cd44","Ptprs",0.00603846153846155,1,1,1,0.993961538461538,0.837691150805419,0.990187729823882
"HBEGF-CD82","Hbegf","Cd82","Lrp5",0.0052692307692308,0.844846153846154,0.220720033369484,0.912154054577124,0.850115384615385,0.300113767287153,0.903406231856009
"HBEGF-CD9","Hbegf","Cd9","Tyrobp",0.00484615384615383,0.947192307692308,0.453369079751741,0.945364815173215,0.952038461538462,0.455014910785498,0.952661118637507
"HBEGF-EGFR","Hbegf","Egfr","Ephb4",0.00161538461538457,0.908384615384615,0.348138677623328,0.928062705631895,0.906769230769231,0.353819027670083,0.929959357460809
"HBEGF-ERBB2","Hbegf","Erbb2","Plxna4",0.000269230769230799,0.890615384615385,0.320340369681444,0.916276369266499,0.890884615384615,0.382939962089504,0.916508612347591
"HBEGF-ERBB4","Hbegf","Erbb4","Kcnd1",0.00246153846153851,0.926961538461539,0.555229883860755,0.937042771434101,0.9245,0.177241064216727,0.950474162957229
"HBEGF-PRLR","Hbegf","Prlr","Gpc4",0.00734615384615389,0.890884615384615,0.148581896941079,0.947338881362493,0.898230769230769,0.34129735143847,0.919101993419779
"HGF-CD44","Hgf","Cd44","Fgfr1",0.00323076923076926,1,1,1,0.996769230769231,0.557331606575783,0.99578091736017
"HGF-MET","Hgf","Met","Unc5d",0.0111153846153845,0.953961538461538,0.176230682404936,0.965957035029998,0.942846153846154,0.133475300581383,0.963286239597445
"HGF-SDC1","Hgf","Sdc1","Ephb4",0.000692307692307659,0.988961538461538,0.370364260658926,0.989781304431972,0.988269230769231,0.429642845638016,0.988387845945423
"HGF-SDC2","Hgf","Sdc2","Boc",0.00134615384615389,0.9935,0.507848754724027,0.992839171666344,0.992153846153846,0.490176566806968,0.992103735242888
"HGF-ST14","Hgf","St14","Il2rg",0.0205769230769232,0.7365,0.187726437861635,0.919585833172053,0.715923076923077,0.0720924217273583,0.922372750145152
"HMGB1-SDC1","Hmgb1","Sdc1","Kdr",0.000500000000000056,0.983115384615385,0.90491500886222,0.981246371201858,0.983615384615385,0.937567874644694,0.978362686278305
"HMGB1-THBD","Hmgb1","Thbd","Itgav",0.00388461538461538,0.989346153846154,0.904469363507721,0.989045868008516,0.993230769230769,0.949943985561968,0.990187729823882
"HP-ASGR1","Hp","Asgr1","Itga10",0.0211923076923077,0.764230769230769,0.11194606176333,0.958428488484614,0.743038461538462,0.114618061926141,0.968763305593188
"HP-ITGAM","Hp","Itgam","Lrrc4",0.0316538461538463,0.579692307692308,0.159219508074776,0.940894135862202,0.548038461538461,0.0091341310547709,0.945751886975034
"HP-ITGB2","Hp","Itgb2","Cxcr5",0.00553846153846149,0.7215,0.442565375907613,0.962957228565899,0.727038461538462,0.213477632763355,0.980065802206309
"HRAS-CAV1","Hras","Cav1","Ptpra",0.126769230769231,0.766076923076923,0.577069927493838,0.873330752854655,0.892846153846154,0.808666015043697,0.887749177472421
"HRAS-GRIN2D","Hras","Grin2d","Chrna4",0.000230769230769257,0.997423076923077,0.969248701963394,0.996032514031353,0.997192307692308,0.915863018677651,0.99578091736017
"HRAS-INSR","Hras","Insr","Dcbld2",0.00253846153846149,0.983076923076923,0.876516139639355,0.97424037158893,0.980538461538462,0.845051068045823,0.972614670021289
"HRAS-SDC2","Hras","Sdc2","Mylk",0.001,0.901076923076923,0.653742228450833,0.917805302883685,0.902076923076923,0.473696428373812,0.959899361331527
"HRAS-TLR2","Hras","Tlr2","Lrrc4",0.000153846153846171,0.999269230769231,0.890108333441522,0.998722663053996,0.999115384615385,0.904816231023546,0.998432359202632
"HSP90AA1-CFTR","Hsp90aa1","Cftr","Ccr9",7.69230769230855e-05,0.999769230769231,0.993092807959469,0.999690342558545,0.999846153846154,0.996128473211457,0.999690342558545
"HSP90AA1-EGFR","Hsp90aa1","Egfr","Plxnb2",0.00161538461538469,0.984461538461538,0.842267612386015,0.98027869169731,0.982846153846154,0.924699896477572,0.976407973679117
"HSP90AA1-FGFR3","Hsp90aa1","Fgfr3","Fzd2",0.00176923076923075,0.991153846153846,0.93890874976694,0.989820011612154,0.992923076923077,0.981418163263761,0.99053609444552
"HSP90B1-ASGR1","Hsp90b1","Asgr1","Alox5",3.84615384615428e-05,0.999961538461538,0.996654873059924,0.999922585639636,1,1,1
"HSP90B1-ERBB2","Hsp90b1","Erbb2","Vangl1",7.69230769230855e-05,0.997884615384615,0.930764580106542,0.996535707373718,0.997807692307692,0.942129984535879,0.996284110702535
"HSP90B1-LRP1","Hsp90b1","Lrp1","Cd74",7.69230769230855e-05,0.978961538461538,0.965558320991161,0.974085542868202,0.979038461538462,0.641754800719076,0.995316431197987
"HSP90B1-TLR1","Hsp90b1","Tlr1","Robo3",0,1,1,1,1,1,1
"HSP90B1-TLR2","Hsp90b1","Tlr2","F2rl3",0,0.999884615384615,0.974109815525905,0.99980646409909,0.999884615384615,0.902391331531546,0.99980646409909
"HSP90B1-TLR4","Hsp90b1","Tlr4","Mc4r",3.84615384615428e-05,0.999923076923077,0.999456756510248,0.999845171279272,0.999961538461538,0.999425187769089,0.999922585639636
"HSPA1A-GRIN2D","Hspa1a","Grin2d","Fzd8",0.00923076923076915,0.940846153846154,0.407443063150625,0.960383201083801,0.950076923076923,0.279351711827457,0.963034642926263
"HSPA1A-TLR4","Hspa1a","Tlr4","Hfe",0.00492307692307692,0.852730769230769,0.195516375658375,0.934952583704277,0.847807692307692,0.107799930264654,0.933075285465454
"HSPG2-CHRM3","Hspg2","Chrm3","Mertk",0.00823076923076915,0.934961538461538,0.442338315873301,0.946197019547126,0.926730769230769,0.70937389722977,0.93802980452874
"HSPG2-COL13A1","Hspg2","Col13a1","Kcnj10",0.000384615384615428,0.972692307692308,0.668472923933524,0.971724404877105,0.972307692307692,0.651853113856516,0.984555835107412
"HSPG2-ITGA2","Hspg2","Itga2","Flt4",0.0017307692307692,0.985230769230769,0.655009340832311,0.980104509386491,0.986961538461538,0.619053293399081,0.985078382039868
"HSPG2-ITGB1","Hspg2","Itgb1","Kremen1",0.000692307692307659,0.936615384615385,0.934206038366783,0.953861041223147,0.937307692307692,0.745618260465071,0.943893942326302
"HSPG2-PTPRS","Hspg2","Ptprs","Ncstn",0.00938461538461544,0.839115384615385,0.815438142557992,0.909367137604026,0.8485,0.629829420124114,0.901954712599187
"HSPG2-SDC1","Hspg2","Sdc1","Jmjd6",0.0201153846153845,0.839923076923077,0.669145815874171,0.884091348945229,0.819807692307692,0.612498513975535,0.880123862976582
"IBSP-ITGAV","Ibsp","Itgav","Fgfrl1",0.0114615384615385,0.5015,0.684566679717023,0.824017805302884,0.512961538461538,0.606639587312599,0.864873233984904
"ICAM1-CAV1","Icam1","Cav1","Ptpra",0.00280769230769229,0.981115384615385,0.727878204716964,0.98087865299013,0.983923076923077,0.728102061081361,0.981672150183859
"ICAM1-EGFR","Icam1","Egfr","Cd151",0.00230769230769234,0.915230769230769,0.517062709781561,0.937971743758467,0.917538461538462,0.43809905217975,0.933462357267273
"ICAM1-IL2RA","Icam1","Il2ra","Ackr3",0.0062692307692308,0.858923076923077,0.416142986801762,0.978304625508032,0.865192307692308,0.330185760137376,0.919527772401781
"ICAM1-IL2RG","Icam1","Il2rg","Gpr37",0.00703846153846155,0.901,0.325970135307935,0.945364815173215,0.893961538461538,0.15749070196839,0.949177472421134
"ICAM1-ITGAL","Icam1","Itgal","Oprm1",0.000692307692307659,0.835692307692308,0.249861552164789,0.933539771627637,0.836384615384615,0.206093689254782,0.977994968066576
"ICAM1-ITGAM","Icam1","Itgam","Tnfrsf21",0.00215384615384606,0.918269230769231,0.106019618503573,0.955080317398877,0.916115384615385,0.431090062669753,0.934662279852913
"ICAM1-ITGB2","Icam1","Itgb2","Nrp1",0.000730769230769313,0.962846153846154,0.668787417505153,0.984749371008322,0.963576923076923,0.613230654474392,0.963731372169537
"ICAM2-ITGAL","Icam2","Itgal","Tbxa2r",0.00123076923076926,0.9275,0.466862869240937,0.959086510547707,0.928730769230769,0.36645320827678,0.942268240758661
"ICAM2-ITGAM","Icam2","Itgam","Slc18a3",0.00296153846153846,0.966192307692308,0.568534570737597,0.97182117282756,0.963230769230769,0.328067965483463,0.983317205341591
"ICAM2-ITGB2","Icam2","Itgb2","Epha1",0.000653846153846227,0.984346153846154,0.908666675016584,0.991600541900522,0.983692307692308,0.632457290802419,0.990323204954519
"ICAM5-ITGAL","Icam5","Itgal","Htr2c",0.00611538461538452,0.880576923076923,0.498497874984072,0.989065221598607,0.874461538461539,0.665801859461159,0.973195277724018
"ICAM5-ITGB2","Icam5","Itgb2","Musk",0.00119230769230771,0.818230769230769,0.324072224812911,0.991310238049158,0.819423076923077,0.319182515315316,0.983201083801045
"IGF1-IGF1R","Igf1","Igf1r","Robo2",0.0596538461538462,0.612153846153846,0.591866112600487,0.845113218502032,0.671807692307692,0.366202824579988,0.904102961099284
"IGF1-INSR","Igf1","Insr","Pecam1",0.000307692307692342,0.903307692307692,0.674973193313235,0.926417650474163,0.903,0.776021607599451,0.93199148442036
"IGF2-IGF1R","Igf2","Igf1r","Ptprf",0.00084615384615383,0.995307692307692,0.988545456191702,0.992916586026708,0.996153846153846,0.99092067689826,0.994193922972711
"IGF2-IGF2R","Igf2","Igf2r","Tmem222",0.000807692307692287,0.998076923076923,0.998747401095744,0.997716276369267,0.997269230769231,0.956999709059965,0.995664795819625
"IGF2-INSR","Igf2","Insr","Mcam",3.84615384615428e-05,0.999576923076923,0.980164834521235,0.99918714921618,0.999615384615385,0.988969590997548,0.999225856396362
"IGFBP4-FZD8","Igfbp4","Fzd8","Orai2",3.84615384615428e-05,0.999576923076923,0.99260275834281,0.99918714921618,0.999615384615385,0.989857760308614,0.999419392297271
"IGFBP4-LRP6","Igfbp4","Lrp6","Cachd1",0.00103846153846154,0.980461538461538,0.945213928860435,0.976117669827753,0.9815,0.882262199683235,0.977530481904393
"IL10-IL10RB","Il10","Il10rb","Col13a1",0.00719230769230772,0.957384615384615,0.637972439374958,0.953938455583511,0.964576923076923,0.611283893160672,0.964273272692084
"IL15-IL15RA","Il15","Il15ra","Kremen2",0.0297307692307692,0.731115384615385,0.167379997736434,0.904567447261467,0.701384615384615,0.104084536193762,0.917379523901684
"IL15-IL2RA","Il15","Il2ra","Ly96",0.0208846153846154,0.777961538461538,0.232797631882336,0.971279272305013,0.757076923076923,0.145866259385669,0.907296303464293
"IL15-IL2RG","Il15","Il2rg","Tnfrsf11b",0.0156538461538461,0.670807692307692,0.182203774365727,0.88471066382814,0.655153846153846,0.0989952927159163,0.866924714534546
"IL16-GRIN2D","Il16","Grin2d","Lrp8",0.00600000000000001,0.518692307692308,0.176300980609465,0.896109928391717,0.512692307692308,0.182640172437636,0.902032126959551
"IL16-KCND1","Il16","Kcnd1","Tgfbr3",0.00861538461538469,0.933884615384615,0.168109558142668,0.954073930714147,0.925269230769231,0.530021456659799,0.93580414166828
"IL16-KCND2","Il16","Kcnd2","Traf2",0.0114615384615385,0.897230769230769,0.440957223601651,0.934275208051093,0.885769230769231,0.394202798235552,0.915269982581769
"IL16-KCNJ10","Il16","Kcnj10","Bmpr1b",0.00530769230769235,0.830307692307692,0.214565710575977,0.957209212308883,0.835615384615385,0.347723632555509,0.903309463905554
"IL16-KCNJ15","Il16","Kcnj15","Cacna1c",0.00296153846153846,0.954423076923077,0.380465264312839,0.973950067737565,0.957384615384615,0.595612368461365,0.962608863944262
"IL17B-IL17RB","Il17b","Il17rb","Trpc5",0.0151538461538461,0.957961538461538,0.319308157920147,0.987652409521966,0.942807692307692,0.183726929266485,0.968124637120186
"IL18-CD48","Il18","Cd48","Itga1",0.00123076923076926,0.900807692307692,0.177426075886798,0.95312560479969,0.899576923076923,0.342284240669228,0.924172634023611
"IL18-IL1RAPL1","Il18","Il1rapl1","Itga4",0.0100384615384616,0.889769230769231,0.457280771497201,0.921869556802787,0.899807692307692,0.273880083049881,0.934159086510548
"IL18-IL1RL2","Il18","Il1rl2","Ackr3",0.001,0.861769230769231,0.16162078637695,0.933288174956454,0.862769230769231,0.288463996398398,0.911341203793304
"IL1A-IL1R1","Il1a","Il1r1","Notch4",0.0024615384615384,0.981615384615385,0.430865203799681,0.990768337526611,0.984076923076923,0.42917831675178,0.991968260112251
"IL1A-IL1R2","Il1a","Il1r2","Sstr2",0.048923076923077,0.650730769230769,0.0919987822730332,0.932707567253726,0.699653846153846,0.0965066628270845,0.936520224501645
"IL1A-IL1RAP","Il1a","Il1rap","Adcy1",0.000807692307692287,0.992038461538462,0.511047042926346,0.995432552738533,0.991230769230769,0.502272876326869,0.995509967098897
"IL1RN-IL1R1","Il1rn","Il1r1","Npr3",0.00353846153846149,0.874423076923077,0.665493597313065,0.988000774143604,0.877961538461538,0.622065868095481,0.987342752080511
"IL1RN-IL1R2","Il1rn","Il1r2","Lgr6",0.00103846153846154,0.801653846153846,0.112139239022398,0.967447261467002,0.800615384615385,0.265927499446103,0.980781885039675
"IL1RN-IL1RL2","Il1rn","Il1rl2","Cmklr1",0.0306153846153846,0.803384615384615,0.232422042250265,0.976020901877298,0.772769230769231,0.150426441462847,0.977840139345849
"IL2-CD53","Il2","Cd53","Lrp4",0.00676923076923075,0.9435,0.444703641652252,0.953203019160054,0.936730769230769,0.564064473276996,0.940119992258564
"IL2-IL2RA","Il2","Il2ra","Itga11",0.00476923076923086,0.957807692307692,0.490787942983776,0.994310044513257,0.953038461538462,0.619724549019024,0.968918134313915
"IL2-IL2RG","Il2","Il2rg","Adra2a",0.000115384615384517,0.985538461538462,0.584108865074315,0.986626669247145,0.985653846153846,0.658424763423918,0.986181536675053
"IL2-NGFR","Il2","Ngfr","Tacr3",3.84615384615428e-05,0.916730769230769,0.737046085264806,0.963015289336172,0.916692307692308,0.991819390825344,0.997367911747629
"IL34-CSF1R","Il34","Csf1r","Kdr",0,1,1,1,1,1,1
"IL4-CD53","Il4","Cd53","Acvr2a",0.00169230769230777,0.836538461538462,0.194639028764521,0.91689568414941,0.834846153846154,0.716228188747168,0.903948132378556
"IL4-IL13RA1","Il4","Il13ra1","Sdc4",0.020923076923077,0.695153846153846,0.28156464117775,0.871453454615831,0.674230769230769,0.198879868350342,0.907218889103929
"IL4-IL2RG","Il4","Il2rg","Ogfr",0.00230769230769234,0.947538461538462,0.303942510739001,0.967137604025547,0.949846153846154,0.773518163231311,0.963247532417263
"IL7-IL2RG","Il7","Il2rg","Stra6",0.00657692307692304,0.824346153846154,0.578328133828644,0.965531256047997,0.817769230769231,0.138567516271701,0.968956841494097
"IL7-IL7R","Il7","Il7r","Lrp11",0.00276923076923086,0.903269230769231,0.996216523220211,0.982910779949681,0.906038461538462,0.119514172400402,0.979852912715309
"INHA-ACVR1","Inha","Acvr1","Tlr4",0.000461538461538402,0.876653846153846,0.390751195159753,0.906464099090381,0.876192307692308,0.288980922927848,0.92314689374879
"INHA-ACVR1B","Inha","Acvr1b","Tnfrsf12a",0.057076923076923,0.623461538461539,0.34499882344635,0.84627443390749,0.680538461538462,0.233054053319302,0.891697309850977
"INHA-ACVR2A","Inha","Acvr2a","Col17a1",0.00426923076923069,0.932961538461539,0.510996656084625,0.93963615250629,0.937230769230769,0.673126552049463,0.962512095993807
"INHA-ACVR2B","Inha","Acvr2b","Grm3",0.01,0.808730769230769,0.240898234911996,0.891465066769886,0.798730769230769,0.371921453629345,0.934546158312367
"INHA-TGFBR3","Inha","Tgfbr3","Cntnap2",0.00726923076923069,0.884230769230769,0.340302941794069,0.919740661892781,0.8915,0.692379574590601,0.927346622798529
"INHBA-ACVR1","Inhba","Acvr1","Plxna1",0.00203846153846154,0.911269230769231,0.482883423318374,0.934023611379911,0.909230769230769,0.400476270970796,0.934952583704277
"INHBA-ACVR1B","Inhba","Acvr1b","Grm1",0.00146153846153851,0.793653846153846,0.269612987825468,0.908012386297658,0.795115384615385,0.194284488349036,0.949738726533772
"INHBA-ACVR2A","Inhba","Acvr2a","Tlr2",0.00192307692307692,0.927038461538462,0.497116972580629,0.94447455002903,0.928961538461539,0.231900417597693,0.95875749951616
"INHBA-ACVR2B","Inhba","Acvr2b","Itga7",0.021076923076923,0.629692307692308,0.177546910332359,0.888813624927424,0.608615384615385,0.175801732760189,0.895084188116896
"INHBA-BAMBI","Inhba","Bambi","Plxnb1",0.00161538461538457,0.876,0.401373683909267,0.927753048190439,0.874384615384615,0.299055643741895,0.923727501451519
"INHBA-ENG","Inhba","Eng","Tek",0.00319230769230772,0.894538461538462,0.38394252358198,0.931352815947358,0.897730769230769,0.381109953725722,0.931701180568996
"INHBA-TGFBR3","Inhba","Tgfbr3","Lifr",0.00665384615384623,0.915307692307692,0.404542489262875,0.937797561447649,0.921961538461538,0.434877226056394,0.940700599961293
"INHBB-ACVR1","Inhbb","Acvr1","Mcam",0.000153846153846171,0.996576923076923,0.601801300823798,0.997116315076447,0.996730769230769,0.677296128773802,0.997367911747629
"INHBB-ACVR1B","Inhbb","Acvr1b","Pde1b",0.00111538461538463,0.993307692307692,0.778583674501632,0.994464873233985,0.992192307692308,0.850883226265958,0.995703502999806
"INHBB-ACVR1C","Inhbb","Acvr1c","Itgb2",0.00111538461538463,0.748,0.407188107863868,0.952235339655506,0.749115384615385,0.162235171874379,0.95753822334043
"INHBB-ACVR2A","Inhbb","Acvr2a","Ntrk2",7.69230769230855e-05,0.999653846153846,0.938911062383183,0.999496806657635,0.999730769230769,0.929665905269349,0.999574221017999
"INHBB-ACVR2B","Inhbb","Acvr2b","Chrna4",0.00015384615384606,0.977730769230769,0.449846386146497,0.987826591832785,0.977576923076923,0.621923204523493,0.988794271337333
"ITGB3BP-ITGB3","Itgb3bp","Itgb3","Oprm1",0.00411538461538463,0.939423076923077,0.336671726056601,0.948209792916586,0.943538461538462,0.546403551295178,0.981381846332495
"ITGB3BP-ITGB5","Itgb3bp","Itgb5","Pdgfra",0.00234615384615389,0.690076923076923,0.486705477147875,0.826514418424618,0.692423076923077,0.559692433106765,0.852293400425779
"JAG1-NOTCH1","Jag1","Notch1","Itga2",0.0117307692307692,0.864961538461538,0.518689230241259,0.893187536287981,0.876692307692308,0.255644174222533,0.914321656667312
"JAG1-NOTCH2","Jag1","Notch2","Ryk",0.00449999999999995,0.890346153846154,0.492831603807557,0.910083220437391,0.894846153846154,0.499912448532066,0.907470485775111
"JAG1-NOTCH3","Jag1","Notch3","Itga1",0.00861538461538469,0.731730769230769,0.507820098618723,0.848229146506677,0.740346153846154,0.48296028037875,0.85451906328624
"JAG1-NOTCH4","Jag1","Notch4","Itgav",0.0185769230769232,0.8715,0.452918607086317,0.914321656667312,0.890076923076923,0.497245831026412,0.905670601896652
"JAG2-NOTCH1","Jag2","Notch1","Nrp2",0.0131538461538462,0.791384615384615,0.565423452594704,0.873543642345655,0.804538461538462,0.509318955725254,0.895103541706987
"JAG2-NOTCH2","Jag2","Notch2","Tfrc",0.00307692307692309,0.814615384615385,0.488839341639284,0.893284304238436,0.817692307692308,0.39616767285234,0.898974259725179
"JAG2-NOTCH3","Jag2","Notch3","Sdc4",0.000384615384615428,0.583769230769231,0.39984556120666,0.837275014515193,0.583384615384615,0.280442929448547,0.87847880781885
"JAG2-NOTCH4","Jag2","Notch4","Gp1bb",0.0143846153846153,0.914576923076923,0.458046279518548,0.930656086704084,0.900192307692308,0.553929799501074,0.936868589123282
"KNG1-BDKRB2","Kng1","Bdkrb2","Tlr1",0.00588461538461538,0.994115384615385,0.779583181012877,0.995664795819625,1,1,1
"KNG1-CD93","Kng1","Cd93","Pde1a",0.00353846153846149,0.682076923076923,0.0935778288996241,0.947764660344494,0.678538461538462,0.104637034686633,0.881865686084769
"KNG1-GP1BA","Kng1","Gp1ba","Ccr4",0.00588461538461538,0.994115384615385,0.91851801558144,0.995529320688988,1,1,1
"KNG1-GPR135","Kng1","Gpr135","Il1r2",0.00534615384615389,0.985192307692308,0.423716687858058,0.99134894522934,0.979846153846154,0.404803012200269,0.987652409521966
"KNG1-ITGAM","Kng1","Itgam","Cdh19",0.00303846153846155,0.9795,0.28633125992482,0.982620476098316,0.982538461538462,0.383111808967559,0.987613702341784
"KNG1-ITGB2","Kng1","Itgb2","Vipr1",0.00503846153846155,0.991653846153846,0.766287987992797,0.997367911747629,0.996692307692308,0.754067876588459,0.997135668666538
"KNG1-PLAUR","Kng1","Plaur","Itgae",0.00192307692307692,0.981346153846154,0.442460273640582,0.988116895684149,0.979423076923077,0.311204210459383,0.983801045093865
"KNG1-SDC2","Kng1","Sdc2","Pde1b",0.0116923076923077,0.718538461538462,0.0895325574480971,0.958447842074705,0.706846153846154,0.0631178959595849,0.957809173601703
"L1CAM-CNTN1","L1cam","Cntn1","Lrp5",0.00692307692307692,0.713307692307692,0.945222950166704,0.931043158505903,0.720230769230769,0.237097582923867,0.938049158118831
"L1CAM-EGFR","L1cam","Egfr","Ephb3",0.00150000000000006,0.8245,0.29841939866292,0.965937681439907,0.823,0.383213429964894,0.957422101799884
"L1CAM-EPHB2","L1cam","Ephb2","Col17a1",0.0024615384615384,0.860615384615385,0.681243945143002,0.948674279078769,0.858153846153846,0.553815949881679,0.949564544222953
"L1CAM-ERBB2","L1cam","Erbb2","Plxnb1",0.00161538461538469,0.789423076923077,0.329002929102929,0.956280239984517,0.791038461538462,0.466007563384468,0.943313334623573
"L1CAM-ERBB3","L1cam","Erbb3","Il1rap",0.00153846153846149,0.584038461538462,0.211969154439873,0.91972130830269,0.5825,0.422561444518501,0.889684536481517
"L1CAM-FGFR2","L1cam","Fgfr2","Il1r2",0.0211538461538462,1,1,1,0.978846153846154,0.565080098298555,0.988000774143604
"L1CAM-ITGA5","L1cam","Itga5","S1pr1",0.00173076923076931,0.671192307692308,0.153246610613534,0.932668860073544,0.672923076923077,0.341050706906048,0.919566479581962
"L1CAM-ITGAV","L1cam","Itgav","Smo",0.00553846153846149,0.875269230769231,0.549209981545788,0.978207857557577,0.880807692307692,0.515781264778463,0.987904006193149
"LAMA1-GPC1","Lama1","Gpc1","Il1r2",0.00684615384615384,0.966038461538462,0.429795227841956,0.970485775111283,0.959192307692308,0.329866663933572,0.979640023224308
"LAMA1-ITGA1","Lama1","Itga1","Traf2",0.000846153846153941,0.877538461538461,0.358692102437444,0.928004644861622,0.878384615384615,0.251246224225809,0.924675827365976
"LAMA1-ITGA2","Lama1","Itga2","Itga10",0.00565384615384623,0.547961538461538,0.145398562132888,0.866053802980453,0.553615384615385,0.185110822974383,0.886665376427327
"LAMA1-ITGA3","Lama1","Itga3","Epor",0.00330769230769234,0.522038461538462,0.215886885492661,0.884865492548868,0.525346153846154,0.0773564830876546,0.932572092123089
"LAMA1-ITGA6","Lama1","Itga6","Mcam",0.00242307692307697,0.911923076923077,0.242247076546135,0.938262047609832,0.9095,0.293524072475548,0.945461583123669
"LAMA1-ITGA7","Lama1","Itga7","Pvr",0.0113461538461539,0.584923076923077,0.0775553982876181,0.899787110508999,0.596269230769231,0.145200698543078,0.868685891232824
"LAMA1-ITGB1","Lama1","Itgb1","Cd47",0.0146538461538461,0.991769230769231,0.767980768628107,0.989181343139152,0.977115384615385,0.444785791894873,0.97847880781885
"LAMA1-ITGB4","Lama1","Itgb4","Cd82",0.000230769230769257,0.8195,0.189845083047404,0.934933230114186,0.819269230769231,0.135821386503127,0.923824269401974
"LAMA1-ITGB8","Lama1","Itgb8","Grm5",0.0257692307692308,0.668307692307692,0.183103790718031,0.882020514805496,0.642538461538462,0.256417752909972,0.907315657054384
"LAMA1-NT5E","Lama1","Nt5e","Celsr1",0.0115384615384615,0.742538461538462,0.236513949606547,0.890245790594155,0.754076923076923,0.180899986655599,0.90402554673892
"LAMA1-SDC2","Lama1","Sdc2","Epha7",0.0015384615384616,0.939153846153846,0.395302165597408,0.956686665376427,0.940692307692308,0.535126675196968,0.947745306754403
"LAMA1-SDC4","Lama1","Sdc4","Cd48",0.0136538461538461,0.874346153846154,0.241522257006195,0.931101219276176,0.888,0.106391742876382,0.953067544029417
"LAMA1-TMPRSS6","Lama1","Tmprss6","P2rx7",0.001,0.790576923076923,0.347383168633857,0.978807818850397,0.791576923076923,0.215052133117179,0.937197600154829
"LAMA2-ITGA1","Lama2","Itga1","Calcrl",0.00842307692307687,0.512384615384615,0.370215281424004,0.838997484033288,0.520807692307692,0.326236006386479,0.846990516740855
"LAMA2-ITGA2","Lama2","Itga2","Robo4",0.00584615384615383,0.939653846153846,0.454018094630345,0.944629378749758,0.933807692307692,0.485791439276818,0.943119798722663
"LAMA2-ITGA3","Lama2","Itga3","Acvr2b",0.000500000000000056,0.922692307692308,0.323272873268678,0.949970969614864,0.922192307692308,0.480644025129058,0.939674859686472
"LAMA2-ITGA6","Lama2","Itga6","Pde1c",0.00142307692307697,0.571384615384615,0.384212726718795,0.839481323785562,0.569961538461538,0.357231045572884,0.857983355912522
"LAMA2-ITGA7","Lama2","Itga7","Grm1",0.00561538461538458,0.916730769230769,0.768701412735648,0.936152506289917,0.911115384615385,0.320561670884583,0.976949874201664
"LAMA2-ITGB1","Lama2","Itgb1","Lrp2",0.00757692307692304,0.958653846153846,0.592525414083608,0.957383394619702,0.966230769230769,0.427464180322445,0.972595316431198
"LAMA2-ITGB4","Lama2","Itgb4","Tnfrsf13b",0.00384615384615394,0.974769230769231,0.593640226257286,0.979388426553126,0.978615384615385,0.466236645169321,0.980994774530675
"LAMA3-SDC2","Lama3","Sdc2","Pdgfra",0.00415384615384617,0.969769230769231,0.601633859656526,0.969518095606735,0.973923076923077,0.632169287366654,0.973969421327656
"LAMA4-ITGA3","Lama4","Itga3","Adra2a",0.00380769230769229,0.980846153846154,0.601591101366807,0.982349525837043,0.984653846153846,0.697396062428657,0.986626669247145
"LAMA4-ITGA6","Lama4","Itga6","Plxna4",0.00261538461538458,0.854692307692308,0.681365237530095,0.888949100058061,0.852076923076923,0.390318067304887,0.924695180956067
"LAMA4-ITGAV","Lama4","Itgav","Adcy9",0.0381153846153847,0.734538461538462,0.692440500047538,0.859938068511709,0.696423076923077,0.635284032877007,0.862821753435262
"LAMA4-ITGB1","Lama4","Itgb1","Adcy8",0.00769230769230766,0.923692307692308,0.890951945526213,0.92595316431198,0.931384615384615,0.470195436190121,0.98289142635959
"LAMA5-BCAM","Lama5","Bcam","Dcbld2",0.0109230769230769,0.618153846153846,0.708758802256235,0.884362299206503,0.607230769230769,0.499107405706942,0.851132185020321
"LAMA5-ITGA2","Lama5","Itga2","Sell",0.0193076923076924,0.922192307692308,0.408645035687618,0.935862202438552,0.9415,0.403384595413622,0.980762531449584
"LAMA5-ITGA3","Lama5","Itga3","Lrp1",0.000807692307692287,0.925423076923077,0.430634761508311,0.950280627056319,0.924615384615385,0.668172347636168,0.948519450358041
"LAMA5-ITGA6","Lama5","Itga6","Epha5",0.027,0.615615384615385,0.525072859314171,0.843119798722663,0.588615384615385,0.228187736412408,0.90361912134701
"LAMA5-ITGB1","Lama5","Itgb1","Tlr2",0.00561538461538458,0.988846153846154,0.905019100490284,0.986665376427327,0.983230769230769,0.461595134821344,0.984478420747049
"LAMA5-ITGB4","Lama5","Itgb4","Kremen2",0.00219230769230772,0.971538461538462,0.454705399759516,0.977317592413393,0.969346153846154,0.298090520225041,0.979098122701761
"LAMA5-SDC1","Lama5","Sdc1","Sort1",0.0166153846153846,0.652653846153846,0.526214810359087,0.866015095800271,0.636038461538462,0.500564663742888,0.857634991290884
"LAMB1-ITGA1","Lamb1","Itga1","Tacr3",0.00938461538461544,0.923692307692308,0.74538231932047,0.927114379717438,0.933076923076923,0.907576011152297,0.982949487129863
"LAMB1-ITGA2","Lamb1","Itga2","Fzd5",0.00153846153846149,0.989346153846154,0.713088900061119,0.98490419972905,0.990884615384615,0.591885221201656,0.988678149796787
"LAMB1-ITGA3","Lamb1","Itga3","Notch4",0.00246153846153851,0.987653846153846,0.684753480692183,0.987691116702148,0.990115384615385,0.804173438840816,0.989181343139152
"LAMB1-ITGA6","Lamb1","Itga6","Plxnc1",0.00250000000000006,0.911423076923077,0.803948833950591,0.922914650667699,0.913923076923077,0.537367367569371,0.950125798335591
"LAMB1-ITGA7","Lamb1","Itga7","Plscr4",0.00042307692307697,0.990115384615385,0.89770253302425,0.988020127733695,0.990538461538462,0.753207973215426,0.986858912328237
"LAMB1-ITGAV","Lamb1","Itgav","Jmjd6",0.0221923076923077,0.831230769230769,0.7506783968312,0.894658409134894,0.853423076923077,0.700365696908486,0.901896651828914
"LAMB1-ITGB1","Lamb1","Itgb1","Adcyap1r1",0.00261538461538469,0.886192307692308,0.913927621576325,0.919179407780143,0.883576923076923,0.49262626107276,0.974627443390749
"LAMB1-ITGB4","Lamb1","Itgb4","Gpr135",0.00107692307692309,0.997153846153846,0.839483011205038,0.996516353783627,0.998230769230769,0.800766643479286,0.998529127153087
"LAMB3-CD151","Lamb3","Cd151","Unc5c",0.00438461538461532,0.950115384615385,0.402221587299568,0.952951422488872,0.945730769230769,0.478525612187127,0.953164311979872
"LAMB3-COL17A1","Lamb3","Col17a1","Tmem67",0.0564230769230769,0.707153846153846,0.488519073150181,0.895955099670989,0.763576923076923,0.279843133428694,0.897754983549448
"LAMB3-ITGA2","Lamb3","Itga2","Cntfr",0.0215384615384616,0.531346153846154,0.170572021159012,0.809521966324753,0.509807692307692,0.160569931525783,0.857364041029611
"LAMB3-ITGA3","Lamb3","Itga3","Itgb3",0.0123076923076924,0.513769230769231,0.286863565243574,0.863402361137991,0.501461538461538,0.0985624625216106,0.851790207083414
"LAMB3-ITGA6","Lamb3","Itga6","Fzd1",0.000576923076923141,0.961615384615385,0.564421235009189,0.959086510547707,0.961038461538462,0.494472932044408,0.9601703115928
"LAMB3-ITGB1","Lamb3","Itgb1","Tlr1",0.00157692307692303,0.998423076923077,0.920317813193129,0.997406618927811,1,1,1
"LAMB3-ITGB4","Lamb3","Itgb4","Ngfr",0.00873076923076921,0.812538461538462,0.234290498648118,0.929940003870718,0.821269230769231,0.289220843381014,0.915637700793497
"LAMC1-ITGA1","Lamc1","Itga1","Insr",0.00696153846153846,0.931692307692308,0.747349763814111,0.927636926649894,0.924730769230769,0.746401664138656,0.924791948906522
"LAMC1-ITGA2","Lamc1","Itga2","Lrp4",0.00150000000000006,0.990115384615385,0.706429021141292,0.984923553319141,0.988615384615385,0.841405298224405,0.984071995355138
"LAMC1-ITGA3","Lamc1","Itga3","Notch4",0.00165384615384623,0.991846153846154,0.721690469634156,0.991213470098703,0.9935,0.795918575805761,0.99094251983743
"LAMC1-ITGA6","Lamc1","Itga6","Lrp8",0.00657692307692315,0.927269230769231,0.785481780722792,0.924172634023611,0.933846153846154,0.752394165597804,0.975924133926843
"LAMC1-ITGA7","Lamc1","Itga7","Gp9",0.000884615384615373,0.987807692307692,0.836814054409528,0.986007354364235,0.988692307692308,0.270325129221851,0.987555641571512
"LAMC1-ITGAV","Lamc1","Itgav","Cd93",0.000576923076923141,0.865615384615385,0.730241364520201,0.886858912328237,0.865038461538462,0.6913605187627,0.894406812463712
"LAMC1-ITGB1","Lamc1","Itgb1","Cdh7",0.00134615384615389,0.9095,0.921154273698035,0.923069479388427,0.910846153846154,0.510913515382959,0.984749371008322
"LAMC1-ITGB4","Lamc1","Itgb4","Musk",7.69230769230855e-05,0.997076923076923,0.843017479791895,0.996013160441262,0.997153846153846,0.927087139103507,0.9965744145539
"LAMC2-CD151","Lamc2","Cd151","Ddr1",0.00557692307692303,0.905615384615385,0.471493251971801,0.928294948712986,0.900038461538462,0.39214587955494,0.930675440294175
"LAMC2-COL17A1","Lamc2","Col17a1","Itga8",0.00688461538461549,0.819884615384615,0.604034607304968,0.921985678343333,0.826769230769231,0.381444270045878,0.901974066189278
"LAMC2-ITGA2","Lamc2","Itga2","Cxcr5",0.0032692307692308,0.702307692307692,0.2123562661693,0.871182504354558,0.705576923076923,0.84211235140733,0.918695568027869
"LAMC2-ITGA3","Lamc2","Itga3","Chrm3",0.0027307692307692,0.6405,0.314445458159079,0.883549448422682,0.643230769230769,0.168742860851703,0.878633636539578
"LAMC2-ITGA6","Lamc2","Itga6","Tacr1",0.00169230769230766,0.927,0.55266185684337,0.936384749371008,0.928692307692308,0.207467289436484,0.963421714728082
"LAMC2-ITGB1","Lamc2","Itgb1","Calcr",0.00238461538461543,0.997615384615385,0.951721832131249,0.996129281981808,1,1,1
"LAMC2-ITGB4","Lamc2","Itgb4","Lrrc4",0.00261538461538458,0.862653846153846,0.282847675488197,0.936655699632282,0.865269230769231,0.163461479306849,0.951577317592413
"LAMC3-ITGA2","Lamc3","Itga2","Lgr5",0.0042692307692308,0.901923076923077,0.181307019387023,0.954886781497968,0.897653846153846,0.158483156197152,0.958254306173795
"LAMC3-ITGA3","Lamc3","Itga3","Kel",0.00465384615384612,0.906884615384615,0.197315577929806,0.959647764660345,0.902230769230769,0.156649408832002,0.964718405264177
"LAMC3-ITGA6","Lamc3","Itga6","Ephb4",0.00115384615384617,0.987346153846154,0.455272927124981,0.989239403909425,0.986192307692308,0.481856943157658,0.988620089026514
"LAMC3-ITGB1","Lamc3","Itgb1","Cd247",0.000538461538461488,0.999576923076923,0.885667666628962,0.999419392297271,0.999038461538462,0.850003655590544,0.998683955873815
"LAMC3-ITGB4","Lamc3","Itgb4","F2rl3",0.0523076923076923,0.8095,0.192058144260583,0.941300561254113,0.861807692307692,0.071818544029926,0.958505902844978
"LGALS3BP-ITGB1","Lgals3bp","Itgb1","Fgfr2",0.00211538461538463,0.997884615384615,0.886839440733111,0.996961486355719,1,1,1
"LGALS3BP-VANGL1","Lgals3bp","Vangl1","Ldlr",0.000730769230769202,0.909076923076923,0.375171893428893,0.931159280046449,0.909807692307692,0.35739411315473,0.930152893361719
"LIN7C-ABCA1","Lin7c","Abca1","Sdc3",0.0526538461538462,0.568,0.485014243100156,0.836849235533191,0.620653846153846,0.824234636070639,0.836404102961099
"LIN7C-HTR2C","Lin7c","Htr2c","Cd180",0.000269230769230799,0.999153846153846,0.847172134793048,0.998567834333269,0.999423076923077,0.984037869024269,0.999419392297271
"LIPC-LRP1","Lipc","Lrp1","Itgb2",0.00161538461538469,0.992615384615385,0.920303175426914,0.990478033675247,0.994230769230769,0.871496688002672,0.996903425585446
"LPL-CD44","Lpl","Cd44","Ntsr1",0,1,1,1,1,1,1
"LPL-GPIHBP1","Lpl","Gpihbp1","Chrm3",0.00838461538461532,0.888807692307692,0.497576357977212,0.920379330365783,0.880423076923077,0.296154258652336,0.924308109154248
"LPL-LRP1","Lpl","Lrp1","Itga8",0.00226923076923069,0.793269230769231,0.572733268587858,0.923611379910974,0.791,0.340385227911841,0.893903619121347
"LPL-LRP2","Lpl","Lrp2","Itgb4",0.000730769230769202,0.976961538461538,0.562878840819463,0.980510934778401,0.977692307692308,0.513253432280252,0.98209792916586
"LPL-SDC1","Lpl","Sdc1","Ntrk2",0.00349999999999995,0.545576923076923,0.422967763033965,0.877085349332301,0.542076923076923,0.27406450960861,0.915560286433133
"LPL-VLDLR","Lpl","Vldlr","Scn8a",0.0445384615384615,0.773923076923077,0.487801532988293,0.893264950648345,0.818461538461538,0.202725451004964,0.968337526611186
"LRP1B-PLAUR","Lrp1b","Plaur","Rtn4r",0.000346153846153774,0.998461538461539,0.729516790423838,0.998103348171086,0.998807692307692,0.996834685713402,0.998645248693633
"LRPAP1-LDLR","Lrpap1","Ldlr","Plxnb1",0.0117692307692308,0.938423076923077,0.641735159066103,0.931062512095994,0.926653846153846,0.553720152653056,0.925469324559706
"LRPAP1-LRP1","Lrpap1","Lrp1","Boc",0.0180769230769231,0.752230769230769,0.713653297892825,0.830714147474356,0.734153846153846,0.537642158506208,0.868589123282369
"LRPAP1-LRP2","Lrpap1","Lrp2","Htr2a",0.00146153846153851,0.992576923076923,0.625902632380881,0.991368298819431,0.994038461538462,0.633978615892291,0.992065028062706
"LRPAP1-LRP8","Lrpap1","Lrp8","Fzd9",0.00319230769230772,0.960884615384615,0.830185138038447,0.974143603638475,0.964076923076923,0.621152088644291,0.966208631701181
"LRPAP1-SORL1","Lrpap1","Sorl1","Itga5",0.00338461538461543,0.947307692307692,0.633184676724244,0.944048771047029,0.950692307692308,0.69404481150624,0.952525643506871
"LRPAP1-SORT1","Lrpap1","Sort1","Sdc4",0.0100769230769231,0.857115384615385,0.58273245758073,0.8766595703503,0.867192307692308,0.454761770944318,0.906967292432746
"LRPAP1-VLDLR","Lrpap1","Vldlr","Hhip",0.00234615384615378,0.929230769230769,0.603203904637286,0.927714341010257,0.926884615384615,0.488893430858757,0.948480743177859
"LTBP1-ITGB5","Ltbp1","Itgb5","Ryk",0.00219230769230772,0.530192307692308,0.558242692135689,0.829707760789626,0.528,0.519280911435002,0.821579252951423
"LTBP3-ITGB5","Ltbp3","Itgb5","Nrp2",0.00588461538461538,0.784461538461538,0.721266708691144,0.859938068511709,0.778576923076923,0.622936775498475,0.895316431197987
"LTF-GP9","Ltf","Gp9","Cd3d",0.00646153846153852,0.529538461538462,0.270191322035936,0.90160634797755,0.536,0.0116293950305439,0.956377007934972
"LTF-GPR162","Ltf","Gpr162","Ntrk1",0.0109230769230769,0.794923076923077,0.0234076338940162,0.965299012966905,0.805846153846154,0.979150865605371,0.931449583897813
"LTF-LRP1","Ltf","Lrp1","Nrxn1",0.0288076923076923,0.986653846153846,0.482516106843684,0.988968453648152,0.957846153846154,0.295737425488972,0.977627249854848
"LTF-LRP11","Ltf","Lrp11","Col13a1",0.0249615384615385,0.836384615384615,0.0773452655118142,0.958215598993613,0.861346153846154,0.105389635144008,0.961331526998258
"LTF-TFRC","Ltf","Tfrc","Cd247",0.0012692307692308,0.995423076923077,0.829660532212609,0.994348751693439,0.994153846153846,0.626613469912267,0.99417456938262
"LY86-CD180","Ly86","Cd180","Mcam",0.000230769230769257,0.958538461538462,0.547347267741563,0.978807818850397,0.958307692307692,0.47770799760827,0.959821946971163
"LYPD3-AGR2","Lypd3","Agr2","Ednra",0.00350000000000006,0.972884615384615,0.0954569237813786,0.988968453648152,0.976384615384615,0.496834586629429,0.987342752080511
"MATN1-ITGA1","Matn1","Itga1","Ldlr",0.0104230769230769,0.887615384615385,0.163905155972241,0.948074317785949,0.877192307692308,0.128287134632774,0.943313334623573
"MATN1-ITGB1","Matn1","Itgb1","Grm7",0.00853846153846149,0.991038461538462,0.578384217576933,0.993303657828527,0.9825,0.325762842763958,0.988794271337333
"MATN1-PTPRD","Matn1","Ptprd","Grm7",0.00334615384615378,0.985846153846154,0.49317369195009,0.989374879040062,0.9825,0.325762842763958,0.988794271337333
"MDK-ALK","Mdk","Alk","Grm3",0.000307692307692342,0.989038461538462,0.757962708657954,0.987187923359783,0.989346153846154,0.817414008853225,0.990400619314883
"MDK-ITGA4","Mdk","Itga4","Cd247",0.00596153846153846,0.945461538461538,0.819252345477381,0.964679698083995,0.9395,0.987762315640299,0.977162763692665
"MDK-ITGA6","Mdk","Itga6","Ephb3",3.84615384615428e-05,0.994692307692308,0.951207333964232,0.991736017031159,0.994730769230769,0.916750337112347,0.992394039094252
"MDK-ITGB1","Mdk","Itgb1","Gp1bb",0.0571923076923078,0.812923076923077,0.911668471483301,0.89899361331527,0.870115384615385,0.643167372641696,0.977878846526031
"MDK-LRP1","Mdk","Lrp1","Ednrb",0.0444615384615384,0.927923076923077,0.939399545683428,0.950183859105864,0.972384615384615,0.752388237962432,0.972885620282562
"MDK-LRP2","Mdk","Lrp2","Aplnr",3.84615384615428e-05,0.999576923076923,0.964496087369285,0.999225856396362,0.999615384615385,0.992381553060145,0.999264563576543
"MDK-PTPRB","Mdk","Ptprb","Fzd2",0.000153846153846171,0.997730769230769,0.950380801669855,0.996284110702535,0.997576923076923,0.988624560613058,0.996632475324173
"MDK-PTPRZ1","Mdk","Ptprz1","Ntrk3",0.00465384615384612,0.927346153846154,0.747696237793284,0.97222759821947,0.922692307692308,0.668414937762244,0.958699438745887
"MDK-SDC1","Mdk","Sdc1","Adcy8",0.00138461538461532,0.990192307692308,0.935618174057088,0.986762144377782,0.991576923076923,0.89805237556795,0.991736017031159
"MDK-SDC3","Mdk","Sdc3","Ptprg",0.00646153846153841,0.929346153846154,0.734867166608839,0.960847687245984,0.922884615384615,0.688148657341815,0.939616798916199
"MDK-SDC4","Mdk","Sdc4","Mylk",0.0037307692307692,0.987307692307692,0.821097159147276,0.987671763112057,0.983576923076923,0.878611220767249,0.983549448422682
"MDK-TSPAN1","Mdk","Tspan1","Pvr",3.84615384615428e-05,0.999192307692308,0.969803912847762,0.999458099477453,0.999153846153846,0.944379300315321,0.998683955873815
"MFAP2-NOTCH1","Mfap2","Notch1","Kcnn4",0.00357692307692314,0.938230769230769,0.607654623368984,0.95231275401587,0.941807692307692,0.943724775743375,0.984013934584866
"MFAP5-NOTCH1","Mfap5","Notch1","Boc",0.00207692307692298,0.7545,0.465779393305445,0.897445326107993,0.752423076923077,0.542457617242427,0.901470872846913
"MFGE8-ITGAV","Mfge8","Itgav","Epha4",0.00946153846153852,0.717307692307692,0.513109137344915,0.82918521385717,0.707846153846154,0.373704773456109,0.867156957615638
"MFGE8-ITGB3","Mfge8","Itgb3","Itgb8",0.0111923076923076,0.968884615384615,0.410002046490822,0.968705244822915,0.957692307692308,0.566514588002963,0.952603057867234
"MFGE8-PDGFRB","Mfge8","Pdgfrb","Lrp1",0.00538461538461543,0.755115384615385,0.475960172128933,0.84507451132185,0.749730769230769,0.554681005748922,0.846951809560674
"MFNG-NOTCH1","Mfng","Notch1","Itgam",0.0012692307692308,0.945230769230769,0.589451870106473,0.94586800851558,0.9465,0.118083525472457,0.962415328043352
"MFNG-NOTCH2","Mfng","Notch2","P2ry12",0.001,0.952307692307692,0.651357493264752,0.952757886587962,0.951307692307692,0.221990504932988,0.9633830075479
"MIA-CDH19","Mia","Cdh19","Mag",0.00161538461538469,0.989615384615385,0.473973028185663,0.992045674472615,0.991230769230769,0.409984872472276,0.991232823688794
"MIA-CDH7","Mia","Cdh7","Fgfr4",0.00103846153846154,0.860192307692308,0.388627764581843,0.971163150764467,0.861230769230769,0.338238767262736,0.956357654344881
"MMP13-LRP1","Mmp13","Lrp1","Fgfr2",0.00057692307692303,0.999269230769231,0.598132426508792,0.998877491774724,0.999846153846154,0.988433853624023,0.999690342558545
"MMP2-SDC2","Mmp2","Sdc2","Nrxn3",0.00561538461538469,0.7425,0.68923250478637,0.843506870524482,0.748115384615385,0.09648259773121,0.913470098703309
"MMP9-CD44","Mmp9","Cd44","Cxcr4",0,1,1,1,1,1,1
"MMP9-EPHB2","Mmp9","Ephb2","Tgfbr3",0.00465384615384623,0.854923076923077,0.324792128892335,0.905767369847107,0.859576923076923,0.300972620866675,0.909812270176118
"MMP9-ITGAM","Mmp9","Itgam","Fas",0.00107692307692309,0.956769230769231,0.528362073456843,0.966886007354364,0.955692307692308,0.254803346488135,0.965705438358816
"MMP9-ITGB2","Mmp9","Itgb2","Ptprd",0.0118461538461538,0.980346153846154,0.876448308501661,0.992006967292433,0.992192307692308,0.737657283270762,0.990555448035611
"MMP9-LRP1","Mmp9","Lrp1","Ptgir",0.00761538461538469,0.988846153846154,0.75400902394925,0.986742790787691,0.996461538461539,0.617732338892188,0.997735629959357
"MST1-MST1R","Mst1","Mst1r","Stra6",0.0662692307692307,0.676384615384615,0.12287056556034,0.956667311786336,0.610115384615385,0.0976835660164895,0.963944261660538
"MSTN-ACVR2B","Mstn","Acvr2b","Lrp8",0.00630769230769224,0.851923076923077,0.312600363516288,0.949719372943681,0.845615384615385,0.169236056074794,0.960944455196439
"NAMPT-INSR","Nampt","Insr","Itga4",0.0141153846153845,0.515461538461538,0.404047471126885,0.780317398877492,0.501346153846154,0.322675212620379,0.861196051867621
"NCAM1-CACNA1C","Ncam1","Cacna1c","Robo2",0.00134615384615389,0.751384615384615,0.472755205856167,0.866886007354364,0.752730769230769,0.720070899699952,0.876562802399845
"NCAM1-FGFR1","Ncam1","Fgfr1","Ptprg",0.00392307692307692,0.745923076923077,0.608460739673357,0.870292239210374,0.749846153846154,0.638552304087109,0.846564737758854
"NCAM1-FGFR2","Ncam1","Fgfr2","Epha6",0.00180769230769229,0.992884615384615,0.988871214093423,0.990361912134701,0.991076923076923,0.871353406735037,0.987865299012967
"NCAM1-GFRA1","Ncam1","Gfra1","Lrp5",0.00130769230769234,0.978576923076923,0.844358687903399,0.980588349138765,0.977269230769231,0.824752040780106,0.973137216953745
"NCAM1-PTPRA","Ncam1","Ptpra","Fxyd6",0.0406153846153846,0.703153846153846,0.71876641679837,0.841184439713567,0.743769230769231,0.915436988362223,0.874143603638475
"NCAM1-ROBO1","Ncam1","Robo1","Kidins220",0.0879230769230769,0.677769230769231,0.669642999777996,0.836926649893555,0.589846153846154,0.858745036832708,0.825101606347978
"NCAM1-ROBO3","Ncam1","Robo3","Cckbr",0,1,1,1,1,1,1
"NCAN-CDH2","Ncan","Cdh2","Csf1r",0.0228461538461538,0.699230769230769,0.673353484711408,0.90603832010838,0.676384615384615,0.37610997857587,0.904161021869557
"NCAN-SDC3","Ncan","Sdc3","Ptpra",0.00288461538461537,0.859192307692308,0.781657436312311,0.946700212889491,0.856307692307692,0.644265569662244,0.957634991290884
"NDP-FZD4","Ndp","Fzd4","Ptprb",0.00396153846153846,0.912961538461538,0.482917279409236,0.975730598025934,0.916923076923077,0.500806006487335,0.973601703115928
"NDP-LGR4","Ndp","Lgr4","Gfra2",0.000153846153846171,0.972692307692308,0.719134855278681,0.984420359976776,0.972538461538462,0.789568880115886,0.985465453841688
"NGF-KIDINS220","Ngf","Kidins220","Mchr1",7.69230769230855e-05,0.995769230769231,0.677210414985901,0.994077801432166,0.995846153846154,0.488526348796808,0.997058254306174
"NGF-MAGED1","Ngf","Maged1","Abca1",0.00749999999999995,0.999846153846154,0.992195253140803,0.999690342558545,0.992346153846154,0.642405437158202,0.989878072382427
"NGF-NGFR","Ngf","Ngfr","Cntn1",0.00846153846153841,0.923346153846154,0.277079358793911,0.951074124250048,0.914884615384615,0.214137813632359,0.951035417069866
"NGF-NTRK1","Ngf","Ntrk1","Axl",0.0102307692307693,1,1,1,0.989769230769231,0.67465040125908,0.987226630539965
"NGF-SORCS3","Ngf","Sorcs3","Itga3",0.00592307692307692,0.866076923076923,0.155722563657506,0.939113605573834,0.860153846153846,0.175212176314789,0.934952583704277
"NGF-SORT1","Ngf","Sort1","F2r",0.00211538461538463,0.977461538461538,0.42197732401274,0.975924133926843,0.979576923076923,0.474827743245942,0.978033675246758
"NID1-COL13A1","Nid1","Col13a1","Celsr1",0.000538461538461599,0.978384615384615,0.721341135141176,0.975382233404297,0.977846153846154,0.730698301540644,0.975111283143023
"NID1-ITGA3","Nid1","Itga3","Cftr",0.00634615384615389,0.983653846153846,0.569600956690258,0.983762337913683,0.99,0.504055584577931,0.990807044706793
"NID1-ITGAV","Nid1","Itgav","Ddr2",0.014576923076923,0.787730769230769,0.690899204682931,0.86438939423263,0.773153846153846,0.75485514073452,0.883762337913683
"NID1-ITGB1","Nid1","Itgb1","Kcnq3",0.00249999999999995,0.903538461538462,0.86769095214898,0.918889103928779,0.901038461538462,0.382655678408646,0.967485968647184
"NID1-ITGB3","Nid1","Itgb3","Rtn4rl1",0.00284615384615383,0.978538461538462,0.524764433841287,0.97706599574221,0.981384615384615,0.644135020184319,0.977704664215212
"NID1-PTPRF","Nid1","Ptprf","Gp1bb",0.00942307692307687,0.581576923076923,0.54039349362143,0.839868395587381,0.572153846153846,0.297460306653138,0.905651248306561
"NID2-COL13A1","Nid2","Col13a1","Trpc3",0.00269230769230777,0.966769230769231,0.693590392506514,0.966556996322818,0.964076923076923,0.530653536999709,0.966866653764273
"NLGN1-NRXN1","Nlgn1","Nrxn1","Plxnd1",0.00834615384615378,0.738461538461539,0.859804522106216,0.898122701761177,0.746807692307692,0.581100125216612,0.888407199535514
"NLGN1-NRXN2","Nlgn1","Nrxn2","Il1r1",0.001,0.987538461538462,0.995902885183883,0.988832978517515,0.986538461538462,0.675089565720739,0.982755951228953
"NLGN1-NRXN3","Nlgn1","Nrxn3","Ptprm",0.00873076923076921,0.758461538461539,0.788084064661418,0.877530481904393,0.749730769230769,0.475350351850669,0.848616218308496
"NLGN2-NRXN1","Nlgn2","Nrxn1","Ryk",0.00742307692307698,0.846423076923077,0.755379022938731,0.912541126378943,0.839,0.502241163270206,0.898316237662086
"NLGN2-NRXN2","Nlgn2","Nrxn2","Sirpa",0.00723076923076926,0.647846153846154,0.73893549989335,0.922275982194697,0.640615384615385,0.391708974715926,0.850938649119412
"NLGN2-NRXN3","Nlgn2","Nrxn3","Ddr2",0.00342307692307686,0.772961538461538,0.718082336778742,0.897348558157538,0.776384615384615,0.38927007462607,0.921385717050513
"NLGN3-NRXN1","Nlgn3","Nrxn1","Cd46",0.00557692307692303,0.9445,0.990609084819795,0.973214631314109,0.950076923076923,0.410643747904248,0.958718792335978
"NLGN3-NRXN2","Nlgn3","Nrxn2","Bcam",0.0354615384615384,0.547730769230769,0.963645162758581,0.94627443390749,0.583192307692308,0.164559543401641,0.95049351654732
"NLGN3-NRXN3","Nlgn3","Nrxn3","Itgb5",0.00853846153846149,0.879961538461538,0.972364342837034,0.944300367718212,0.871423076923077,0.569017273942281,0.973311399264564
"NMB-NMBR","Nmb","Nmbr","Fzd5",0.00819230769230761,0.832038461538462,0.461217924544131,0.916779562608864,0.823846153846154,0.102852522584054,0.923804915811883
"NOV-NOTCH1","Nov","Notch1","Lrp4",0.0277692307692308,0.795961538461538,0.411543500188663,0.890845751886975,0.768192307692308,0.409322695869641,0.890652215986065
"NOV-PLXNA1","Nov","Plxna1","Lrp8",0.00800000000000001,0.717115384615385,0.369974141096777,0.871917940778014,0.725115384615385,0.252239382997278,0.935281594735824
"NPNT-ITGA8","Npnt","Itga8","Gp1bb",0.00930769230769235,0.764923076923077,0.495146910344172,0.865066769885814,0.755615384615385,0.314670401916004,0.90301916005419
"NPNT-ITGB1","Npnt","Itgb1","Ptpru",0.00126923076923069,0.960807692307692,0.791202910465423,0.957170505128701,0.962076923076923,0.347586431896909,0.966963421714728
"NPPA-NPR1","Nppa","Npr1","Epor",0.00611538461538463,0.581384615384615,0.160145435339099,0.925778982001161,0.5875,0.0868665043761554,0.952448229146507
"NPPA-NPR3","Nppa","Npr3","Fgfr4",0.0104230769230769,0.527076923076923,0.487650118449002,0.920979291658603,0.5375,0.106934003416562,0.94567447261467
"NPPC-NPR2","Nppc","Npr2","Il7r",0.0035384615384616,0.945884615384615,0.602727964199032,0.983452680472228,0.942346153846154,0.293190248387145,0.992916586026708
"NPPC-NPR3","Nppc","Npr3","Ret",0.0132307692307693,0.840423076923077,0.413414056937798,0.973117863363654,0.827192307692308,0.733003856898019,0.96015095800271
"NPY-FAP","Npy","Fap","Gfra1",0.00730769230769224,0.588,0.100199203469112,0.933462357267273,0.580692307692308,0.195383095297876,0.87967873040449
"NPY-MC4R","Npy","Mc4r","Grm4",0.00192307692307692,0.979846153846154,0.510337660659954,0.984575188697503,0.977923076923077,0.943189677703895,0.991271530868976
"NPY-NPY1R","Npy","Npy1r","Trpc5",0.000384615384615428,0.946346153846154,0.362999689602308,0.973582349525837,0.946730769230769,0.173297360390002,0.964486162183085
"NRG1-ERBB2","Nrg1","Erbb2","Thbd",0.00192307692307692,0.555884615384615,0.226102809624926,0.846777627249855,0.553961538461538,0.161771167971965,0.887884652603058
"NRG1-ERBB3","Nrg1","Erbb3","Cav1",0.00130769230769234,0.797615384615385,0.363678550923457,0.894329398103348,0.798923076923077,0.157596150097322,0.92494677762725
"NRG1-ERBB4","Nrg1","Erbb4","Notch3",0.00300000000000011,0.528423076923077,0.468126459065198,0.829340042577898,0.531423076923077,0.270519973636677,0.847435649312948
"NRG1-GPC1","Nrg1","Gpc1","Nrxn2",0.0348846153846154,0.789461538461538,0.419058140104352,0.90160634797755,0.754576923076923,0.896989193010816,0.898838784594542
"NRG2-ERBB2","Nrg2","Erbb2","Erap1",0.00788461538461538,0.949230769230769,0.298018330384142,0.961021869556803,0.941346153846154,0.241268493253717,0.956609251016064
"NRG2-ERBB3","Nrg2","Erbb3","Il17rb",0.00230769230769223,0.909230769230769,0.194278450273059,0.950338687826592,0.906923076923077,0.0992248035248398,0.97826591832785
"NRG2-ERBB4","Nrg2","Erbb4","Lifr",0.001,0.972576923076923,0.752321672365826,0.973756531836656,0.973576923076923,0.401250829773438,0.973853299787111
"NRG3-ERBB4","Nrg3","Erbb4","Fxyd6",0.0505384615384615,0.722730769230769,0.527171882960895,0.856570543835882,0.672192307692308,0.881007420856383,0.892626282175344
"NRG4-EGFR","Nrg4","Egfr","Itga4",0.002,0.971423076923077,0.479164752877323,0.983781691503774,0.969423076923077,0.444948213578718,0.98349138765241
"NRG4-ERBB2","Nrg4","Erbb2","Ldlr",0.00130769230769223,0.966846153846154,0.488806847885572,0.981904393264951,0.965538461538462,0.446388120489558,0.98049158118831
"NRG4-ERBB4","Nrg4","Erbb4","Notch3",0.000384615384615317,0.971692307692308,0.607111415567714,0.983084962260499,0.972076923076923,0.502663475309164,0.983762337913683
"NRTN-GFRA1","Nrtn","Gfra1","Tie1",0.0164615384615384,0.539192307692308,0.26485874616752,0.865221598606541,0.555653846153846,0.349384087251778,0.875169343913296
"NRTN-GFRA2","Nrtn","Gfra2","Ngfr",0.0126153846153846,0.6345,0.302105723982618,0.87967873040449,0.621884615384615,0.273320815632048,0.910760596090575
"NRTN-RET","Nrtn","Ret","Glp2r",0.00919230769230761,0.808115384615385,0.211587285251281,0.940855428682021,0.798923076923077,0.581258731906724,0.980665763499129
"NTF3-NGFR","Ntf3","Ngfr","Sorl1",0.0194230769230769,0.922769230769231,0.416983517572218,0.948016257015676,0.942192307692308,0.349215178630307,0.952022450164505
"NTF3-NTRK1","Ntf3","Ntrk1","Itgad",0,1,1,1,1,1,1
"NTF3-NTRK2","Ntf3","Ntrk2","Lgr4",0.000230769230769257,0.975153846153846,0.539007054920087,0.975285465453842,0.974923076923077,0.476614348008748,0.972904973872653
"NTF3-NTRK3","Ntf3","Ntrk3","Dcbld2",0.00184615384615383,0.970230769230769,0.616576700253477,0.974762918521386,0.972076923076923,0.422764504713445,0.970234178440101
"NTN1-DCC","Ntn1","Dcc","Fgfr3",0.0027307692307692,0.512807692307692,0.433523007552636,0.870718018192375,0.510076923076923,0.505115425334897,0.863460421908264
"NTN1-NEO1","Ntn1","Neo1","Vipr2",0.001,0.945730769230769,0.69309450747098,0.950474162957229,0.946730769230769,0.294630897372081,0.959376814399071
"NTN1-UNC5A","Ntn1","Unc5a","Kcnj10",0.000269230769230799,0.959538461538462,0.500510912629761,0.962415328043352,0.959269230769231,0.63850166850488,0.975033868782659
"NTN1-UNC5B","Ntn1","Unc5b","Acvr1b",0.00284615384615383,0.706538461538462,0.329922673051579,0.871705051287014,0.709384615384615,0.388566676302761,0.865686084768725
"NTN1-UNC5C","Ntn1","Unc5c","Fzd8",0.0134230769230769,0.660730769230769,0.354303168816495,0.871511515386104,0.674153846153846,0.424600754388807,0.879252951422489
"NTN1-UNC5D","Ntn1","Unc5d","Gfra1",0.0143076923076924,0.676846153846154,0.352064814158114,0.886839558738146,0.662538461538462,0.392785024176249,0.864486162183085
"NTN4-DCC","Ntn4","Dcc","Adora1",0.00430769230769235,0.909192307692308,0.276271100997287,0.954964195858332,0.904884615384615,0.326104046578744,0.955506096380879
"NTN4-UNC5A","Ntn4","Unc5a","Nmbr",0.0211153846153845,0.568730769230769,0.16426330722929,0.890207083413973,0.589846153846154,0.644849009530051,0.915831236694407
"NTNG1-LRRC4C","Ntng1","Lrrc4c","Scarb1",0.0017307692307692,0.654538461538462,0.699773842694713,0.872653377201471,0.656269230769231,0.346947861743347,0.881439907102768
"NTNG2-LRRC4","Ntng2","Lrrc4","Eda2r",0.0111538461538462,0.872538461538461,0.124297129089915,0.950590284497774,0.883692307692308,0.138252784335475,0.952874008128508
"NTNG2-LRRC4C","Ntng2","Lrrc4c","Hfe2",0.00134615384615389,0.976615384615385,0.342881742403905,0.980065802206309,0.975269230769231,0.414168753971206,0.980356106057674
"NTS-NGFR","Nts","Ngfr","Il1rap",0.0176153846153846,0.819269230769231,0.167372051604219,0.91890845751887,0.836884615384615,0.18919793839711,0.912695955099671
"NTS-NTSR1","Nts","Ntsr1","Ptprs",0.00607692307692309,1,1,1,0.993923076923077,0.753965435059089,0.991310238049158
"NTS-SORT1","Nts","Sort1","Cachd1",0.000153846153846171,0.939538461538462,0.329192469833351,0.946971163150764,0.939384615384615,0.337826921660305,0.949622604993226
"NUCB2-ERAP1","Nucb2","Erap1","Tnfrsf21",0.00973076923076921,0.617,0.344515121469853,0.837197600154829,0.607269230769231,0.439991769426369,0.844493903619121
"NXPH1-NRXN1","Nxph1","Nrxn1","Fzd10",0.000653846153846116,0.934692307692308,0.872603372396965,0.951190245790594,0.934038461538462,0.231290719139171,0.964640990903813
"NXPH1-NRXN2","Nxph1","Nrxn2","Orai2",3.84615384614317e-05,0.638346153846154,0.896468592047636,0.883259144571318,0.638384615384615,0.769893761461139,0.910934778401393
"NXPH1-NRXN3","Nxph1","Nrxn3","Lpar3",0.00315384615384617,0.888115384615385,0.825196698765445,0.928720727694987,0.884961538461538,0.338710971250347,0.981323785562222
"NXPH2-NRXN1","Nxph2","Nrxn1","Lrrc4c",0.00476923076923075,0.999538461538461,0.996071698219532,0.999380685117089,0.994769230769231,0.835074307460145,0.994929359396168
"NXPH3-NRXN1","Nxph3","Nrxn1","Plxna2",0,1,1,1,1,1,1
"NXPH3-NRXN2","Nxph3","Nrxn2","Cntn1",0,1,1,1,1,1,1
"NXPH3-NRXN3","Nxph3","Nrxn3","Sdc1",0,1,1,1,1,1,1
"OLFM2-ROBO2","Olfm2","Robo2","Fshr",0.00288461538461537,0.981576923076923,0.975143400247599,0.985155796400232,0.984461538461538,0.994076501672633,0.994735823495258
"OSTN-NPR3","Ostn","Npr3","Il1r1",0.00365384615384612,0.914307692307692,0.223083859726345,0.967544029417457,0.910653846153846,0.39333290837508,0.963053996516354
"P4HB-GPR162","P4hb","Gpr162","Tlr2",0,1,1,1,1,1,1
"PAPLN-SIRPA","Papln","Sirpa","Gpc4",3.84615384615428e-05,0.999307692307692,0.921641486199951,0.999071027675634,0.999346153846154,0.987812932036623,0.999109734855816
"PCSK9-VLDLR","Pcsk9","Vldlr","Bcam",0.000384615384615317,0.738423076923077,0.215636429402405,0.949738726533772,0.738807692307692,0.179851366812332,0.967873040449003
"PDAP1-PDGFRB","Pdap1","Pdgfrb","Sdc4",0.00642307692307698,0.962884615384615,0.754561269838432,0.95693826204761,0.969307692307692,0.721239676882567,0.97244048771047
"PDGFA-PDGFRA","Pdgfa","Pdgfra","Thbd",0.0138461538461538,0.692692307692308,0.493322762142265,0.865976388620089,0.678846153846154,0.31728224609198,0.892432746274434
"PDGFA-PDGFRB","Pdgfa","Pdgfrb","Ramp1",0.0145384615384615,0.519730769230769,0.361772748786442,0.831468937487904,0.505192307692308,0.512958096976683,0.835146119605187
"PDGFB-ART1","Pdgfb","Art1","Hhip",0.0134230769230769,0.660615384615385,0.309272355581344,0.916431197987227,0.647192307692308,0.235244575401915,0.886104122314689
"PDGFB-ITGAV","Pdgfb","Itgav","Acvr2a",0.0141538461538462,0.960384615384615,0.596849557069665,0.959415521579253,0.946230769230769,0.499336370236817,0.95029998064641
"PDGFB-LRP1","Pdgfb","Lrp1","Igf2r",0.00476923076923075,0.991192307692308,0.843982481935214,0.987942713373331,0.995961538461538,0.894545302719095,0.993942326301529
"PDGFB-PDGFRA","Pdgfb","Pdgfra","Robo2",0.000923076923076915,0.969,0.703221028344559,0.970137410489646,0.968076923076923,0.684984754203262,0.969382620476098
"PDGFB-PDGFRB","Pdgfb","Pdgfrb","Ccr9",0.00388461538461538,0.947115384615385,0.594574948713731,0.948925875749952,0.943230769230769,0.219662888820519,0.959125217727889
"PDGFB-S1PR1","Pdgfb","S1pr1","Tmprss6",0.00957692307692304,0.819653846153846,0.369651760794822,0.893884265531256,0.810076923076923,0.476060836268192,0.986626669247145
"PDGFC-FLT1","Pdgfc","Flt1","Pth1r",0.00549999999999995,0.690961538461538,0.338357126636273,0.839945809947745,0.685461538461538,0.416975524011298,0.846003483646216
"PDGFC-FLT4","Pdgfc","Flt4","Adcy8",0.00865384615384612,0.906230769230769,0.295890028071165,0.93117863363654,0.897576923076923,0.346226958233943,0.975769305206116
"PDGFC-KDR","Pdgfc","Kdr","Fzd4",0.0150384615384614,0.747576923076923,0.381665062093498,0.843913295916393,0.732538461538462,0.395521582212091,0.862589510354171
"PDGFC-PDGFRA","Pdgfc","Pdgfra","Nrsn1",0.000538461538461599,0.859230769230769,0.597701631464417,0.888891039287788,0.858692307692308,0.338028281747731,0.970737371782466
"PDGFC-PDGFRB","Pdgfc","Pdgfrb","Ncstn",0.0153461538461538,0.715923076923077,0.428173952353801,0.835629959357461,0.700576923076923,0.378925136494551,0.836365395780917
"PDGFD-PDGFRA","Pdgfd","Pdgfra","Il6st",0.00507692307692309,0.968961538461538,0.673913875151173,0.966073156570544,0.963884615384615,0.587350140897842,0.959454228759435
"PDGFD-PDGFRB","Pdgfd","Pdgfrb","Kdr",0.00276923076923075,0.936538461538462,0.469019093403074,0.939345848654926,0.939307692307692,0.45049374865373,0.940700599961293
"PDYN-OPRM1","Pdyn","Oprm1","Cdh19",0.00396153846153846,0.652576923076923,0.595624965626611,0.949641958583317,0.648615384615385,0.0613955290926504,0.961854073930714
"PENK-OGFR","Penk","Ogfr","Fxyd6",0.0108461538461538,0.7375,0.40050645673726,0.881304431972131,0.748346153846154,0.394860978013688,0.899477453067544
"PENK-OPRM1","Penk","Oprm1","Lgr6",0.00176923076923075,0.958923076923077,0.685743154584747,0.984033288174956,0.957153846153846,0.461690822722347,0.967950454809367
"PF4-FGFR2","Pf4","Fgfr2","Slc18a2",0.00149999999999995,0.976461538461538,0.348510013042392,0.974201664408748,0.977961538461538,0.519977454032728,0.975595122895297
"PF4-LDLR","Pf4","Ldlr","Epha6",0.00476923076923075,0.881692307692308,0.482322375818494,0.903657828527192,0.886461538461538,0.190305079240782,0.952390168376234
"PF4-PROCR","Pf4","Procr","P2ry12",0.00230769230769234,0.993846153846154,0.740226547570176,0.992065028062706,0.996153846153846,0.772224392310296,0.995258370427714
"PF4-SDC2","Pf4","Sdc2","Ryk",0.00115384615384617,0.608884615384615,0.295387017456138,0.83038513644281,0.610038461538462,0.342078663886853,0.818424617766596
"PF4-THBD","Pf4","Thbd","Cnr1",0.00665384615384612,0.8135,0.382346965668074,0.908070447067931,0.806846153846154,0.182841691146651,0.944184246177666
"PGF-FLT1","Pgf","Flt1","Rtn4r",0.00403846153846144,0.8605,0.336458045788797,0.905109347784014,0.864538461538461,0.415986283002361,0.955254499709696
"PGF-NRP1","Pgf","Nrp1","Fzd2",0.00438461538461532,0.969807692307692,0.636391879212684,0.965782852719179,0.965423076923077,0.62938089609021,0.963421714728082
"PGF-NRP2","Pgf","Nrp2","Acvr2a",0.000269230769230799,0.959307692307692,0.552002866780716,0.960460615444165,0.959038461538462,0.564555064977408,0.956822140507064
"PIGF-FLT1","Pigf","Flt1","Alk",0.00123076923076926,0.817230769230769,0.305277187899865,0.895316431197987,0.818461538461538,0.26890671518396,0.920456744726147
"PKM-CD44","Pkm","Cd44","Lepr",7.69230769230855e-05,0.999423076923077,0.999844371626679,0.999071027675634,0.9995,0.985458378323899,0.999148442035998
"PLAT-ITGAM","Plat","Itgam","Fzd10",0.00203846153846154,0.984038461538462,0.292700891488911,0.984613895877685,0.986076923076923,0.785097535840951,0.986665376427327
"PLAT-ITGB2","Plat","Itgb2","Kcnd1",0.00196153846153846,0.985730769230769,0.819523804247222,0.995045480936714,0.983769230769231,0.559794514601398,0.983452680472228
"PLAT-LRP1","Plat","Lrp1","Ocln",0.00123076923076926,0.956038461538462,0.857330729127623,0.951016063479776,0.957269230769231,0.358296672508562,0.974898393652022
"PLG-F2R","Plg","F2r","Trem2",0.00823076923076926,0.8065,0.27954878624496,0.976214437778208,0.814730769230769,0.113399488932805,0.931081865686085
"PLG-F2RL1","Plg","F2rl1","Ly96",0.0189615384615385,0.868115384615385,0.885212103193003,0.988310431585059,0.887076923076923,0.177709258600179,0.937062125024192
"PLG-F3","Plg","F3","Epha8",0.00334615384615389,0.872807692307692,0.111260902144399,0.940332881749565,0.876153846153846,0.138901353740422,0.962512095993807
"PLG-FLT1","Plg","Flt1","Cntnap1",0.00742307692307687,0.701115384615385,0.104444420624795,0.953203019160054,0.693692307692308,0.483448037237117,0.984168763305593
"PLG-ITGA9","Plg","Itga9","Gpc1",0.00480769230769229,0.844961538461538,0.623274975612674,0.990052254693246,0.840153846153846,0.49873163290423,0.990265144184246
"PLG-ITGAM","Plg","Itgam","Mst1r",0.00607692307692309,0.941692307692308,0.204875274098362,0.966615057093091,0.947769230769231,0.412780878220949,0.980665763499129
"PLG-ITGB1","Plg","Itgb1","Cd81",0.00176923076923086,0.901307692307692,0.854678076462013,0.984439713566867,0.903076923076923,0.88177784796005,0.984942906909232
"PLG-ITGB2","Plg","Itgb2","Tlr2",0.0227692307692308,0.969807692307692,0.544469451797861,0.993439132959164,0.947038461538461,0.201768842865246,0.968956841494097
"PLG-PLAUR","Plg","Plaur","Kcnj15",0.00496153846153846,0.939846153846154,0.269333615380084,0.970814786142829,0.944807692307692,0.212282125280277,0.974917747242113
"PLG-PLGRKT","Plg","Plgrkt","Tmem222",0.001,0.806884615384615,0.232727980695107,0.978885233210761,0.805884615384615,0.305459778921099,0.976407973679117
"PLTP-ABCA1","Pltp","Abca1","Smo",0.00130769230769223,0.996538461538461,0.978800843691402,0.997251790207083,0.995230769230769,0.880621657270375,0.996748596864718
"PMCH-MCHR1","Pmch","Mchr1","Cd53",0.00269230769230766,0.997230769230769,0.903936480266918,0.997871105089994,0.999923076923077,0.999999942038559,0.999845171279272
"PNOC-OPRL1","Pnoc","Oprl1","Kcnd1",0.0136538461538462,0.678461538461538,0.766052296879327,0.914302303077221,0.692115384615385,0.223401910367769,0.918676214437778
"PODXL-SELL","Podxl","Sell","Lrrc4",0.00623076923076915,0.941807692307692,0.275321145452847,0.982465647377589,0.948038461538461,0.309605144490887,0.965918327849816
"PODXL2-SELL","Podxl2","Sell","Gpr182",0.00811538461538464,0.943307692307692,0.310112148855369,0.98471066382814,0.951423076923077,0.345023829734918,0.97404683568802
"POMC-MC4R","Pomc","Mc4r","Acvr1",0.000384615384615428,0.954961538461538,0.214775388640801,0.973059802593381,0.955346153846154,0.328240758471187,0.955022256628605
"POMC-OPRM1","Pomc","Oprm1","Cntn1",0.0250384615384616,0.821884615384615,0.280197036553187,0.968376233791368,0.846923076923077,0.264815107124852,0.926572479194891
"PON2-HTR2A","Pon2","Htr2a","Gp1ba",0.0176538461538461,0.971576923076923,0.327823626623076,0.972692084381653,0.989230769230769,0.565581920305982,0.991890845751887
"PROC-ITGAM","Proc","Itgam","Itgb6",0.00603846153846144,0.688038461538462,0.132800146488412,0.944648732339849,0.694076923076923,0.100565945137068,0.940313528159474
"PROC-ITGB2","Proc","Itgb2","Itga1",0.00376923076923075,0.839269230769231,0.316162149924931,0.973369460034836,0.843038461538462,0.515928126444684,0.983375266111864
"PROC-PROCR","Proc","Procr","Glp2r",0.00188461538461537,0.503961538461538,0.0824278973664547,0.950145151925682,0.502076923076923,0.744067865681268,0.979330365782853
"PROC-THBD","Proc","Thbd","Pde1c",0.00776923076923075,0.831692307692308,0.309189020118211,0.98751693439133,0.839461538461538,0.526736293748516,0.985194503580414
"PROS1-AXL","Pros1","Axl","Notch2",0.00184615384615383,0.806846153846154,0.518047860913977,0.87948519450358,0.805,0.511463002416796,0.871879233597832
"PROS1-TYRO3","Pros1","Tyro3","Itga11",0.0271153846153845,0.845538461538462,0.37993920372461,0.886742790787691,0.872653846153846,0.517473765534587,0.930133539771628
"PRSS23-TMEM222","Prss23","Tmem222","Sorl1",0.00157692307692303,0.724,0.385389083017567,0.858234952583704,0.722423076923077,0.24453316333493,0.87766595703503
"PSAP-CELSR1","Psap","Celsr1","Ret",0.00203846153846154,0.976538461538462,0.697936326654654,0.9732339849042,0.9745,0.70267929887915,0.982814011999226
"PSAP-GPR37","Psap","Gpr37","Htr2c",0.00146153846153851,0.996153846153846,0.605538692546645,0.994735823495258,0.994692307692308,0.590120452639322,0.993381072188891
"PSAP-LRP1","Psap","Lrp1","Itgav",0.000807692307692398,0.7855,0.788630221124609,0.855641571511515,0.786307692307692,0.591376424044886,0.838494290690923
"PSAP-SORT1","Psap","Sort1","Kel",0.0294230769230769,0.862692307692308,0.560930981188451,0.883220437391136,0.833269230769231,0.616202681742252,0.972556609251016
"PSEN1-CD44","Psen1","Cd44","Calcr",0,1,1,1,1,1,1
"PSEN1-NCSTN","Psen1","Ncstn","Fap",0.0025384615384616,0.643269230769231,0.416474264410899,0.803444939036191,0.640730769230769,0.471590184292399,0.901141861815367
"PSEN1-NOTCH1","Psen1","Notch1","Epha7",0.010576923076923,0.669615384615385,0.363079166961964,0.826785368685891,0.659038461538462,0.427618408937923,0.806986646022837
"PSEN1-NOTCH2","Psen1","Notch2","Cntn1",0.0117692307692308,0.745884615384615,0.480217966764637,0.84548093671376,0.734115384615385,0.416457174240135,0.930849622604993
"PSEN1-NOTCH3","Psen1","Notch3","Ednra",0.0208846153846154,0.605230769230769,0.370110774272685,0.832881749564544,0.584346153846154,0.347245211134478,0.857905941552158
"PSEN1-NOTCH4","Psen1","Notch4","Ramp2",0.00465384615384612,0.944576923076923,0.447666973563709,0.94567447261467,0.949230769230769,0.641340834544526,0.940565124830656
"PTDSS1-JMJD6","Ptdss1","Jmjd6","Dysf",0.030076923076923,0.645769230769231,0.41608844389396,0.794193922972711,0.675846153846154,0.349803649583778,0.856880201277337
"PTDSS1-SCARB1","Ptdss1","Scarb1","Notch2",0.00546153846153852,0.719230769230769,0.382348678691119,0.829533578478808,0.724692307692308,0.46390532577063,0.843971356686665
"PTHLH-PTH1R","Pthlh","Pth1r","Epha3",3.84615384615428e-05,0.993153846153846,0.521138630963328,0.992200503193342,0.993115384615385,0.492308630406075,0.991852138571705
"PTMA-VIPR1","Ptma","Vipr1","Aplnr",0,1,1,1,1,1,1
"PTN-ALK","Ptn","Alk","Il13ra1",0.000153846153846171,0.997230769230769,0.928153333886933,0.99556802786917,0.997384615384615,0.964303794722524,0.996322817882717
"PTN-CDH10","Ptn","Cdh10","Lrp4",3.84615384615428e-05,0.997807692307692,0.969073901110523,0.996477646603445,0.997769230769231,0.969934804335311,0.996477646603445
"PTN-PLXNB2","Ptn","Plxnb2","Cdh5",0.0055384615384616,0.961115384615385,0.898527878449931,0.963615250628992,0.966653846153846,0.875827890017775,0.973717824656474
"PTN-PTPRB","Ptn","Ptprb","Plxnc1",0.000384615384615317,0.993807692307692,0.809067417678187,0.992026320882524,0.993423076923077,0.924875549491878,0.991232823688794
"PTN-PTPRS","Ptn","Ptprs","Cacna1c",0.0874230769230769,0.807423076923077,0.891904165500298,0.907567253725566,0.894846153846154,0.267040464407067,0.938203986839559
"PTN-PTPRZ1","Ptn","Ptprz1","Cd82",0.00103846153846154,0.983038461538462,0.919915507574153,0.984730017418231,0.982,0.871186847960122,0.98430423843623
"PTN-SDC1","Ptn","Sdc1","Thbd",0.0038076923076924,0.970846153846154,0.859900218736076,0.971047029223921,0.974653846153846,0.91154020965923,0.98430423843623
"PTN-SDC3","Ptn","Sdc3","Itga9",0.00119230769230771,0.949038461538461,0.938176921866067,0.958293013353977,0.950230769230769,0.74674133181766,0.967447261467002
"QDPR-DYSF","Qdpr","Dysf","Nrxn2",0.00242307692307697,0.913115384615385,0.644831851305193,0.926049932262435,0.910692307692308,0.871342561467123,0.959125217727889
"RARRES2-CCRL2","Rarres2","Ccrl2","Mchr1",0.00649999999999995,0.992192307692308,0.64054416309421,0.995664795819625,0.998692307692308,0.760465287207659,0.999032320495452
"RARRES2-CMKLR1","Rarres2","Cmklr1","Ptch2",0.00873076923076921,0.907423076923077,0.387412068306275,0.955177085349332,0.916153846153846,0.261237330307321,0.950745113218502
"RBP4-STRA6","Rbp4","Stra6","Itgal",0.000461538461538513,0.988423076923077,0.793007005822152,0.989471646990517,0.987961538461538,0.593143240286453,0.991794077801432
"RELN-ITGA3","Reln","Itga3","Cd63",3.84615384615428e-05,0.944115384615385,0.486555826609934,0.956802786916973,0.944153846153846,0.638485207398043,0.965898974259725
"RELN-ITGB1","Reln","Itgb1","Cftr",0.000615384615384684,0.918,0.476461817801913,0.95916392490807,0.917384615384615,0.302735621325187,0.953938455583511
"RELN-LRP8","Reln","Lrp8","Lrp1",0.00173076923076931,0.8815,0.798687007951155,0.952041803754596,0.883230769230769,0.544278717952285,0.93098509773563
"RELN-VLDLR","Reln","Vldlr","Itga5",0.0200384615384616,0.733307692307692,0.358587073296704,0.869111670214825,0.753346153846154,0.308963162620819,0.896284110702535
"RGMA-BMPR1B","Rgma","Bmpr1b","Lrp6",0.00496153846153846,0.757192307692308,0.415709714853154,0.864640990903813,0.752230769230769,0.616521305837382,0.876137023417844
"RGMA-BMPR2","Rgma","Bmpr2","Tacr3",0.000846153846153941,0.860846153846154,0.732039509262844,0.898354944842268,0.861692307692308,0.958629725197736,0.946293787497581
"RGMA-HFE2","Rgma","Hfe2","Ephb1",0.00934615384615389,0.738730769230769,0.513108885554405,0.922121153473969,0.748076923076923,0.628850223920083,0.892103735242888
"RGMA-NEO1","Rgma","Neo1","Art1",0.00569230769230777,0.916038461538462,0.791451813666012,0.930423843622992,0.910346153846154,0.548239189938786,0.950396748596865
"RGMB-BMPR1B","Rgmb","Bmpr1b","Slc40a1",0.00219230769230772,0.817692307692308,0.50588207733602,0.874491968260112,0.8155,0.42023780739177,0.884575188697503
"RGMB-BMPR2","Rgmb","Bmpr2","Traf2",0.0078076923076924,0.790423076923077,0.670768734402402,0.851557964002322,0.798230769230769,0.478158940005321,0.861737952390168
"RGMB-HFE2","Rgmb","Hfe2","Nrcam",0.00249999999999995,0.806307692307692,0.638519480914543,0.93119798722663,0.803807692307692,0.573777442491909,0.933133346235727
"RGMB-NEO1","Rgmb","Neo1","Tie1",0.0120384615384616,0.875192307692308,0.758620561481124,0.895026127346623,0.863153846153846,0.43795525283222,0.926688600735436
"RIMS1-CACNA1C","Rims1","Cacna1c","Fzd6",0.0312307692307692,0.786653846153846,0.564632970259277,0.891116702148248,0.817884615384615,0.334461166609796,0.898432359202632
"RIMS1-SLC18A2","Rims1","Slc18a2","Tnfrsf10b",0.00800000000000001,0.928192307692308,0.473046190530462,0.946700212889491,0.936192307692308,0.358272412683637,0.948674279078769
"RIMS1-SLC18A3","Rims1","Slc18a3","Tspan1",0.0052692307692308,0.989153846153846,0.853525103152337,0.992065028062706,0.983884615384615,0.416968313652233,0.994658409134895
"RIMS2-ABCA1","Rims2","Abca1","Lpar3",0.000500000000000056,0.875038461538462,0.521972539257597,0.98389781304432,0.874538461538461,0.401346140051042,0.983123669440681
"RPH3A-NRXN1","Rph3a","Nrxn1","Maged1",0,1,1,1,1,1,1
"RPS19-C5AR1","Rps19","C5ar1","Tbxa2r",0,1,1,1,1,1,1
"RSPO1-FZD8","Rspo1","Fzd8","Gpr37",0.0154230769230769,0.820923076923077,0.245695335832716,0.925662860460615,0.836346153846154,0.14328357638021,0.942945616411844
"RSPO1-LGR4","Rspo1","Lgr4","Mst1r",0.00203846153846154,0.922461538461538,0.386585228251706,0.952215986065415,0.920423076923077,0.480848159340686,0.969131023804916
"RSPO1-LGR5","Rspo1","Lgr5","Col17a1",0.00269230769230777,0.560730769230769,0.244216208829054,0.904490032901103,0.558038461538461,0.439375422175656,0.909754209405845
"RSPO1-LGR6","Rspo1","Lgr6","Tmem67",0.0383076923076924,0.645692307692308,0.212015552231889,0.912328236887943,0.684,0.226185520302394,0.906793110121928
"RSPO1-LRP6","Rspo1","Lrp6","Cdh2",0.00884615384615384,0.9665,0.565461253614208,0.974337139539385,0.957653846153846,0.633498074825106,0.968124637120186
"RSPO1-ZNRF3","Rspo1","Znrf3","Vangl1",0.0116923076923077,0.877461538461539,0.356512277189184,0.931139926456358,0.889153846153846,0.32704967919613,0.936307335010644
"RSPO2-LGR4","Rspo2","Lgr4","Ephb2",0.00188461538461537,0.901115384615385,0.331808015224973,0.930520611573447,0.899230769230769,0.358830246114023,0.928275595122895
"RSPO2-LGR5","Rspo2","Lgr5","Cd53",0.00461538461538458,0.568461538461538,0.173743113341498,0.891813431391523,0.563846153846154,0.117147449866631,0.891987613702342
"RSPO2-LGR6","Rspo2","Lgr6","Cx3cr1",0.00469230769230777,0.711076923076923,0.21250947808405,0.910179988387846,0.715769230769231,0.188668955866072,0.894193922972711
"RSPO3-FZD8","Rspo3","Fzd8","Pde1a",0.000346153846153885,0.707923076923077,0.320826455487103,0.868279465840914,0.708269230769231,0.2937801422419,0.865724791948907
"RSPO3-LGR4","Rspo3","Lgr4","Tnfrsf10b",0.00192307692307692,0.874923076923077,0.368410690664425,0.90301916005419,0.876846153846154,0.287184162824579,0.922837236307335
"RSPO3-LGR5","Rspo3","Lgr5","Cd36",0.00600000000000012,0.740769230769231,0.297443111846166,0.899129088445907,0.734769230769231,0.275009833771034,0.89316818269789
"RSPO3-LGR6","Rspo3","Lgr6","Il1rapl1",0.00276923076923075,0.788384615384615,0.137866333120992,0.916469905167409,0.785615384615385,0.280921304370671,0.885484807431779
"RSPO3-LRP6","Rspo3","Lrp6","Itgam",0.000923076923076915,0.940653846153846,0.584575110467769,0.939829688407199,0.941576923076923,0.132603678215482,0.961525062899168
"RSPO3-SDC4","Rspo3","Sdc4","Ddr1",0.00750000000000006,0.828,0.248943634388564,0.893071414747436,0.8355,0.280373921893298,0.890110315463518
"RTN4-CNTNAP1","Rtn4","Cntnap1","Nmbr",0,1,1,1,1,1,1
"RTN4-GJB2","Rtn4","Gjb2","Itga6",0.000961538461538458,0.993,0.846443495992326,0.993187536287981,0.992038461538462,0.929039728096719,0.987091155409328
"RTN4-LINGO1","Rtn4","Lingo1","Cd180",0,1,1,1,1,1,1
"RTN4-NGFR","Rtn4","Ngfr","Fshr",0,1,1,1,1,1,1
"RTN4-RTN4R","Rtn4","Rtn4r","Tlr1",0,1,1,1,1,1,1
"RTN4-RTN4RL1","Rtn4","Rtn4rl1","Plscr4",0,0.998653846153846,0.938782265629155,0.99738726533772,0.998653846153846,0.873517294241124,0.997600154828721
"RTN4-TNFRSF19","Rtn4","Tnfrsf19","Acvr2a",0.00203846153846154,0.987961538461538,0.877100547383502,0.987497580801239,0.985923076923077,0.903873381503841,0.979601316044126
"S100A8-TLR4","S100a8","Tlr4","Adra2a",0.00684615384615384,0.976769230769231,0.659891788663836,0.97545964776466,0.969923076923077,0.459482325116409,0.979098122701761
"S100A9-TLR4","S100a9","Tlr4","St14",0.0017307692307692,0.960269230769231,0.49439218535772,0.964215211921811,0.962,0.585174251458475,0.978420747048578
"SCGB3A2-MARCO","Scgb3a2","Marco","Cachd1",0.0303076923076924,0.802230769230769,0.0884584328754392,0.983413973292046,0.832538461538462,0.133660389216455,0.931643119798723
"SCT-VIPR1","Sct","Vipr1","Cd47",0.000192307692307714,0.987230769230769,0.538022650728632,0.992645635765435,0.987423076923077,0.738637385553792,0.984420359976776
"SCT-VIPR2","Sct","Vipr2","Prlr",0.000807692307692287,0.868192307692308,0.205125223798012,0.936442810141281,0.867384615384615,0.102680127988393,0.945616411844397
"SEMA3A-NRP1","Sema3a","Nrp1","Jmjd6",0.093,0.512653846153846,0.401752609409369,0.838687826591833,0.605653846153846,0.488210124918636,0.83721695374492
"SEMA3A-NRP2","Sema3a","Nrp2","Notch2",0.0100384615384614,0.523307692307692,0.592650185400999,0.836868589123282,0.513269230769231,0.490748727164756,0.835668666537643
"SEMA3A-PLXNA1","Sema3a","Plxna1","Eng",0.0373461538461538,0.706269230769231,0.616477423233555,0.866208631701181,0.743615384615385,0.475438298296407,0.876098316237662
"SEMA3A-PLXNA2","Sema3a","Plxna2","Cd93",0.00369230769230766,0.602884615384615,0.43891655008844,0.846467969808399,0.606576923076923,0.446825739518078,0.855583510741243
"SEMA3A-PLXNA3","Sema3a","Plxna3","Ptprb",0.00984615384615384,0.894115384615385,0.612903590139098,0.918347203406232,0.903961538461538,0.429460858530485,0.927036965357074
"SEMA3A-PLXNA4","Sema3a","Plxna4","Vangl1",0.00869230769230767,0.776961538461538,0.511074008581599,0.8798722663054,0.785653846153846,0.466970666774829,0.888871685697697
"SEMA3B-NRP1","Sema3b","Nrp1","Plgrkt",0.00123076923076926,0.962769230769231,0.678021696187609,0.967350493516547,0.961538461538462,0.593158557349807,0.964563576543449
"SEMA3B-NRP2","Sema3b","Nrp2","Notch1",0.00234615384615389,0.957423076923077,0.5971615160133,0.963866847300174,0.959769230769231,0.655969786251774,0.962860460615444
"SEMA3C-NRP1","Sema3c","Nrp1","Axl",0.0098076923076923,0.545269230769231,0.40387543112059,0.832301141861815,0.555076923076923,0.61129514526519,0.834120379330366
"SEMA3C-NRP2","Sema3c","Nrp2","Ddr2",0.0437692307692308,0.500346153846154,0.519860475106072,0.843719760015483,0.544115384615385,0.687686297617274,0.841145732533385
"SEMA3C-PLXND1","Sema3c","Plxnd1","Nrxn1",0.0141923076923077,0.518076923076923,0.495759360510556,0.858699438745887,0.503884615384615,0.305148803675625,0.879020708341397
"SEMA3D-NRP1","Sema3d","Nrp1","Plgrkt",0.0245769230769232,0.859576923076923,0.459830963576567,0.910218695568028,0.835,0.374479363717968,0.905341590865105
"SEMA3E-NRP1","Sema3e","Nrp1","Nrxn1",0.00380769230769229,0.946615384615385,0.479462477256272,0.958583317205342,0.942807692307692,0.388625246998528,0.961621830849623
"SEMA3E-PLXND1","Sema3e","Plxnd1","Plgrkt",0.00084615384615383,0.941538461538462,0.462216406642211,0.956957615637701,0.940692307692308,0.425543877253008,0.957499516160248
"SEMA3F-NRP1","Sema3f","Nrp1","Notch2",0.00150000000000006,0.9325,0.552585219822305,0.939578091736017,0.934,0.520258666655543,0.940390942519837
"SEMA3F-NRP2","Sema3f","Nrp2","Csf1r",0.00084615384615383,0.914153846153846,0.513997662467952,0.933113992645636,0.915,0.505222942859876,0.928004644861622
"SEMA3F-PLXNA1","Sema3f","Plxna1","Nrxn3",0.00311538461538463,0.861,0.39889837279796,0.900251596671182,0.864115384615385,0.352789377557563,0.919972904973873
"SEMA3F-PLXNA3","Sema3f","Plxna3","Fzd6",0.00384615384615383,0.677346153846154,0.248116099116285,0.861892781110896,0.681192307692308,0.255232080856439,0.851093477840139
"SEMA3G-NRP2","Sema3g","Nrp2","Ephb4",0.00161538461538469,0.992461538461539,0.601742795121397,0.992142442423069,0.990846153846154,0.563563509366213,0.990555448035611
"SEMA4A-PLXND1","Sema4a","Plxnd1","Tnfrsf21",0.001,0.948961538461538,0.423642729102487,0.957189858718792,0.949961538461538,0.488119932664677,0.951828914263596
"SEMA4B-DCBLD2","Sema4b","Dcbld2","Pdgfrb",0.00461538461538469,0.932076923076923,0.494485715507147,0.939868395587381,0.936692307692308,0.4646391531827,0.945287400812851
"SEMA4C-PLXNB2","Sema4c","Plxnb2","Gpc1",0.00103846153846154,0.987230769230769,0.690268204748117,0.983375266111864,0.986192307692308,0.592186623185341,0.983530094832591
"SEMA4D-ERBB2","Sema4d","Erbb2","Ptpru",0.00349999999999995,0.848923076923077,0.32859692302324,0.903270756725373,0.845423076923077,0.195825254156865,0.914553899748403
"SEMA4D-MET","Sema4d","Met","Adcy1",0.000923076923076915,0.613115384615385,0.255079314020213,0.840739307141475,0.614038461538462,0.393002410140681,0.887942713373331
"SEMA4D-PLXNB1","Sema4d","Plxnb1","Sdc4",0.0024615384615384,0.852846153846154,0.387069590320425,0.896264757112444,0.850384615384615,0.270472859091139,0.913721695374492
"SEMA4D-PLXNB2","Sema4d","Plxnb2","Il17rb",0.00238461538461543,0.975115384615385,0.583755499417832,0.972421134120379,0.972730769230769,0.524140136963574,0.98772982388233
"SEMA4F-NRP2","Sema4f","Nrp2","Ptprm",0.00626923076923069,0.979884615384615,0.780271451972088,0.983278498161409,0.973615384615385,0.726583824107559,0.978904586800852
"SEMA4G-PLXNB2","Sema4g","Plxnb2","Itgae",0.00280769230769229,0.965038461538462,0.969741689267609,0.980007741436036,0.967846153846154,0.370981114489039,0.977336946003484
"SEMA5A-MET","Sema5a","Met","S1pr1",0.00273076923076931,0.929923076923077,0.53375207224467,0.934468743952003,0.927192307692308,0.590930283130534,0.935281594735824
"SEMA6A-PLXNA2","Sema6a","Plxna2","Mcam",0.0312307692307692,0.638115384615385,0.542559513080085,0.832707567253726,0.606884615384615,0.354054486693061,0.85029998064641
"SEMA6A-PLXNA4","Sema6a","Plxna4","Bcam",0.0134615384615384,0.801346153846154,0.531472747742888,0.878904586800852,0.787884615384615,0.493868840822816,0.923127540158699
"SEMA6D-KDR","Sema6d","Kdr","Lrp6",0.0412692307692307,0.580615384615385,0.404900587783081,0.820282562415328,0.539346153846154,0.404410323707602,0.830152893361719
"SEMA6D-PLXNA1","Sema6d","Plxna1","Notch3",7.69230769229745e-05,0.799269230769231,0.663761885777324,0.868376233791368,0.799192307692308,0.469788758567585,0.875943487516934
"SEMA6D-TREM2","Sema6d","Trem2","Ocln",7.69230769230855e-05,0.983769230769231,0.506276379563984,0.983452680472228,0.983846153846154,0.512638604003761,0.987245984130056
"SEMA6D-TYROBP","Sema6d","Tyrobp","Sdc2",0.00407692307692298,0.5295,0.1975084938974,0.830907683375266,0.525423076923077,0.330938590691227,0.834430036771821
"SEMA7A-ITGA1","Sema7a","Itga1","Cd151",0.013,0.939807692307692,0.443521500777291,0.95916392490807,0.952807692307692,0.509375462949846,0.963073350106445
"SEMA7A-ITGB1","Sema7a","Itgb1","Adcy9",0.000269230769230688,0.9985,0.867706185684272,0.997677569189085,0.998769230769231,0.972859228110404,0.998064640990904
"SEMA7A-PLXNC1","Sema7a","Plxnc1","Erbb2",0.00642307692307698,0.940615384615385,0.519871346159848,0.952835300948326,0.934192307692308,0.408955048598223,0.955041610218696
"SERPINC1-GPC1","Serpinc1","Gpc1","Igf1r",0.0182692307692308,0.793730769230769,0.217018969653971,0.976698277530482,0.812,0.249346299736014,0.975498354944842
"SERPINC1-LRP1","Serpinc1","Lrp1","Gpihbp1",0.00138461538461543,0.843038461538462,0.45086051586201,0.986162183084962,0.844423076923077,0.27945697246589,0.899864524869363
"SERPINC1-SDC2","Serpinc1","Sdc2","Plxnd1",0.0108076923076923,0.659038461538462,0.114344920002223,0.919489065221599,0.648230769230769,0.204249152197117,0.939094251983743
"SERPINE1-ITGAV","Serpine1","Itgav","Cdon",7.69230769230855e-05,0.999153846153846,0.63619372121706,0.99918714921618,0.999076923076923,0.603301947620817,0.999322624346816
"SERPINE1-ITGB5","Serpine1","Itgb5","Sdc1",3.84615384615428e-05,0.998846153846154,0.616399464946594,0.999012966905361,0.998884615384615,0.532595471159997,0.999051674085543
"SERPINE1-LRP1","Serpine1","Lrp1","Nrp1",0.000192307692307603,0.999692307692308,0.850521879968702,0.999670988968454,0.9995,0.729255524724342,0.999477453067544
"SERPINE1-LRP2","Serpine1","Lrp2","Prlr",0.00353846153846149,0.929192307692308,0.106226978267987,0.975324172634024,0.925653846153846,0.0921115034894033,0.975479001354751
"SERPINE1-PLAUR","Serpine1","Plaur","Itgae",0.00496153846153846,0.909384615384615,0.15347707568489,0.971259918714922,0.904423076923077,0.0910963363280045,0.970079349719373
"SERPINE2-LRP1","Serpine2","Lrp1","Itga4",0.0248076923076924,0.749384615384615,0.654646067678282,0.876001548287207,0.724576923076923,0.335815399053582,0.910179988387846
"SERPING1-LRP1","Serping1","Lrp1","Acvr2b",0.00288461538461537,0.9145,0.770126890517594,0.926127346622798,0.917384615384615,0.353879781333353,0.93038513644281
"SFRP1-FZD2","Sfrp1","Fzd2","Plxnd1",0.0143461538461539,0.529307692307692,0.570688495922563,0.859821946971163,0.543653846153846,0.590738214554329,0.859841300561254
"SFRP1-FZD6","Sfrp1","Fzd6","Trpc3",0.00173076923076931,0.955076923076923,0.544764060315556,0.95413199148442,0.956807692307692,0.469198545148913,0.959628411070254
"SFTPA1-TLR2","Sftpa1","Tlr2","C5ar1",0.001,0.929,0.117138771920977,0.98550416102187,0.93,0.156105975399229,0.986975033868783
"SHANK1-ABCA1","Shank1","Abca1","Tek",0.000115384615384628,0.736038461538462,0.501306712408573,0.934546158312367,0.735923076923077,0.306359837845964,0.868027869169731
"SHANK1-SSTR2","Shank1","Sstr2","Trpc5",3.84615384615428e-05,0.991961538461538,0.615414382308115,0.995471259918715,0.992,0.523592780998258,0.991058641377976
"SHH-BOC","Shh","Boc","Ror1",0.00188461538461537,0.9835,0.790901224754964,0.991000580607703,0.985384615384615,0.7313554237395,0.990903812657248
"SHH-CDON","Shh","Cdon","Notch1",0.00057692307692303,0.981153846153846,0.75102096383894,0.991310238049158,0.981730769230769,0.789417155498485,0.989897425972518
"SHH-GPC5","Shh","Gpc5","Npr3",0.00430769230769235,0.916769230769231,0.35406697901234,0.985136442810141,0.921076923076923,0.453368283187157,0.977878846526031
"SHH-HHIP","Shh","Hhip","Fgfrl1",0.000884615384615373,0.976846153846154,0.772456707703291,0.985929940003871,0.977730769230769,0.800026213213896,0.990207083413973
"SHH-LRP2","Shh","Lrp2","Cmklr1",0.021576923076923,0.801038461538462,0.139194682517934,0.969072963034643,0.822615384615385,0.243622483821908,0.973117863363654
"SHH-PTCH1","Shh","Ptch1","Neo1",0.00142307692307697,0.995769230769231,0.928733658665576,0.9967873040449,0.997192307692308,0.969707978613981,0.997290497387265
"SHH-PTCH2","Shh","Ptch2","Procr",0.00215384615384606,0.831692307692308,0.308107374538092,0.970311592800465,0.833846153846154,0.251740236628049,0.972711437971744
"SHH-SMO","Shh","Smo","Robo1",0.000269230769230688,0.993307692307692,0.913661982075212,0.995935746080898,0.993576923076923,0.856401807845142,0.995858331720534
"SLIT1-GPC1","Slit1","Gpc1","Tspan1",0.00676923076923075,0.950653846153846,0.528712738416253,0.972111476678924,0.957423076923077,0.128295310824802,0.990594155215793
"SLIT1-ROBO1","Slit1","Robo1","Neo1",0.00253846153846149,0.975115384615385,0.674385931293582,0.980298045287401,0.972576923076923,0.59669516821543,0.980549641958583
"SLIT1-SDC1","Slit1","Sdc1","Gp9",0.0147692307692309,0.862692307692308,0.335154490434561,0.961815366750532,0.877461538461539,0.0311582701330757,0.949816140894136
"SLIT2-DCC","Slit2","Dcc","Hfe2",0.0143076923076922,0.761961538461538,0.591184450005078,0.884555835107412,0.776269230769231,0.3441631347993,0.922759821946971
"SLIT2-GPC1","Slit2","Gpc1","Sdc3",0.0397307692307692,0.653730769230769,0.398197692520786,0.842152119218115,0.693461538461538,0.488422271895159,0.844048771047029
"SLIT2-ROBO1","Slit2","Robo1","Itga1",0.00665384615384612,0.736615384615385,0.587077913377546,0.835881556028643,0.729961538461538,0.418424426276972,0.852351461196052
"SLIT2-ROBO2","Slit2","Robo2","Cdon",0.0271538461538461,0.664269230769231,0.443596717681211,0.839113605573834,0.637115384615385,0.277022891947126,0.85633830075479
"SLIT2-ROBO4","Slit2","Robo4","Fzd5",0.00611538461538463,0.962230769230769,0.61412388351474,0.959938068511709,0.968346153846154,0.385011339747839,0.967369847106638
"SLIT2-SDC1","Slit2","Sdc1","Lrp6",0.00769230769230778,0.597538461538462,0.371636871079559,0.839094251983743,0.589846153846154,0.49747435127845,0.824791948906522
"SLIT3-ROBO2","Slit3","Robo2","Sorl1",0.00261538461538458,0.787846153846154,0.460049463041094,0.869924520998645,0.790461538461538,0.401497187091628,0.872595316431198
"SORBS1-INSR","Sorbs1","Insr","Epha5",0.00150000000000006,0.589653846153846,0.497504449680791,0.802999806464099,0.588153846153846,0.37679998050314,0.865937681439907
"SORBS1-ITGA1","Sorbs1","Itga1","Kcnd2",0.0423461538461538,0.537269230769231,0.420135212713712,0.824733888136249,0.579615384615385,0.456048844753418,0.846526030578672
"SORBS1-ITGB5","Sorbs1","Itgb5","Sorl1",0.0109615384615385,0.756192307692308,0.408650944201087,0.847784013934585,0.767153846153846,0.378479499831457,0.861873427520805
"SPINK1-EGFR","Spink1","Egfr","Hfe2",0.0115384615384616,0.624961538461538,0.0641905294357922,0.939655506096381,0.613423076923077,0.11701446518939,0.943526224114573
"SPINK1-NRSN1","Spink1","Nrsn1","Trpc3",0.0155384615384615,0.827461538461538,0.179875985778009,0.980046448616218,0.843,0.182831693266281,0.921405070640604
"SPINT1-ST14","Spint1","St14","Lepr",0.00730769230769235,0.675461538461538,0.579708814922169,0.921308302690149,0.682769230769231,0.171863205414371,0.912173408167215
"SPON2-ITGAM","Spon2","Itgam","Itgae",0.00700000000000001,0.961307692307692,0.340797894017731,0.974259725179021,0.968307692307692,0.271394003438635,0.977878846526031
"SPON2-ITGB2","Spon2","Itgb2","Epha1",0.00188461538461537,0.982153846153846,0.852666978607565,0.992781110896071,0.980269230769231,0.646932709163223,0.989355525449971
"SPP1-CD44","Spp1","Cd44","Fshr",3.84615384615428e-05,0.999923076923077,0.860609118882789,0.999845171279272,0.999961538461538,0.999999999793023,0.999922585639636
"SPP1-ITGA4","Spp1","Itga4","Scarf1",0.0116538461538461,0.887192307692308,0.0968233858455951,0.928914263595897,0.875538461538462,0.223243564081064,0.930772208244629
"SPP1-ITGA5","Spp1","Itga5","Cnr1",7.69230769230855e-05,0.778153846153846,0.132188419317796,0.888271724404877,0.778076923076923,0.0991809401505289,0.904915811883104
"SPP1-ITGA9","Spp1","Itga9","Plxnb2",0.0014615384615384,0.982730769230769,0.158852038292675,0.982155989936133,0.981269230769231,0.137759308854517,0.980801238629766
"SPP1-ITGAV","Spp1","Itgav","Notch2",0.000115384615384517,0.961807692307692,0.209796406024311,0.962628217534353,0.961692307692308,0.193176922214458,0.962860460615444
"SPP1-ITGB1","Spp1","Itgb1","Neo1",0.00880769230769229,0.995692307692308,0.259903450408155,0.995045480936714,0.986884615384615,0.28260242671935,0.985426746661506
"SPP1-S1PR1","Spp1","S1pr1","Pvr",0.0380769230769231,0.779384615384615,0.0846906215825792,0.880336752467583,0.817461538461538,0.18357949661546,0.906735049351655
"SST-SSTR2","Sst","Sstr2","Cd63",0.0184615384615385,0.960576923076923,0.489590933058218,0.984555835107412,0.942115384615385,0.561718559285721,0.981381846332495
"SYTL3-NRXN1","Sytl3","Nrxn1","Ror1",0.000230769230769257,0.993423076923077,0.930838134694557,0.997754983549448,0.993192307692308,0.914557244036185,0.996903425585446
"TAC1-TACR1","Tac1","Tacr1","Grm4",0.00607692307692298,0.930961538461539,0.561070626570628,0.965860267079543,0.937038461538461,0.962123912146208,0.98049158118831
"TAC1-TACR3","Tac1","Tacr3","Traf2",0.00950000000000006,0.840038461538462,0.704588157673658,0.93580414166828,0.849538461538462,0.201997225251087,0.946177665957035
"TCN2-CNR1","Tcn2","Cnr1","Dcc",0.0015384615384616,0.606153846153846,0.230489323663358,0.88813624927424,0.604615384615385,0.158002899734042,0.868898780723824
"TCN2-LRP2","Tcn2","Lrp2","Itgb4",0.00119230769230771,0.968538461538462,0.381809907379028,0.972827559512289,0.967346153846154,0.416631203509203,0.972788852332108
"TCTN1-TMEM67","Tctn1","Tmem67","Ocln",0.047923076923077,0.750692307692308,0.260840732211975,0.889200696729243,0.798615384615385,0.216853976042261,0.928198180762531
"TFPI-F3","Tfpi","F3","Trem2",0.00130769230769223,0.979846153846154,0.375618495595815,0.979465840913489,0.978538461538462,0.589968149281653,0.977433713953938
"TFPI-LRP1","Tfpi","Lrp1","Gpihbp1",0.0167692307692308,0.883269230769231,0.754883330452519,0.904606154441649,0.900038461538462,0.504323542167363,0.9134894522934
"TFPI-SDC4","Tfpi","Sdc4","Cd36",0.0131153846153846,0.657038461538461,0.334291739124681,0.858718792335978,0.670153846153846,0.490230326452079,0.88370427714341
"TFPI-VLDLR","Tfpi","Vldlr","Ogfr",0.00296153846153846,0.804653846153846,0.465755033145171,0.872537255660925,0.801692307692308,0.57691045637327,0.86539578091736
"TG-ASGR1","Tg","Asgr1","Cd180",0.0232692307692307,0.802230769230769,0.825942396023357,0.955815753822334,0.778961538461538,0.313012097364663,0.953396555060964
"TG-LRP2","Tg","Lrp2","Glp2r",0.0028076923076924,0.550038461538461,0.360659802200996,0.932707567253726,0.552846153846154,0.115864861722523,0.957267273079156
"TGFA-EGFR","Tgfa","Egfr","Il1rapl1",3.84615384615428e-05,0.909269230769231,0.386791348023349,0.952544997096961,0.909307692307692,0.739669374947881,0.942132765628024
"TGFA-ERBB2","Tgfa","Erbb2","Gp9",0.00084615384615383,0.894846153846154,0.379271298467205,0.945035804141668,0.895692307692308,0.0455906720882135,0.948790400619315
"TGFA-ERBB3","Tgfa","Erbb3","P2rx7",0.00380769230769229,0.783961538461538,0.234773468436816,0.923882330172247,0.780153846153846,0.35193957192996,0.937081478614283
"TGFA-ERBB4","Tgfa","Erbb4","Mas1",0.00411538461538463,0.937153846153846,0.756726100179617,0.952099864524869,0.941269230769231,0.140735976630388,0.966169924520999
"TGFB1-ACVRL1","Tgfb1","Acvrl1","Gpr135",0.000807692307692398,0.927923076923077,0.703094357864829,0.956435068705245,0.927115384615385,0.249582646387019,0.970892200503193
"TGFB1-CAV1","Tgfb1","Cav1","Plxnb2",0.000192307692307714,0.999346153846154,0.971466673370393,0.999032320495452,0.999153846153846,0.95749634105576,0.998683955873815
"TGFB1-CD109","Tgfb1","Cd109","Hfe2",0.0025384615384616,0.887384615384615,0.582400941352675,0.940216760209019,0.884846153846154,0.644772361624539,0.955757693052061
"TGFB1-CXCR4","Tgfb1","Cxcr4","F3",0.0151153846153846,0.719576923076923,0.976742561636455,0.928391716663441,0.734692307692308,0.221836882892348,0.903367524675827
"TGFB1-ENG","Tgfb1","Eng","Ntrk2",0.00161538461538457,0.984038461538462,0.882037319207469,0.986684730017418,0.982423076923077,0.801271459457665,0.986491194116509
"TGFB1-ITGAV","Tgfb1","Itgav","Notch2",0.00138461538461543,0.997269230769231,0.89972152574298,0.996806657634991,0.995884615384615,0.930743345260195,0.995819624540352
"TGFB1-ITGB6","Tgfb1","Itgb6","Il2rg",0.00107692307692309,0.831423076923077,0.17825647517187,0.947009870330946,0.8325,0.341803120569373,0.935629959357461
"TGFB1-ITGB8","Tgfb1","Itgb8","Itgb4",0.0239615384615385,0.803538461538462,0.444106661340861,0.91749564544223,0.779576923076923,0.301682105430196,0.927675633830075
"TGFB1-SDC2","Tgfb1","Sdc2","Ptch1",0.000307692307692342,0.995076923076923,0.904226070211415,0.995026127346623,0.994769230769231,0.90157927743502,0.994677762724986
"TGFB1-TGFBR1","Tgfb1","Tgfbr1","Gp1bb",0.000730769230769202,0.997461538461539,0.960323110681373,0.9965744145539,0.998192307692308,0.920931976513673,0.998219469711632
"TGFB1-TGFBR2","Tgfb1","Tgfbr2","Lrp1",0.0024615384615384,0.997384615384615,0.91810267582889,0.997058254306174,0.999846153846154,0.98227415370247,0.999729049738727
"TGFB1-TGFBR3","Tgfb1","Tgfbr3","Mcam",0.001,0.991192307692308,0.881462743505968,0.990787691116702,0.990192307692308,0.867800824225738,0.991407005999613
"TGFB2-ACVR1","Tgfb2","Acvr1","Robo2",0.00403846153846144,0.678038461538462,0.55930258175397,0.839713566866654,0.682076923076923,0.454201915562254,0.866305399651635
"TGFB2-ENG","Tgfb2","Eng","Epha5",0.00546153846153852,0.729153846153846,0.48454268423161,0.862279852912715,0.734615384615385,0.26447262599847,0.91085736404103
"TGFB2-TGFBR1","Tgfb2","Tgfbr1","Sort1",0.0206153846153847,0.565307692307692,0.485730410855258,0.817785949293594,0.585923076923077,0.523948381956706,0.831623766208632
"TGFB2-TGFBR2","Tgfb2","Tgfbr2","Pdgfrb",0.0354615384615384,0.580923076923077,0.608154740450799,0.844880975420941,0.545461538461538,0.476039545032382,0.827811108960712
"TGFB2-TGFBR3","Tgfb2","Tgfbr3","Pecam1",0.00615384615384618,0.608269230769231,0.515727865104534,0.837739500677376,0.614423076923077,0.489222463246802,0.835591252177279
"TGFB3-ACVRL1","Tgfb3","Acvrl1","Tyro3",0.00561538461538458,0.789653846153846,0.564627934100122,0.899748403328817,0.784038461538462,0.392698661861145,0.903173988774918
"TGFB3-ENG","Tgfb3","Eng","Itga1",0.0111923076923077,0.526423076923077,0.451185753787992,0.867931101219276,0.515230769230769,0.405833596681457,0.863653957809174
"TGFB3-TGFBR1","Tgfb3","Tgfbr1","Adcy1",0.00815384615384618,0.699884615384615,0.528616321660386,0.863499129088446,0.708038461538462,0.256200065169594,0.920843816527966
"TGFB3-TGFBR2","Tgfb3","Tgfbr2","Npr2",0.0134615384615385,0.747,0.720857750525432,0.877182117282756,0.733538461538461,0.514321413647506,0.886781497967873
"TGFB3-TGFBR3","Tgfb3","Tgfbr3","Tnfrsf19",0.0024615384615384,0.567730769230769,0.536912442820953,0.856802786916973,0.570192307692308,0.425120698884511,0.874143603638475
"TGM2-ITGA4","Tgm2","Itga4","Plxna2",0.00626923076923069,0.522884615384615,0.182652077072645,0.898103348171086,0.529153846153846,0.32230321145624,0.894000387071802
"TGM2-ITGA9","Tgm2","Itga9","Itga8",0.0148461538461538,0.740076923076923,0.490766622484079,0.909986452486936,0.754923076923077,0.412898093633221,0.88631701180569
"TGM2-ITGB1","Tgm2","Itgb1","C3ar1",0.00196153846153846,0.962961538461538,0.916364784278648,0.967660150958003,0.961,0.387154823641164,0.965647377588543
"TGM2-ITGB3","Tgm2","Itgb3","Grm7",0.00338461538461543,0.936653846153846,0.401199189249025,0.951074124250048,0.933269230769231,0.798600625534359,0.960228372363073
"TGM2-SDC4","Tgm2","Sdc4","Ryk",0.000307692307692231,0.591576923076923,0.30993526300965,0.880143216566673,0.591269230769231,0.497036549340807,0.868705244822915
"TGM2-TBXA2R","Tgm2","Tbxa2r","Npy1r",0.001,0.9705,0.618880228452907,0.970311592800465,0.9695,0.436655089094895,0.98550416102187
"THBS1-CD36","Thbs1","Cd36","Plxnd1",0.0137692307692308,0.617153846153846,0.17856336995352,0.914147474356493,0.603384615384615,0.458921279606488,0.881904393264951
"THBS1-CD47","Thbs1","Cd47","Fzd8",0.00573076923076932,0.822730769230769,0.47571485535885,0.925914457131798,0.817,0.506685235827004,0.912966905360944
"THBS1-ITGA2B","Thbs1","Itga2b","Nrsn1",0.0171153846153846,0.873923076923077,0.643672140588964,0.921656667311786,0.856807692307692,0.254551397721019,0.978652990129669
"THBS1-ITGA3","Thbs1","Itga3","Lrrc4",0.0132307692307692,0.931769230769231,0.397103256983247,0.957809173601703,0.945,0.355930536144278,0.969150377395007
"THBS1-ITGA4","Thbs1","Itga4","Ednrb",0.0303461538461539,0.520346153846154,0.243157886880458,0.894348751693439,0.550692307692308,0.425395481917252,0.881826978904587
"THBS1-ITGA6","Thbs1","Itga6","Unc5c",0.011576923076923,0.534769230769231,0.436805001885975,0.865647377588543,0.546346153846154,0.487030922235605,0.859880007741436
"THBS1-ITGB1","Thbs1","Itgb1","Il2ra",0.000461538461538402,0.945,0.700936253709276,0.96257015676408,0.944538461538462,0.115940701125585,0.989007160828334
"THBS1-ITGB3","Thbs1","Itgb3","Kcnq1",0.00288461538461537,0.930615384615385,0.606103084929383,0.945887362105671,0.927730769230769,0.337828832395903,0.955796400232243
"THBS1-LRP1","Thbs1","Lrp1","Grm3",0.00623076923076926,0.865923076923077,0.548604425339706,0.940352235339656,0.872153846153846,0.210242262602548,0.974511321850203
"THBS1-LRP5","Thbs1","Lrp5","Sorl1",0.0143846153846153,0.761230769230769,0.5235769091128,0.892568221405071,0.775615384615385,0.332994116370361,0.904509386491194
"THBS1-SCARB1","Thbs1","Scarb1","Fap",0.0131538461538461,0.682538461538462,0.344614627101107,0.88471066382814,0.695692307692308,0.364282040128189,0.920108380104509
"THBS1-SDC1","Thbs1","Sdc1","Fzd1",0.00296153846153835,0.513384615384615,0.525694679520082,0.858331720534159,0.516346153846154,0.494670559946581,0.854054577124057
"THBS1-SDC4","Thbs1","Sdc4","Traf2",0.00276923076923064,0.624384615384615,0.645015487974836,0.868318173021095,0.621615384615385,0.433040862637241,0.870795432552739
"THBS1-TNFRSF11B","Thbs1","Tnfrsf11b","Tlr4",0.00584615384615383,0.969384615384615,0.468740061004045,0.978149796787304,0.963538461538462,0.590443452048016,0.964911941165086
"THBS2-CD47","Thbs2","Cd47","Kcnd2",0.0253076923076924,0.668423076923077,0.461973533896087,0.890865105477066,0.693730769230769,0.343030062459532,0.90040642539191
"THBS2-ITGA4","Thbs2","Itga4","Sort1",0.00488461538461538,0.670076923076923,0.306171536220319,0.90119992258564,0.674961538461538,0.379324680746663,0.884071995355138
"THBS2-ITGA6","Thbs2","Itga6","Tgfbr3",0.0200384615384614,0.693153846153846,0.458467619754988,0.87222759821947,0.713192307692308,0.676505942745854,0.865821559899361
"THBS2-ITGB1","Thbs2","Itgb1","Il1rap",0.00134615384615389,0.909423076923077,0.766933223604035,0.940719953551384,0.910769230769231,0.554059746865798,0.935513837816915
"THBS2-NOTCH3","Thbs2","Notch3","Tek",0.012076923076923,0.777230769230769,0.506960210543795,0.892645635765435,0.765153846153846,0.5259444853028,0.881130249661312
"THBS2-NOTCH4","Thbs2","Notch4","Lgr6",0.00657692307692304,0.966153846153846,0.582393588011261,0.968260112250823,0.972730769230769,0.631199931724444,0.978188503967486
"TIMP1-CD63","Timp1","Cd63","Ccrl2",0.000230769230769146,0.998384615384615,0.982680844177171,0.997058254306174,0.998615384615385,0.825271870008888,0.998916198954906
"TIMP2-ITGA3","Timp2","Itga3","Flt4",0.000769230769230855,0.990653846153846,0.661312793544185,0.988407199535514,0.991423076923077,0.766023556989865,0.989703890071608
"TIMP2-ITGB1","Timp2","Itgb1","Fzd3",0.00507692307692309,0.851038461538462,0.814830985664009,0.889239403909425,0.845961538461538,0.474304443349257,0.907335010644475
"TIMP3-AGTR2","Timp3","Agtr2","Itgb6",0.00107692307692309,0.919538461538462,0.591973953711297,0.942732726920844,0.918461538461538,0.207781204476529,0.95614476485388
"TIMP3-KDR","Timp3","Kdr","P2rx7",0.002,0.910230769230769,0.493324957679531,0.922353396555061,0.912230769230769,0.377072489870727,0.959492935939617
"TNC-CNTN1","Tnc","Cntn1","Pde1a",0.00403846153846155,0.906961538461538,0.721270659320046,0.965086123475905,0.911,0.522885347618251,0.923379136829882
"TNC-EGFR","Tnc","Egfr","Cspg4",0.00973076923076921,0.818153846153846,0.470264421661042,0.880452874008129,0.827884615384615,0.520303797257993,0.915463518482678
"TNC-ITGA2","Tnc","Itga2","Cd53",0.000692307692307659,0.975384615384615,0.576412580245571,0.970582543061738,0.976076923076923,0.528715199651903,0.975691890845752
"TNC-ITGA5","Tnc","Itga5","Kcnq3",0.0185384615384615,0.934384615384615,0.6497383513679,0.949951616024773,0.952923076923077,0.625794451577391,0.967853686858912
"TNC-ITGA7","Tnc","Itga7","Tyro3",0.00823076923076915,0.964730769230769,0.6419078208048,0.970524482291465,0.972961538461538,0.623485172197847,0.967079543255274
"TNC-ITGA8","Tnc","Itga8","Mertk",0.00380769230769229,0.904961538461538,0.447750185125681,0.923437197600155,0.908769230769231,0.668915227226758,0.926204760983162
"TNC-ITGA9","Tnc","Itga9","Gpc1",0.0294615384615384,0.505423076923077,0.508402566746025,0.853203019160054,0.534884615384615,0.601942857119298,0.841261854073931
"TNC-ITGAV","Tnc","Itgav","Tmem222",0.0288461538461539,0.721423076923077,0.502299887108034,0.852293400425779,0.750269230769231,0.537369055904542,0.843874588736211
"TNC-ITGB1","Tnc","Itgb1","Cspg4",0.0199230769230769,0.847807692307692,0.597843728760343,0.921559899361332,0.827884615384615,0.520303797257993,0.915463518482678
"TNC-NT5E","Tnc","Nt5e","Gp1ba",0.00015384615384606,0.993615384615385,0.7392099317551,0.992065028062706,0.993461538461539,0.507938239253831,0.995239016837623
"TNC-PTPRB","Tnc","Ptprb","Gjb2",0.0245769230769231,0.944730769230769,0.511812066019666,0.948074317785949,0.969307692307692,0.53140050342614,0.979543255273853
"TNC-PTPRZ1","Tnc","Ptprz1","Thbd",0.0128461538461538,0.843384615384615,0.761480628510143,0.923359783239791,0.830538461538462,0.48164701674248,0.9201277336946
"TNC-SDC1","Tnc","Sdc1","Fzd3",0.0185,0.766807692307692,0.531347372508294,0.870350299980646,0.785307692307692,0.592156399123021,0.871182504354558
"TNC-SDC4","Tnc","Sdc4","Sort1",0.0199230769230768,0.832769230769231,0.528975942248675,0.90582543061738,0.812846153846154,0.559483525163153,0.874472614670021
"TNFSF10-TNFRSF10B","Tnfsf10","Tnfrsf10b","Hfe",0.000615384615384573,0.947153846153846,0.727663090009513,0.989510354170699,0.946538461538462,0.768790519586834,0.990671569576156
"TNFSF10-TNFRSF11B","Tnfsf10","Tnfrsf11b","Il2rg",0.00238461538461532,0.936230769230769,0.694002759638979,0.990129669053609,0.933846153846154,0.824561347794715,0.984671956647958
"TNFSF12-TNFRSF12A","Tnfsf12","Tnfrsf12a","Ptpru",0.00192307692307703,0.678346153846154,0.229762867917915,0.892664989355525,0.680269230769231,0.106536690501007,0.898161408941359
"TNFSF13B-TNFRSF13B","Tnfsf13b","Tnfrsf13b","Lrp2",0.0102307692307692,0.888153846153846,0.104625913801823,0.967892394039094,0.898384615384615,0.231638932805146,0.967718211728276
"TNFSF9-TRAF2","Tnfsf9","Traf2","Scarb1",0.000500000000000056,0.992576923076923,0.775311400011724,0.994851945035804,0.993076923076923,0.732104435218026,0.99518095606735
"TSLP-IL7R","Tslp","Il7r","Npr1",0.00976923076923075,0.935076923076923,0.241063451942894,0.990981227017612,0.944846153846154,0.223481059867633,0.963189471646991
"UBA52-ACVR1","Uba52","Acvr1","Gcgr",0,1,1,1,1,1,1
"UBA52-BMPR1B","Uba52","Bmpr1b","Cd63",0,0.999923076923077,0.999825153504035,0.999845171279272,0.999923076923077,0.999946926488799,0.999845171279272
"UBA52-EGFR","Uba52","Egfr","Art1",0,1,1,1,1,1,1
"UBA52-ERBB2","Uba52","Erbb2","Tnfrsf19",0,1,1,1,1,1,1
"UBA52-FSHR","Uba52","Fshr","Oprl1",0,1,1,1,1,1,1
"UBA52-NOTCH1","Uba52","Notch1","F3",0,1,1,1,1,1,1
"UBA52-TGFBR1","Uba52","Tgfbr1","Itgb1",0,1,1,1,1,1,1
"UBA52-TGFBR2","Uba52","Tgfbr2","Ackr3",0,1,1,1,1,1,1
"VCAM1-ITGA4","Vcam1","Itga4","Cntnap2",0.00203846153846143,0.657269230769231,0.320561226743017,0.865299012966905,0.655230769230769,0.219750960050893,0.880259338107219
"VCAM1-ITGA9","Vcam1","Itga9","Abca1",0.0168846153846153,0.691961538461539,0.499409461059873,0.815715115153861,0.708846153846154,0.477851365913841,0.814418424617767
"VCAM1-ITGAD","Vcam1","Itgad","Acvr1c",0,1,1,1,1,1,1
"VCAM1-ITGB1","Vcam1","Itgb1","Marco",0.00430769230769235,0.936230769230769,0.754052107164924,0.933036578285272,0.940538461538462,0.833140289537335,0.97747242113412
"VCAM1-ITGB2","Vcam1","Itgb2","Nmbr",0.00123076923076926,0.998769230769231,0.877196591127276,0.999303270756725,1,1,1
"VCAN-CD44","Vcan","Cd44","Itgad",3.84615384615428e-05,0.999961538461538,0.999963271818199,0.999922585639636,1,1,1
"VCAN-EGFR","Vcan","Egfr","Cd82",0.00507692307692309,0.916615384615385,0.66680045559521,0.930036771821173,0.921692307692308,0.663577002809403,0.952777240178053
"VCAN-ITGA4","Vcan","Itga4","Ednrb",0.0227692307692308,0.824615384615385,0.584998094041448,0.933984904199729,0.847384615384615,0.512601122024521,0.895258370427714
"VCAN-ITGB1","Vcan","Itgb1","Lrp6",0.0469615384615385,0.779461538461538,0.797483723127459,0.864370040642539,0.826423076923077,0.722905880610889,0.880917360170312
"VCAN-SELL","Vcan","Sell","Tie1",0.00165384615384623,0.976576923076923,0.471860968103767,0.991677956260886,0.974923076923077,0.740258893130945,0.977375653183666
"VCAN-TLR1","Vcan","Tlr1","Gcgr",0,1,1,1,1,1,1
"VCAN-TLR2","Vcan","Tlr2","Nmbr",0.00134615384615389,0.998653846153846,0.846268440596258,0.99818076253145,1,1,1
"VEGFA-EGFR","Vegfa","Egfr","Pecam1",0.0464230769230769,0.502,0.334274263887512,0.847261467002129,0.548423076923077,0.467571429557709,0.828120766402168
"VEGFA-EPHB2","Vegfa","Ephb2","Cd36",0.0331923076923076,0.534538461538462,0.360559824721579,0.82856589897426,0.567730769230769,0.493984628641921,0.888987807238243
"VEGFA-FLT1","Vegfa","Flt1","Tgfbr1",0.00450000000000006,0.750115384615385,0.390032400271067,0.851848267853687,0.745615384615385,0.487150786673609,0.850803173988775
"VEGFA-GPC1","Vegfa","Gpc1","Npr3",0.00257692307692303,0.862,0.570390877066463,0.903870718018192,0.859423076923077,0.491944080354514,0.918366556996323
"VEGFA-ITGA9","Vegfa","Itga9","Itgb8",0.00576923076923075,0.882692307692308,0.615692421178463,0.908070447067931,0.888461538461538,0.301396427613762,0.910412231468937
"VEGFA-ITGAV","Vegfa","Itgav","Notch2",0.00084615384615383,0.744269230769231,0.480919880203914,0.846119605186762,0.743423076923077,0.519324400585722,0.859396167989162
"VEGFA-ITGB1","Vegfa","Itgb1","F2rl3",0.00257692307692314,0.988730769230769,0.897477302586278,0.98571705051287,0.991307692307692,0.40945383862354,0.991852138571705
"VEGFA-KDR","Vegfa","Kdr","Plxnc1",0.0183846153846154,0.684230769230769,0.495553682265815,0.837739500677376,0.702615384615385,0.382249683200222,0.856047996903426
"VEGFA-NRP1","Vegfa","Nrp1","Unc5d",0.0106923076923077,0.750461538461539,0.585495767299332,0.854596477646603,0.761153846153846,0.270261738069127,0.91248306560867
"VEGFA-NRP2","Vegfa","Nrp2","Ackr3",0.0241923076923076,0.684769230769231,0.409799513426395,0.870853493323011,0.708961538461538,0.401533656360404,0.867524675827366
"VEGFA-RET","Vegfa","Ret","Plscr4",0.00284615384615394,0.908192307692308,0.404666208004691,0.957964002322431,0.905346153846154,0.447673131687362,0.919566479581962
"VEGFA-SIRPA","Vegfa","Sirpa","Kcnd2",0.0335769230769232,0.518115384615385,0.351780861304879,0.822682407586607,0.551692307692308,0.364273850580149,0.875072575962841
"VEGFA-TYRO3","Vegfa","Tyro3","Robo1",0.013576923076923,0.880692307692308,0.387184890180251,0.90181923746855,0.867115384615385,0.582821413104882,0.908283336558932
"VEGFB-FLT1","Vegfb","Flt1","Adora1",0.00650000000000006,0.904961538461538,0.474899423496466,0.915153861041223,0.898461538461538,0.692252554698958,0.957402748209793
"VEGFB-NRP1","Vegfb","Nrp1","Itga9",0.00857692307692315,0.6065,0.504795703688511,0.826011225082253,0.597923076923077,0.491024401436738,0.855641571511515
"VEGFB-RET","Vegfb","Ret","Acvr2b",0.000269230769230688,0.977653846153846,0.754600521252764,0.982233404296497,0.977923076923077,0.61040138719062,0.971801819237469
"VEGFB-TYRO3","Vegfb","Tyro3","Acvr1b",0.00176923076923075,0.968538461538462,0.593691716863717,0.962918521385717,0.966769230769231,0.716813736516235,0.962957228565899
"VEGFC-FLT1","Vegfc","Flt1","Fgfr4",0.00546153846153841,0.725653846153846,0.406129635730086,0.856686665376427,0.731115384615385,0.269949340866294,0.919334236500871
"VEGFC-FLT4","Vegfc","Flt4","Plxnc1",0.0250384615384615,0.785384615384615,0.243496980144535,0.895742210179988,0.760346153846154,0.279757030850927,0.872401780530288
"VEGFC-ITGA9","Vegfc","Itga9","Fxyd6",0.00176923076923075,0.955461538461538,0.557570168597803,0.953280433520418,0.957230769230769,0.525505041337052,0.957886587962067
"VEGFC-ITGB1","Vegfc","Itgb1","Ptgir",0.00423076923076926,0.993576923076923,0.897898167270576,0.990265144184246,0.997807692307692,0.781422034904739,0.998238823301722
"VEGFC-KDR","Vegfc","Kdr","Plgrkt",0.000192307692307714,0.905038461538462,0.582680092438352,0.915850590284498,0.905230769230769,0.427054449376954,0.918695568027869
"VEGFC-LYVE1","Vegfc","Lyve1","Fzd8",0.0242692307692308,0.584653846153846,0.213384179583166,0.869711631507645,0.560384615384615,0.267609749568484,0.847842074704858
"VEGFC-NRP2","Vegfc","Nrp2","Nt5e",0.00430769230769235,0.907653846153846,0.465208083073758,0.925604799690343,0.911961538461538,0.255847322326592,0.937371782465647
"VEGFC-VIPR2","Vegfc","Vipr2","F3",0.00261538461538458,0.924615384615385,0.248175395961279,0.949506483452681,0.927230769230769,0.167598085862101,0.948364621637314
"VIM-CD44","Vim","Cd44","Cd63",0.00615384615384618,0.969615384615385,0.976817405058879,0.97785949293594,0.963461538461538,0.974260838514504,0.975769305206116
"VIP-ADCYAP1R1","Vip","Adcyap1r1","Acvrl1",7.69230769230855e-05,0.991153846153846,0.145337660956942,0.995316431197987,0.991076923076923,0.236866316149257,0.995200309657441
"VIP-NPR3","Vip","Npr3","Orai2",0.00103846153846154,0.984576923076923,0.168997399799343,0.991677956260886,0.983538461538462,0.0924087124349674,0.991523127540159
"VIP-VIPR1","Vip","Vipr1","Scn5a",0.0677307692307693,0.559230769230769,0.0997117779737684,0.941377975614476,0.626961538461538,0.046587916901081,0.946255080317399
"VIP-VIPR2","Vip","Vipr2","P2rx7",0.0027307692307692,0.916615384615385,0.0414257567117355,0.969382620476098,0.913884615384615,0.080723454720213,0.97625314495839
"VTN-CD47","Vtn","Cd47","Plxna3",0.00969230769230767,0.806884615384615,0.658175580841242,0.928682020514806,0.816576923076923,0.308604019979387,0.897367911747629
"VTN-ITGA2B","Vtn","Itga2b","Itga11",0.0113076923076924,0.924576923076923,0.655910485634264,0.936849235533191,0.913269230769231,0.534643837293955,0.953783626862783
"VTN-ITGA3","Vtn","Itga3","Itga10",0.00376923076923075,0.941576923076923,0.390627193331029,0.956164118443971,0.945346153846154,0.503761306749778,0.962434681633443
"VTN-ITGA5","Vtn","Itga5","Kidins220",0.00203846153846154,0.789384615384615,0.306204704671566,0.909309076833753,0.787346153846154,0.364256073234113,0.966924714534546
"VTN-ITGA8","Vtn","Itga8","Unc5d",0.00430769230769235,0.782,0.204020298588638,0.889278111089607,0.786307692307692,0.124129022820228,0.931836655699632
"VTN-ITGAV","Vtn","Itgav","Plxna1",0.000884615384615373,0.589230769230769,0.210058204367579,0.901761176698277,0.588346153846154,0.251223306594063,0.885136442810141
"VTN-ITGB1","Vtn","Itgb1","Ptprb",0.00423076923076926,0.851461538461538,0.610606494049795,0.977298238823302,0.855692307692308,0.28777400714065,0.906773756531837
"VTN-ITGB3","Vtn","Itgb3","Itga10",0.00157692307692303,0.943769230769231,0.532116297166398,0.955564157151152,0.945346153846154,0.503761306749778,0.962434681633443
"VTN-ITGB5","Vtn","Itgb5","Cspg4",0.0206923076923077,0.650576923076923,0.265884482094771,0.918753628798142,0.629884615384615,0.13720545094666,0.906289916779563
"VTN-ITGB6","Vtn","Itgb6","Fzd5",0.002,0.962423076923077,0.319544774837409,0.974279078769112,0.964423076923077,0.385595589521491,0.966344106831817
"VTN-ITGB8","Vtn","Itgb8","Maged1",0.0179615384615385,0.889769230769231,0.289562411543661,0.917476291852139,0.907730769230769,0.801607821555562,0.97967873040449
"VTN-KDR","Vtn","Kdr","Mylk",0.00219230769230772,0.533576923076923,0.278381442408746,0.878885233210761,0.531384615384615,0.157378137754258,0.913392684342946
"VTN-PLAUR","Vtn","Plaur","Il17rb",0.00107692307692309,0.988346153846154,0.487993880538638,0.991639249080704,0.987269230769231,0.443876244081974,0.995587381459261
"VTN-PVR","Vtn","Pvr","Lpar3",0.0012692307692308,0.954692307692308,0.425693217864797,0.959183278498161,0.953423076923077,0.772471597171845,0.993226243468163
"VTN-TNFRSF11B","Vtn","Tnfrsf11b","Kremen2",0.000461538461538402,0.972192307692308,0.519617962891315,0.979717437584672,0.971730769230769,0.275377755133896,0.983955873814593
"VWF-GP1BA","Vwf","Gp1ba","Cd47",0.00361538461538458,0.966769230769231,0.429044227986443,0.979504548093671,0.970384615384615,0.552009879012099,0.970485775111283
"VWF-ITGA2B","Vwf","Itga2b","Cd109",0.0145000000000001,0.617653846153846,0.337201755166657,0.876795045480937,0.632153846153846,0.191247683370372,0.881420553512677
"VWF-SIRPA","Vwf","Sirpa","Itga4",0.00396153846153846,0.848961538461538,0.260045367926617,0.903677182117283,0.852923076923077,0.308398098313227,0.920263208825237
"VWF-TNFRSF11B","Vwf","Tnfrsf11b","Tbxa2r",0.00407692307692309,0.855461538461538,0.24039984936126,0.936036384749371,0.859538461538462,0.229054147359685,0.923611379910974
"WNT2-FZD1","Wnt2","Fzd1","Nrp2",0.00388461538461538,0.909807692307692,0.585347833849559,0.96278304625508,0.913692307692308,0.401509730162033,0.9732339849042
"WNT2-FZD5","Wnt2","Fzd5","Kremen2",0.0134615384615384,0.618615384615385,0.174284645402854,0.930094832591446,0.605153846153846,0.121075633890248,0.940119992258564
"WNT2-FZD8","Wnt2","Fzd8","Mas1",0.000961538461538458,0.807538461538462,0.194294630670756,0.954480356106058,0.8085,0.073981936295614,0.952254693245597
"WNT2-FZD9","Wnt2","Fzd9","Bdkrb2",0.00619230769230772,0.762576923076923,0.133880591700261,0.945829301335398,0.768769230769231,0.346451379323645,0.955022256628605
"WNT2-LRP6","Wnt2","Lrp6","Pdgfra",0.00588461538461538,0.943653846153846,0.631575112204343,0.973292045674473,0.949538461538462,0.596949187098737,0.976582155989936
"WNT3-FZD1","Wnt3","Fzd1","Gpc4",0.00015384615384606,0.997653846153846,0.466794017022331,0.998374298432359,0.9975,0.571500252307412,0.99818076253145
"WNT3-FZD5","Wnt3","Fzd5","Trem2",0.00234615384615378,0.976461538461538,0.194556332001516,0.989878072382427,0.978807692307692,0.321915855376821,0.989916779562609
"WNT3-FZD8","Wnt3","Fzd8","Hhip",0.0011923076923076,0.992538461538462,0.317304144022493,0.995955099670989,0.993730769230769,0.384647812444833,0.99638087865299
"WNT3-LRP6","Wnt3","Lrp6","Il6st",0.000230769230769146,0.999538461538461,0.698772850819534,0.999496806657635,0.999307692307692,0.520895475580502,0.999419392297271
"WNT3-RYK","Wnt3","Ryk","Kit",7.69230769229745e-05,0.9995,0.817306109617852,0.999380685117089,0.999576923076923,0.792914100334607,0.999574221017999
"WNT4-FZD2","Wnt4","Fzd2","Plgrkt",0.00176923076923075,0.953692307692308,0.587465976930612,0.964486162183085,0.955461538461538,0.532169326447606,0.965357073737178
"WNT4-FZD6","Wnt4","Fzd6","Unc5a",0.0427307692307692,0.699461538461538,0.434347767803244,0.895548674279079,0.656730769230769,0.188436193515041,0.893052061157345
"WNT5A-FZD1","Wnt5a","Fzd1","Plxnb1",0.00861538461538458,0.594730769230769,0.494271782453923,0.833946197019547,0.603346153846154,0.369277064138081,0.845693826204761
"WNT5A-FZD2","Wnt5a","Fzd2","Nrp1",0.00896153846153847,0.749692307692308,0.601603391188648,0.870234178440101,0.758653846153846,0.536623256140677,0.863286239597445
"WNT5A-FZD4","Wnt5a","Fzd4","Notch2",0.00711538461538463,0.766807692307692,0.493912334656062,0.871801819237469,0.773923076923077,0.584599266966305,0.865608670408361
"WNT5A-FZD5","Wnt5a","Fzd5","Adra2a",0.00480769230769229,0.950115384615385,0.383727662698066,0.955409328430424,0.954923076923077,0.539047466130722,0.969634217147281
"WNT5A-FZD6","Wnt5a","Fzd6","Adcy8",0.000269230769230688,0.904230769230769,0.460722216719591,0.919740661892781,0.903961538461538,0.379013460844003,0.977182117282756
"WNT5A-FZD8","Wnt5a","Fzd8","Grin2d",0.0231538461538461,0.811846153846154,0.543686693658291,0.895529320688988,0.835,0.37849163013849,0.934391329591639
"WNT5A-LRP5","Wnt5a","Lrp5","Sdc2",0.0140769230769231,0.747846153846154,0.483246083792722,0.867079543255274,0.761923076923077,0.540700222622063,0.870524482291465
"WNT5A-MCAM","Wnt5a","Mcam","Dysf",0.00611538461538463,0.652115384615385,0.41703703286062,0.855718985871879,0.646,0.440607844047354,0.864815173214631
"WNT5A-ROR1","Wnt5a","Ror1","Erbb2",0.00369230769230766,0.595653846153846,0.461486328698773,0.842984323592026,0.599346153846154,0.354635711716429,0.842365008709116
"WNT5A-ROR2","Wnt5a","Ror2","Ntrk2",0.00761538461538458,0.598884615384615,0.48725212608314,0.843100445132572,0.6065,0.437330450635684,0.877569189084575
"WNT5A-RYK","Wnt5a","Ryk","Itga5",0.0116538461538461,0.766692307692308,0.501791081704384,0.860421908263983,0.778346153846154,0.468460408707128,0.890981227017612
"WNT7A-FZD10","Wnt7a","Fzd10","Lpar3",0.0903846153846154,0.512807692307692,0.57329960160431,0.932301141861815,0.603192307692308,0.120022687451672,0.979156183472034
"WNT7A-FZD5","Wnt7a","Fzd5","Sstr2",0.0407692307692308,0.805153846153846,0.718953498587746,0.976388620089026,0.845923076923077,0.458924744096489,0.959899361331527
"WNT7A-FZD9","Wnt7a","Fzd9","Unc5b",0.00419230769230772,0.945653846153846,0.947773864164001,0.984401006386685,0.949846153846154,0.979016451985592,0.988445906715696
"WNT7A-LRP6","Wnt7a","Lrp6","Erbb2",0,1,1,1,1,1,1
"WNT7B-FZD1","Wnt7b","Fzd1","Itgam",0.00123076923076926,0.931346153846154,0.467972852886719,0.939152312754016,0.932576923076923,0.108216431652427,0.960015482872073
"WNT7B-FZD10","Wnt7b","Fzd10","Lrp2",0.0171538461538462,0.915846153846154,0.177939575847931,0.95451906328624,0.898692307692308,0.150479774321275,0.949758080123863
"WNT7B-LRP5","Wnt7b","Lrp5","Trem2",0.00242307692307697,0.8195,0.327126563226812,0.903851364428101,0.817076923076923,0.138197953587656,0.914747435649313
