"mechanism","dominance","r2_dominant_parent","R2_linear_both","gain"
"A2M-LRP1",0.868384615384615,0.568776426016725,0.598236732637192,0.0294603066204663
"ACE-AGTR2",0.989384615384615,0.583101147574059,0.584024357563872,0.000923209989813101
"ACE-BDKRB2",0.706423076923077,0.218014310543247,0.274511835563199,0.056497525019952
"ADAM10-AXL",0.718346153846154,0.460303030994218,0.562976339417041,0.102673308422823
"ADAM10-EPHA3",0.826961538461539,0.425229589655093,0.499118344358841,0.0738887547037483
"ADAM12-ITGA9",0.755346153846154,0.407321457892766,0.568898227951608,0.161576770058842
"ADAM12-ITGB1",0.956346153846154,0.814972586566209,0.83646163789089,0.0214890513246806
"ADAM12-SDC4",0.619384615384615,0.325164825049968,0.429288113884833,0.104123288834866
"ADAM15-ITGA5",0.623576923076923,0.256525157672168,0.341775633030227,0.0852504753580584
"ADAM15-ITGA9",0.943384615384615,0.476387499750058,0.507757150444263,0.0313696506942056
"ADAM15-ITGAV",0.877423076923077,0.372252780931597,0.435724659736886,0.0634718788052894
"ADAM15-ITGB1",0.992884615384615,0.768541915903533,0.777600444377449,0.00905852847391597
"ADAM15-ITGB3",0.871807692307692,0.195366328442623,0.226475991423804,0.0311096629811808
"ADAM17-ERBB4",0.580538461538462,0.32409667570806,0.371841017833682,0.0477443421256226
"ADAM17-ITGA5",0.720115384615385,0.285741956882737,0.383861800072766,0.098119843190029
"ADAM17-ITGB1",0.992346153846154,0.889264450428765,0.892872704762762,0.00360825433399647
"ADAM17-NOTCH1",0.767346153846154,0.420552190932072,0.474204085367629,0.0536518944355571
"ADAM2-CD9",0.9995,0.999959715011273,0.999959726466145,1.14548717178309e-08
"ADAM2-ITGA6",0.986269230769231,0.997328930292248,0.997354436886988,2.55065947406541e-05
"ADAM2-ITGA9",1,1,1,0
"ADAM2-ITGB1",1,1,1,0
"ADAM23-ITGA5",0.586961538461538,0.162349416480802,0.296041487379121,0.133692070898319
"ADAM23-ITGB3",0.806076923076923,0.159198005276403,0.197560518379715,0.0383625131033116
"ADAM28-ITGA4",0.988,0.158948969606698,0.160375364815191,0.00142639520849264
"ADAM9-ITGA3",0.9295,0.350482779921917,0.388505122887939,0.0380223429660222
"ADAM9-ITGA6",0.692115384615385,0.302001148259481,0.428550145134592,0.126548996875111
"ADAM9-ITGAV",0.821423076923077,0.429104966297604,0.508752686232878,0.0796477199352741
"ADAM9-ITGB1",0.991269230769231,0.869442184816509,0.873906971402741,0.00446478658623228
"ADAM9-ITGB5",0.861884615384615,0.503144840127149,0.551374228065928,0.0482293879387792
"ADCYAP1-ADCYAP1R1",0.983884615384615,0.925314024337382,0.930362747626167,0.00504872328878569
"ADCYAP1-VIPR1",0.632230769230769,0.18832164305407,0.211692297622279,0.0233706545682092
"ADCYAP1-VIPR2",0.7935,0.119695262796055,0.135204090129108,0.0155088273330524
"ADM-CALCR",0.864076923076923,0.0630874383711313,0.380748259847009,0.317660821475877
"ADM-CALCRL",0.984538461538462,0.310620504329499,0.312509387685865,0.00188888335636606
"ADM-GPR182",0.876846153846154,0.0738036921795313,0.0889161689655347,0.0151124767860034
"ADM-RAMP2",0.998576923076923,0.699150097904347,0.699632485291701,0.000482387387353844
"AGRN-ATP1A3",0.885192307692308,0.6879250230015,0.752321955562032,0.0643969325605317
"AGRN-LRP4",0.979384615384615,0.700353137724708,0.709735871810635,0.00938273408592638
"AGRN-MUSK",0.987576923076923,0.789546994277604,0.790783270049526,0.00123627577192209
"AGRP-MC4R",0.999692307692308,0.952452304411445,0.952505246592939,5.29421814946529e-05
"AGRP-SDC3",0.925038461538461,0.770982661495368,0.785761920961666,0.0147792594662975
"AGT-AGTR2",0.847423076923077,0.459865406129575,0.462225986125608,0.00236057999603284
"AGT-LRP2",0.867076923076923,0.15880376098215,0.16007523106505,0.00127147008289979
"AGT-MAS1",0.933461538461538,0.0926442463159008,0.107146212644021,0.0145019663281198
"AHSG-INSR",0.726769230769231,0.302441352367861,0.302529577269051,8.82249011898151e-05
"ALB-LRP2",0.999730769230769,0.977285773662953,0.977289072332316,3.29866936388257e-06
"ALOX5AP-ALOX5",0.986461538461539,0.502180555512342,0.503470088416101,0.00128953290375899
"ANGPT1-ITGA5",0.507730769230769,0.156519425115497,0.320033844308731,0.163514419193234
"ANGPT1-ITGB1",0.989769230769231,0.801733939973167,0.810009470558552,0.00827553058538544
"ANGPT1-TEK",0.758692307692308,0.288945839745518,0.404292613633873,0.115346773888355
"ANGPT1-TIE1",0.541192307692308,0.299581084118235,0.439584376316572,0.140003292198337
"ANGPT2-TEK",0.940538461538462,0.477532826756315,0.500383067211562,0.0228502404552471
"ANGPT2-TIE1",0.894,0.402867928162135,0.460766709453119,0.0578987812909839
"ANGPT4-TEK",0.998653846153846,0.967919826795378,0.96801445866773,9.46318723521467e-05
"ANGPT4-TIE1",0.996807692307692,0.943952570116952,0.944359855538238,0.000407285421285986
"ANGPTL1-TEK",0.648230769230769,0.177730350260235,0.35114714915835,0.173416798898115
"ANGPTL2-TIE1",0.818307692307692,0.346590711630787,0.405505463507138,0.0589147518763514
"ANGPTL3-ITGA5",0.839961538461538,0.280659449386935,0.288359046565358,0.00769959717842278
"ANGPTL3-ITGAV",0.899384615384615,0.694192715371359,0.694215859077773,2.31437064140971e-05
"ANGPTL3-ITGB3",0.7315,0.213657513639348,0.295080495237436,0.0814229815980879
"ANGPTL4-TIE1",0.668923076923077,0.308056401425794,0.467571670949819,0.159515269524025
"ANXA1-DYSF",0.746384615384615,0.31279435924359,0.323055985040508,0.0102616257969177
"ANXA1-EGFR",0.613230769230769,0.273957849030884,0.31184391929451,0.0378860702636264
"APLN-APLNR",0.886692307692308,0.40028024683375,0.490269102637919,0.0899888558041683
"APOB-CALCR",0.631423076923077,0.0152328148060812,0.317084728563736,0.301851913757655
"APOB-ITGAM",0.515346153846154,0.0535472700429235,0.139949974366136,0.0864027043232122
"APOB-ITGB2",0.610346153846154,0.162281846167967,0.312796845605693,0.150514999437726
"APOB-LDLR",0.852807692307692,0.529039028579921,0.537094054182914,0.00805502560299276
"APOB-LRP2",0.577115384615385,0.0278245469442008,0.0933655067371644,0.0655409597929636
"APOB-LRP6",0.880538461538461,0.649418547668406,0.649880504824298,0.000461957155892034
"APOB-LRP8",0.754615384615385,0.188187394931901,0.188315984907802,0.000128589975901455
"APOB-LSR",0.796923076923077,0.303497133746866,0.319823810880255,0.0163266771333888
"APOD-LEPR",0.804538461538462,0.534092176105916,0.665775269661493,0.131683093555577
"APOE-CHRNA4",0.996423076923077,0.846349882287696,0.846372491133063,2.26088453666451e-05
"APOE-LDLR",0.993730769230769,0.89161900063589,0.891690713368839,7.17127329487033e-05
"APOE-LRP1",0.878076923076923,0.833184869984736,0.841281285897663,0.00809641591292687
"APOE-LRP2",0.999230769230769,0.950225936151835,0.950282975918667,5.70397668315792e-05
"APOE-LRP5",0.994730769230769,0.928955883727139,0.929099340947936,0.000143457220796783
"APOE-LRP8",0.997307692307692,0.981528726907617,0.981532100842006,3.3739343894279e-06
"APOE-SCARB1",0.992153846153846,0.816376554250547,0.816687978888942,0.000311424638395286
"APOE-SORL1",0.993153846153846,0.850611996008897,0.850705186596798,9.31905879008044e-05
"APOE-VLDLR",0.991576923076923,0.896930055491818,0.897053820713849,0.000123765222030614
"APP-CAV1",0.660692307692308,0.476241951927902,0.566722377190349,0.090480425262447
"APP-CD74",0.956846153846154,0.205149686777077,0.205860535920215,0.000710849143138265
"APP-GPC1",0.827538461538462,0.722092400578746,0.771669658197597,0.0495772576188506
"APP-LRP1",0.578692307692308,0.691225785849795,0.820586234648822,0.129360448799027
"APP-NCSTN",0.956692307692308,0.784310925767272,0.797914177187319,0.0136032514200466
"APP-NGFR",0.989461538461539,0.921262153903636,0.922814534565962,0.00155238066232599
"APP-TNFRSF21",0.949461538461538,0.83905884213993,0.853871689216085,0.0148128470761553
"ARTN-GFRA1",1,1,1,0
"ARTN-RET",0.999923076923077,0.999999848865568,0.999999848867367,1.79922743370753e-12
"B2M-CD247",0.641076923076923,0.741808032281784,0.827179107688875,0.0853710754070912
"B2M-CD3D",0.977192307692308,0.800668366254003,0.812319407483935,0.011651041229932
"B2M-HFE",0.998076923076923,0.862132328439503,0.863322605995424,0.0011902775559206
"B2M-TFRC",0.822692307692308,0.51337447675395,0.5317394124132,0.0183649356592497
"BCAN-EGFR",0.823,0.198356935935958,0.216321566469613,0.017964630533655
"BCAN-NRCAM",0.800153846153846,0.531446977622438,0.729214453835713,0.197767476213275
"BGN-LY96",0.998115384615385,0.909093818984297,0.90919299346491,9.91744806134731e-05
"BGN-TLR1",1,1,1,0
"BGN-TLR2",0.999384615384615,0.920974540799751,0.921129131356945,0.000154590557193801
"BGN-TLR4",0.998653846153846,0.951453941428576,0.951544967777091,9.10263485153218e-05
"BMP2-ACVR1",0.940846153846154,0.420001737030642,0.445862925029019,0.025861187998377
"BMP2-ACVR2A",0.953576923076923,0.392003885242577,0.401676490159551,0.0096726049169738
"BMP2-ACVR2B",0.640192307692308,0.0861541766547533,0.13968676448069,0.053532587825937
"BMP2-BMPR1A",0.988692307692308,0.730775406251874,0.735481682365107,0.00470627611323282
"BMP2-BMPR1B",0.883730769230769,0.26267363013823,0.289200821246308,0.0265271911080779
"BMP2-BMPR2",0.984807692307692,0.63544319370908,0.640975179300007,0.0055319855909276
"BMP2-ENG",0.926576923076923,0.342002671495896,0.36421373119431,0.022211059698414
"BMP2-HFE2",0.808,0.242885090522244,0.273155992591087,0.0302709020688432
"BMP3-ACVR1",0.895807692307692,0.398174248830121,0.445655309219304,0.0474810603891833
"BMP3-ACVR2A",0.920884615384615,0.466751910212271,0.48217293484341,0.0154210246311388
"BMP3-ACVR2B",0.580423076923077,0.0855031578167332,0.163458725928818,0.0779555681120844
"BMP3-BMPR1A",0.981615384615385,0.764701384630556,0.772325032713485,0.0076236480829287
"BMP3-BMPR1B",0.833730769230769,0.305172238502161,0.361808472429485,0.0566362339273241
"BMP3-BMPR2",0.974923076923077,0.688720914460821,0.700601259857195,0.0118803453963745
"BMP4-ACVR1",0.730769230769231,0.296850672728459,0.425042488847388,0.128191816118929
"BMP4-ACVR2A",0.793192307692308,0.365360184358121,0.40686230546076,0.0415021211026393
"BMP4-ACVR2B",0.849653846153846,0.253843574243214,0.303991260572035,0.0501476863288201
"BMP4-BMPR1A",0.944423076923077,0.635061167438606,0.668989374955784,0.0339282075171784
"BMP4-BMPR1B",0.5605,0.192970452011577,0.308551621994982,0.115581169983404
"BMP4-BMPR2",0.923384615384615,0.612783341555069,0.642422561351206,0.0296392197961372
"BMP4-HFE2",0.501153846153846,0.0916614697905263,0.261930428002691,0.170268958212165
"BMP5-ACVR1",0.760038461538462,0.284286646983953,0.403923130094373,0.11963648311042
"BMP5-ACVR2A",0.809730769230769,0.320678012305962,0.363258417442401,0.0425804051364388
"BMP5-ACVR2B",0.728384615384615,0.205429042439901,0.243434535984444,0.0380054935445433
"BMP5-BMPR1A",0.936653846153846,0.570766935599372,0.610052329124472,0.0392853935251004
"BMP5-BMPR1B",0.637769230769231,0.238356118144653,0.373550167849046,0.135194049704393
"BMP5-BMPR2",0.919730769230769,0.558404587905867,0.597177583832539,0.0387729959266718
"BMP5-HFE2",0.577576923076923,0.119715480544194,0.222460617765189,0.102745137220995
"BMP6-ACVR1",0.913269230769231,0.184783994665551,0.244693031989678,0.0599090373241269
"BMP6-ACVR2A",0.929153846153846,0.253062042805868,0.266027247495921,0.0129652046900527
"BMP6-ACVR2B",0.692230769230769,0.0619825406259143,0.142342642744037,0.080360102118123
"BMP6-BMPR1A",0.976115384615385,0.465927404925687,0.480953438100114,0.0150260331744274
"BMP6-BMPR1B",0.862,0.129490095786946,0.165758365394066,0.0362682696071205
"BMP6-BMPR2",0.969692307692308,0.437409843134755,0.452397412057015,0.0149875689222608
"BMP7-ACVR1",0.677807692307692,0.233272628716727,0.388885447031672,0.155612818314945
"BMP7-ACVR2A",0.7595,0.313282367224966,0.369924859912979,0.0566424926880133
"BMP7-ACVR2B",0.878846153846154,0.283558403895682,0.31505848915589,0.0315000852602073
"BMP7-BMPR1A",0.928192307692308,0.561304053206742,0.593688646880579,0.0323845936738373
"BMP7-BMPR1B",0.537307692307692,0.0875332246013682,0.185355242755915,0.0978220181545465
"BMP7-BMPR2",0.911230769230769,0.53134624527411,0.562648572221652,0.0313023269475416
"BMP7-ENG",0.6265,0.220659118388531,0.358968149688726,0.138309031300196
"BMP8B-ACVR1",0.980615384615385,0.343387747653663,0.349583063629931,0.00619531597626866
"BMP8B-ACVR2A",0.993730769230769,0.61538005679742,0.627450494189631,0.0120704373922108
"BMP8B-ACVR2B",0.916230769230769,0.130731875382627,0.162781550843084,0.0320496754604573
"BMP8B-BMPR1A",0.996076923076923,0.593459988139765,0.595672223486663,0.00221223534689807
"BMP8B-BMPR1B",0.965307692307692,0.337235845471994,0.34971301071678,0.0124771652447851
"BMP8B-BMPR2",0.997307692307692,0.671881020850268,0.676352950702312,0.00447192985204414
"BTC-EGFR",0.999269230769231,0.888374510274648,0.888447648085069,7.31378104209535e-05
"BTC-ERBB2",0.999192307692308,0.757361183943004,0.758049627014766,0.000688443071761968
"BTC-ERBB3",0.996884615384615,0.574849375562873,0.579110216366294,0.0042608408034206
"BTC-ERBB4",0.998692307692308,0.70801016122081,0.708388428437687,0.000378267216876838
"C1QA-CD93",0.562961538461539,0.121938898059365,0.238270865772265,0.1163319677129
"C1QA-CSPG4",0.612653846153846,0.112985823038895,0.16755040960256,0.0545645865636642
"C1QB-LRP1",0.955692307692308,0.427890624649493,0.490351514079798,0.0624608894303048
"C3-C3AR1",0.938153846153846,0.236904195129756,0.23741129273108,0.000507097601323614
"C3-CD46",0.955653846153846,0.340275671841515,0.345545641553705,0.0052699697121899
"C3-CD81",0.861692307692308,0.651072764225067,0.651879573770256,0.000806809545189302
"C3-IFITM1",0.548730769230769,0.0473284550475126,0.0781500773138681,0.0308216222663555
"C3-ITGAM",0.981576923076923,0.315871141072583,0.319125149133763,0.00325400806117943
"C3-ITGB2",0.9935,0.812347727342952,0.815316796126471,0.00296906878351899
"C3-LRP1",0.832346153846154,0.390783443329198,0.398686987574193,0.00790354424499479
"C4B-CD46",0.555884615384615,0.0725698041228685,0.087819153509454,0.0152493493865855
"CALCA-CALCR",0.521807692307692,0.895262369299738,0.897362390256234,0.00210002095649642
"CALCA-CALCRL",0.9565,0.193088873477538,0.204198119757808,0.0111092462802705
"CALCA-RAMP1",0.973346153846154,0.289857305515221,0.300221362794845,0.0103640572796231
"CALCA-RAMP2",0.994576923076923,0.5189305321126,0.524271601911803,0.00534106979920357
"CALM1-ABCA1",0.999692307692308,0.99358200218185,0.993590289225998,8.28704414779224e-06
"CALM1-ADCY8",1,1,1,0
"CALM1-ADCYAP1R1",1,1,1,0
"CALM1-CACNA1C",0.967961538461538,0.505398048415312,0.536119413199604,0.0307213647842922
"CALM1-CALCR",1,1,1,0
"CALM1-EGFR",0.999384615384615,0.988354629205119,0.98835583183051,1.20262539193838e-06
"CALM1-FAS",1,1,1,4.44089209850063e-16
"CALM1-GLP2R",1,1,1,0
"CALM1-GRM3",1,1,1,0
"CALM1-GRM4",1,1,1,0
"CALM1-GRM5",0.999961538461538,0.997590440665593,0.997616843317803,2.64026522098781e-05
"CALM1-GRM7",0.868230769230769,0.545441507471336,0.590540725823438,0.0450992183521021
"CALM1-HMMR",0.999115384615385,0.989417443846977,0.989422688741137,5.24489416064977e-06
"CALM1-HTR2C",1,1,1,0
"CALM1-INSR",0.999923076923077,0.999938562503805,0.999938604573138,4.2069333461292e-08
"CALM1-KCNN4",1,1,1,0
"CALM1-KCNQ1",0.999961538461538,0.996863462897602,0.99686349503903,3.21414284076837e-08
"CALM1-KCNQ3",0.999846153846154,0.912700272483825,0.917632616213568,0.00493234372974216
"CALM1-KCNQ5",0.992346153846154,0.764987447730974,0.767677028548815,0.0026895808178411
"CALM1-MYLK",0.997,0.941873954546879,0.94204445519866,0.000170500651780925
"CALM1-OPRM1",1,1,1,0
"CALM1-PDE1A",0.999461538461539,0.978390206501937,0.978405150388897,1.4943886960106e-05
"CALM1-PDE1B",1,1,1,0
"CALM1-PDE1C",0.999423076923077,0.995368602284399,0.995407560578543,3.89582941445754e-05
"CALM1-PTPRA",0.999653846153846,0.999578861206233,0.999579662133619,8.00927385635752e-07
"CALM1-SELL",0.999961538461538,0.9999334743274,0.999933475408282,1.08088182848576e-09
"CALM1-TRPC3",0.999961538461538,0.999417272429489,0.999417776076846,5.03647357152914e-07
"CALM1-TRPC5",1,1,1,0
"CALM1-VIPR1",1,1,1,0
"CALM2-ABCA1",0.997576923076923,0.962804821587455,0.962838521641067,3.37000536124732e-05
"CALM2-ADCY8",1,1,1,0
"CALM2-CACNA1C",0.951807692307692,0.39742972645671,0.447248725354607,0.0498189988978973
"CALM2-EGFR",0.997346153846154,0.940767704847302,0.940771448569988,3.74372268541201e-06
"CALM2-GRM5",0.999961538461538,0.999125155131997,0.999140888515516,1.57333835192341e-05
"CALM2-GRM7",0.797923076923077,0.438656837922783,0.575655926699851,0.136999088777068
"CALM2-INSR",0.999615384615385,0.994624982751011,0.994630786597352,5.80384634163433e-06
"CALM2-KCNQ1",0.999730769230769,0.983079448512387,0.983079455421283,6.90889645493797e-09
"CALM2-KCNQ3",0.999846153846154,0.898763123585323,0.906240061268198,0.00747693768287461
"CALM2-KCNQ5",0.985961538461538,0.695919058082594,0.699880452895163,0.00396139481256919
"CALM2-MYLK",0.985884615384615,0.832427798209676,0.832444467395833,1.66691861569479e-05
"CALM2-PDE1A",0.9985,0.974138019153181,0.974159696200646,2.16770474643635e-05
"CALM2-PDE1B",1,1,1,0
"CALM2-PDE1C",0.998230769230769,0.956794351415337,0.957398544181728,0.000604192766390788
"CALM2-SELL",0.999923076923077,0.997271134509134,0.997271477227839,3.42718705081957e-07
"CALM2-TRPC5",0.999961538461538,0.999304575241489,0.999304898952632,3.23711143002114e-07
"CALR-ITGA2B",0.998115384615385,0.784268164808422,0.784449614825739,0.000181450017317952
"CALR-ITGA3",0.999692307692308,0.958136272491755,0.958299573703877,0.000163301212121048
"CALR-ITGAV",0.9985,0.969038934652753,0.969824463845759,0.000785529193005896
"CALR-LRP1",0.991923076923077,0.980285774733537,0.981267399883052,0.00098162514951583
"CALR-SCARF1",1,1,1,0
"CAMP-EGFR",0.829653846153846,0.0548922762608723,0.0548953064909297,3.0302300573562e-06
"CAMP-IGF1R",0.920615384615385,0.215493163252678,0.21900743267955,0.00351426942687164
"CAMP-P2RX7",0.654461538461538,0.112531121201315,0.112604416459571,7.32952582563062e-05
"CCK-CCKBR",0.993384615384615,0.640455072524159,0.642378560442741,0.0019234879185821
"CCL11-ACKR4",0.696038461538462,0.11189471604146,0.150055721845546,0.0381610058040861
"CCL11-CCR2",0.503076923076923,0.071691321274419,0.161432754114791,0.0897414328403723
"CCL2-ACKR4",0.566038461538461,0.068690207630808,0.166260191646936,0.0975699840161283
"CCL2-CCR1",0.705884615384615,0.0999329269585431,0.185805084735461,0.0858721577769179
"CCL2-CCR2",0.783192307692308,0.111433899014119,0.15546180275807,0.0440279037439513
"CCL2-CCR4",1,1,1,0
"CCL25-ACKR4",0.928076923076923,0.234784853173185,0.300422217639157,0.0656373644659715
"CCL25-CCR9",0.958807692307692,0.282822054012985,0.300626408754756,0.0178043547417703
"CCL7-ACKR4",0.535923076923077,0.0989534529672969,0.164268774494314,0.0653153215270168
"CCL7-CCR1",0.700769230769231,0.0759436983369829,0.142994230631528,0.067050532294545
"CCL7-CCR2",0.810038461538461,0.0913281695060063,0.13448082045584,0.0431526509498337
"CD14-ITGA4",0.998653846153846,0.957730058217144,0.957770057476997,3.99992598533183e-05
"CD14-ITGB1",0.999884615384615,0.988062642380835,0.988069099314879,6.45693404355274e-06
"CD34-SELL",0.9655,0.377378404307917,0.38080995073415,0.00343154642623344
"CDH1-CDH2",0.821269230769231,0.332934338633448,0.334126002172034,0.00119166353858596
"CDH1-EGFR",0.750384615384615,0.389965751968244,0.487481843114094,0.0975160911458503
"CDH1-ERBB3",0.562115384615385,0.188018459919171,0.31227488865974,0.124256428740569
"CDH1-IGF1R",0.935115384615385,0.604835355130269,0.617461304864414,0.0126259497341452
"CDH1-ITGAE",0.970307692307692,0.281461677598716,0.288708108802215,0.00724643120349822
"CDH1-LRP5",0.593230769230769,0.221064604901353,0.404002786527972,0.182938181626619
"CDH1-PTPRF",0.962730769230769,0.667109930608282,0.714995057854711,0.0478851272464281
"CDH1-PTPRM",0.836230769230769,0.376601311936677,0.41189030139086,0.0352889894541832
"CFH-ITGAM",0.955576923076923,0.572832726401381,0.605627710288636,0.0327949838872552
"CFH-SELL",0.920461538461538,0.211262139699329,0.216171216751936,0.00490907705260696
"CGN-F11R",0.917846153846154,0.457719421229686,0.496797559487088,0.0390781382574023
"CGN-OCLN",0.797807692307692,0.347739530809562,0.517977790549648,0.170238259740086
"CGN-TGFBR1",0.968,0.582378600544131,0.590090742919225,0.00771214237509443
"CGN-TGFBR2",0.961038461538462,0.601292192862004,0.605596241789845,0.00430404892784086
"CHAD-ITGA2",0.8035,0.0557626646939828,0.102564800824201,0.0468021361302183
"CHAD-ITGB1",0.990538461538462,0.875611061590686,0.876211481609721,0.000600420019034043
"CLCF1-CNTFR",0.901884615384615,0.320756053222374,0.331658586109148,0.0109025328867733
"CLCF1-CRLF1",0.9875,0.752287479607381,0.761621696487997,0.00933421688061631
"CLCF1-IL6ST",0.998384615384615,0.9507059476777,0.951121590440583,0.000415642762882751
"CLCF1-LIFR",0.994230769230769,0.761577170914521,0.763736747616947,0.00215957670242517
"CLEC11A-KIT",0.891192307692308,0.402053381770882,0.454884085855305,0.0528307040844228
"CNTF-CNTFR",0.980307692307692,0.602046682016103,0.604877279090629,0.00283059707452582
"CNTF-IL6ST",0.9995,0.975909370849288,0.975921314780023,1.19439307351143e-05
"CNTF-LIFR",0.999076923076923,0.93844577098245,0.938543481941452,9.77109590023506e-05
"CNTN2-CNTN1",0.929038461538462,0.959364628179292,0.960965267804203,0.00160063962491175
"CNTN2-CNTNAP2",0.988076923076923,0.989258507409586,0.989335182599582,7.66751899958784e-05
"CNTN2-NRCAM",0.936807692307692,0.886788367155507,0.896982624250926,0.0101942570954192
"CNTN2-NRP1",0.980115384615385,0.652432065275363,0.652898587596886,0.000466522321523
"CNTN4-PTPRG",0.917615384615385,0.427873179342806,0.491184851455105,0.0633116721122992
"COL11A1-DDR1",0.912384615384615,0.611215333747685,0.611315667046045,0.000100333298360678
"COL11A1-ITGA2",0.982653846153846,0.668263039249175,0.670203893517653,0.00194085426847845
"COL11A1-ITGB1",0.760076923076923,0.309463662106796,0.517475509328277,0.208011847221481
"COL14A1-CD44",0.999884615384615,0.999509726256627,0.999510180323528,4.54066901300898e-07
"COL18A1-GPC1",0.677807692307692,0.532460785450969,0.620977224775018,0.0885164393240488
"COL18A1-GPC4",0.929461538461538,0.626122686868164,0.650063599168985,0.0239409123008207
"COL18A1-ITGA5",0.972769230769231,0.787565848313607,0.796331305527861,0.00876545721425426
"COL18A1-ITGB1",0.856192307692308,0.750644958100192,0.803089310074847,0.0524443519746546
"COL18A1-KDR",0.850115384615385,0.692738621434455,0.748200207163572,0.055461585729117
"COL1A1-CD36",0.994961538461538,0.958413705773036,0.958486856525464,7.315075242742e-05
"COL1A1-CD44",0.904846153846154,0.911517424997486,0.919084953460635,0.00756752846314934
"COL1A1-CD93",0.994192307692308,0.963526444182831,0.963864682798757,0.000338238615925968
"COL1A1-DDR1",0.999538461538461,0.996183117378341,0.996185230827548,2.11344920675316e-06
"COL1A1-DDR2",0.999692307692308,0.998828231213219,0.998832642498883,4.41128566408544e-06
"COL1A1-FLT4",0.999884615384615,0.999680200732188,0.999680280177853,7.9445665157607e-08
"COL1A1-ITGA1",0.997423076923077,0.939990428388686,0.940298630471024,0.000308202082337616
"COL1A1-ITGA11",1,1,1,0
"COL1A1-ITGA2",0.999538461538461,0.940740377546918,0.940980040420046,0.000239662873127711
"COL1A1-ITGA5",0.999846153846154,0.999614660334429,0.999614937290374,2.76955944844559e-07
"COL1A1-ITGAV",0.998923076923077,0.986970106772797,0.987050459961596,8.0353188799509e-05
"COL1A1-ITGB1",0.965115384615385,0.958975371365405,0.961379570936239,0.0024041995708346
"COL1A1-TMPRSS6",1,1,1,0
"COL1A2-CD36",0.997307692307692,0.980810933802005,0.980827634933241,1.67011312358634e-05
"COL1A2-CD44",0.846692307692308,0.864296330017707,0.882107590679133,0.0178112606614262
"COL1A2-CD93",0.997423076923077,0.977482520647611,0.97758903862477,0.000106517977159104
"COL1A2-FLT4",0.999961538461538,0.99994198699978,0.999941996102549,9.10276898302698e-09
"COL1A2-ITGA1",0.998769230769231,0.966692999469817,0.96679586202195,0.000102862552133209
"COL1A2-ITGA11",1,1,1,0
"COL1A2-ITGA2",0.999692307692308,0.964698853632936,0.964792854464024,9.40008310889029e-05
"COL1A2-ITGA2B",0.998269230769231,0.803569957909345,0.803575465463174,5.50755382877632e-06
"COL1A2-ITGAV",0.999423076923077,0.989419968492916,0.989477207498788,5.72390058726224e-05
"COL1A2-ITGB1",0.984730769230769,0.984276519650136,0.984743977318236,0.000467457668100413
"COL1A2-ITGB3",0.999153846153846,0.880747230143141,0.881217289286741,0.000470059143600099
"COL2A1-DDR1",0.991884615384615,0.92366080004679,0.923771893002638,0.00011109295584788
"COL2A1-ITGA1",0.973615384615385,0.788234189680239,0.788304528511944,7.03388317049303e-05
"COL2A1-ITGA10",0.999615384615385,0.979915784575376,0.980004379862002,8.85952866253037e-05
"COL2A1-ITGA2",0.996884615384615,0.839018009491231,0.839033205048682,1.51955574505536e-05
"COL2A1-ITGA2B",0.993807692307692,0.589728487695789,0.590572387968121,0.000843900272331943
"COL2A1-ITGB1",0.617692307692308,0.534702148631737,0.545679919754714,0.0109777711229762
"COL2A1-MAG",0.999769230769231,0.886749184491256,0.886766572644003,1.73881527472108e-05
"COL3A1-DDR1",0.999846153846154,0.999500233206546,0.999500554499684,3.21293137539591e-07
"COL3A1-DDR2",1,1,1,0
"COL3A1-ITGA2",0.999846153846154,0.978592590262905,0.97863682382886,4.42335659547322e-05
"COL3A1-ITGB1",0.993346153846154,0.992256920720966,0.992388921222509,0.000132000501543161
"COL3A1-MAG",0.999884615384615,0.991005397377005,0.991009445827428,4.04845042323299e-06
"COL4A1-CD47",0.687653846153846,0.381210351595755,0.532031129058977,0.150820777463222
"COL4A1-CD93",0.953884615384615,0.811884589573486,0.839143664519161,0.0272590749456758
"COL4A1-ITGA1",0.977230769230769,0.885427771291482,0.892990207163635,0.00756243587215344
"COL4A1-ITGA2",0.995653846153846,0.849862587033097,0.853553947213181,0.00369136018008454
"COL4A1-ITGAV",0.950653846153846,0.840704161138185,0.853866693751493,0.0131625326133081
"COL4A1-ITGB1",0.644807692307692,0.715953723664953,0.867112509880716,0.151158786215762
"COL4A1-ITGB8",0.981692307692308,0.706478161171471,0.711159115320243,0.0046809541487719
"COL4A2-CD93",0.840384615384615,0.614000057496589,0.718115765684582,0.104115708187993
"COL4A3-CD47",0.998807692307692,0.87467749626341,0.874915566937007,0.000238070673597268
"COL4A3-CD93",0.995653846153846,0.664657547579245,0.667470735496877,0.00281318791763163
"COL4A3-ITGA1",0.993576923076923,0.54195365825988,0.547535962075628,0.00558230381574754
"COL4A3-ITGA2",0.953384615384615,0.299075163621505,0.310171495744606,0.011096332123101
"COL4A3-ITGAV",0.996307692307692,0.714098806131565,0.716526222383106,0.00242741625154141
"COL4A3-ITGB1",0.999961538461538,0.998260574468531,0.998261429202446,8.54733915534034e-07
"COL4A4-CD47",0.995115384615385,0.675031526910305,0.675733094531329,0.00070156762102469
"COL4A4-CD93",0.983730769230769,0.646632009159429,0.651324199469949,0.00469219031051993
"COL4A4-ITGA1",0.975807692307692,0.485713804848482,0.494894324623986,0.00918051977550405
"COL4A4-ITGA2",0.888961538461538,0.193861630527612,0.224065145586755,0.0302035150591431
"COL4A4-ITGAV",0.988615384615385,0.522551897266425,0.533721090536732,0.0111691932703072
"COL4A4-ITGB1",0.999461538461539,0.945058318586399,0.945458954238439,0.000400635652039627
"COL4A5-CD47",0.945076923076923,0.622130839675444,0.627508067449713,0.0053772277742693
"COL4A5-CD93",0.814576923076923,0.44788916999005,0.501037296474134,0.0531481264840838
"COL4A5-ITGA1",0.722961538461538,0.333398878126442,0.454933280074904,0.121534401948462
"COL4A5-ITGA2",0.879730769230769,0.257180800076995,0.309602150861011,0.0524213507840153
"COL4A5-ITGAV",0.861115384615385,0.455618058937559,0.51192724452485,0.0563091855872904
"COL4A5-ITGB1",0.991730769230769,0.913589379362496,0.915924613611992,0.00233523424949533
"COL4A6-CD47",0.974307692307692,0.685356682690652,0.687337097766868,0.00198041507621605
"COL4A6-CD93",0.896653846153846,0.506718161412764,0.540519412078572,0.0338012506658087
"COL4A6-ITGA1",0.827884615384615,0.403410259567806,0.467564961153073,0.064154701585267
"COL4A6-ITGA2",0.837423076923077,0.178264991097503,0.259315856707642,0.0810508656101389
"COL4A6-ITGAV",0.927576923076923,0.482793924409736,0.521524215905755,0.0387302914960189
"COL4A6-ITGB1",0.997730769230769,0.917538949030161,0.919003975645834,0.00146502661567283
"COL5A1-ITGA1",0.962038461538462,0.747164020387215,0.757110382726845,0.00994636233963075
"COL5A1-ITGB1",0.568730769230769,0.608808144388114,0.803444677850979,0.194636533462865
"COL5A1-SDC3",0.829038461538462,0.370883920817201,0.480083429765744,0.109199508948543
"COL5A2-DDR1",0.979038461538462,0.880540191604736,0.882300421175213,0.00176022957047706
"COL5A2-ITGA1",0.968884615384615,0.766163625695074,0.773273728837213,0.00711010314213989
"COL5A2-ITGB1",0.509192307692308,0.47890563748684,0.791194672492762,0.312289035005923
"COL5A3-SDC3",0.967923076923077,0.613313385110085,0.61516445355361,0.00185106844352478
"COL6A1-ITGA1",0.920461538461538,0.615748412570531,0.644456579959114,0.0287081673885827
"COL6A1-ITGA2",0.9905,0.717083788800076,0.72336151482258,0.00627772602250409
"COL6A1-ITGA6",0.906884615384615,0.695860394648812,0.712682127491194,0.0168217328423821
"COL6A1-ITGB1",0.814538461538462,0.727839819105652,0.81683125072671,0.0889914316210582
"COL6A2-ITGA1",0.935,0.641035774877922,0.668508879683495,0.0274731048055731
"COL6A2-ITGA2",0.9925,0.742093097164036,0.746911376639834,0.00481827947579794
"COL6A2-ITGB1",0.781769230769231,0.737169228913856,0.828887673821515,0.0917184449076595
"COL6A3-ITGA1",0.947269230769231,0.686488194496021,0.703083307480427,0.0165951129844061
"COL6A3-ITGA2",0.994307692307692,0.797271508886373,0.800436576157772,0.0031650672713982
"COL6A3-ITGB1",0.575423076923077,0.608222413138973,0.799624247674727,0.191401834535754
"COL7A1-ITGA2",0.833423076923077,0.84358777153529,0.847407250254699,0.00381947871940902
"COL7A1-ITGB1",1,1,1,0
"COL8A1-ITGA1",0.657423076923077,0.234148721812198,0.374638747423363,0.140490025611164
"COL8A1-ITGA2",0.817846153846154,0.267227480165717,0.309944451668792,0.0427169715030746
"COL9A1-MAG",0.992115384615385,0.416114914235893,0.416685478667717,0.000570564431824905
"COL9A2-MAG",0.995038461538462,0.604939144910169,0.605036908505741,9.7763595571787e-05
"COL9A3-MAG",0.994576923076923,0.584254062328107,0.584409747979201,0.000155685651093584
"COLQ-MUSK",0.725538461538461,0.452382491702767,0.610306371571854,0.157923879869087
"CP-SLC40A1",0.904307692307692,0.353840947178342,0.403838029912221,0.0499970827338788
"CSF1-CSF1R",0.928730769230769,0.560757778812626,0.576961243347357,0.0162034645347314
"CTF1-IL6ST",0.977192307692308,0.667144496421672,0.678188450418734,0.0110439539970617
"CTF1-LIFR",0.957461538461538,0.549801761658324,0.569955662650738,0.020153900992415
"CTGF-ERBB4",0.684884615384615,0.255593261557025,0.313508767352932,0.0579155057959067
"CTGF-ITGA5",0.503730769230769,0.346754031270139,0.469086951890552,0.122332920620413
"CTGF-ITGAM",0.952461538461538,0.180167482634348,0.185906710036355,0.00573922740200714
"CTGF-ITGB2",0.952230769230769,0.611970530295988,0.612177556603348,0.000207026307360136
"CTGF-LRP1",0.936884615384615,0.699545436387158,0.733374725561847,0.0338292891746884
"CTGF-LRP6",0.855,0.539453857725934,0.622295087119167,0.0828412293932331
"CTGF-NTRK1",1,1,1,0
"CTHRC1-FZD3",0.671076923076923,0.232041219508379,0.319109193912972,0.0870679744045932
"CTHRC1-FZD5",0.974615384615385,0.38423092385767,0.388207076529379,0.00397615267170898
"CTHRC1-FZD6",0.957615384615385,0.624461240856106,0.638072965265859,0.013611724409753
"CUBN-LRP2",0.840884615384615,0.0430979021733161,0.0482399721731595,0.00514206999984337
"CX3CL1-CX3CR1",0.807346153846154,0.233270185107181,0.256454793008436,0.0231846079012553
"CXCL12-ACKR3",0.950230769230769,0.77083985300779,0.782704678024998,0.0118648250172085
"CXCL12-CCR4",1,1,1,0
"CXCL12-CXCR4",1,1,1,0
"CXCL12-ITGB1",0.823653846153846,0.625338725309364,0.716642519785606,0.0913037944762416
"CXCL12-SDC4",0.893269230769231,0.455134753097113,0.476609148886027,0.0214743957889144
"CXCL13-ACKR4",0.564384615384615,0.195373819007053,0.213743098045038,0.018369279037985
"CXCL13-CXCR5",0.689846153846154,0.0585917252084567,0.330218957059795,0.271627231851338
"CXCL13-HTR2A",0.603884615384615,0.0162849408439206,0.0593477739032381,0.0430628330593175
"CYR61-CAV1",0.97,0.757919880100866,0.766373797236689,0.00845391713582377
"CYR61-ITGA5",0.728038461538462,0.320356775607144,0.434574897460013,0.114218121852868
"CYR61-ITGAM",0.935076923076923,0.0910804713392743,0.0963845369391113,0.00530406559983702
"CYR61-ITGAV",0.931230769230769,0.588292282456834,0.608589692947269,0.0202974104904353
"CYR61-ITGB2",0.949269230769231,0.466877691997752,0.467610641185806,0.000732949188054499
"CYR61-ITGB3",0.726461538461538,0.0871179504006436,0.141729074402482,0.0546111240018382
"CYR61-ITGB5",0.952538461538462,0.65788228908167,0.672344392170667,0.0144621030889974
"DCN-EGFR",0.960461538461538,0.815342033135856,0.824097345420163,0.00875531228430704
"DCN-ERBB4",0.836615384615385,0.285681155811984,0.292164425165552,0.00648326935356774
"DCN-MET",0.986961538461538,0.829613323759953,0.830902896252494,0.00128957249254114
"DHH-BOC",0.995923076923077,0.364591657806194,0.366875257185101,0.00228359937890693
"DHH-CDON",0.997961538461538,0.56960826520681,0.570402327422427,0.000794062215617175
"DHH-HHIP",0.975884615384615,0.274886583508671,0.279335495000062,0.00444891149139137
"DHH-PTCH1",0.9955,0.336389438689163,0.337642914723415,0.00125347603425213
"DHH-PTCH2",0.915692307692308,0.0610697493041806,0.0923213619554372,0.0312516126512566
"DKK1-KREMEN1",1,1,1,0
"DKK1-KREMEN2",0.999961538461538,0.999999999906106,0.999999999906106,0
"DKK1-LRP5",1,1,1,0
"DKK1-LRP6",1,1,1,0
"DKK2-KREMEN2",0.956807692307692,0.449535321569669,0.455397931740287,0.00586261017061784
"DKK2-LRP6",0.806192307692308,0.380780468952995,0.495175381156889,0.114394912203894
"DLK1-NOTCH1",0.976538461538462,0.801044912802318,0.811284898807838,0.0102399860055196
"DLK1-NOTCH2",0.982423076923077,0.898674147670744,0.902770036947161,0.00409588927641746
"DLK1-NOTCH3",0.993346153846154,0.929930497245907,0.931284173307061,0.00135367606115422
"DLK1-NOTCH4",0.998846153846154,0.94332923542484,0.943455304594865,0.000126069170024778
"DLK2-NOTCH1",0.966115384615385,0.446997844884661,0.455810018287017,0.00881217340235607
"DLL1-NOTCH1",0.978423076923077,0.596040157644225,0.602209130080503,0.00616897243627812
"DLL1-NOTCH2",0.980846153846154,0.543202132215939,0.546562739112031,0.00336060689609219
"DLL1-NOTCH3",0.966769230769231,0.430991435955136,0.450480326728553,0.0194888907734171
"DLL1-NOTCH4",0.839730769230769,0.203595718580846,0.261625777803671,0.0580300592228257
"DLL3-NOTCH1",0.920076923076923,0.567656759699812,0.571643005344727,0.0039862456449149
"DLL3-NOTCH2",0.920807692307692,0.554373067012747,0.558241636050678,0.00386856903793098
"DLL3-NOTCH3",0.887730769230769,0.48991947392649,0.497689530006814,0.00777005608032472
"DLL3-NOTCH4",0.754576923076923,0.215085377981743,0.339352625205104,0.124267247223361
"DLL4-NOTCH1",0.980846153846154,0.595103362343072,0.615499930467106,0.0203965681240345
"DLL4-NOTCH2",0.979538461538462,0.449413236076378,0.453741614993343,0.00432837891696519
"DLL4-NOTCH3",0.960115384615385,0.413536089123669,0.436939471960314,0.0234033828366451
"DLL4-NOTCH4",0.853769230769231,0.117726263372781,0.166123940197318,0.048397676824537
"DSCAM-DCC",0.780961538461538,0.828860221085019,0.873840241995355,0.0449800209103363
"DUSP18-CD151",0.913884615384615,0.405157940864363,0.446214923639719,0.0410569827753561
"DUSP18-ITGA1",0.883730769230769,0.343456422872964,0.370007186562554,0.0265507636895899
"DUSP18-ITGA2",0.805230769230769,0.13088250499333,0.193432897501049,0.0625503925077193
"DUSP18-ITGA3",0.762461538461539,0.139283942695109,0.228213241910856,0.0889292992157475
"DUSP18-ITGA6",0.931769230769231,0.484917073960576,0.518083287311298,0.0331662133507222
"DUSP18-ITGA7",0.6295,0.126954880645479,0.19888945101999,0.0719345703745114
"DUSP18-ITGB1",0.997153846153846,0.914880588916515,0.915673488467416,0.00079289955090045
"DUSP18-ITGB4",0.894384615384615,0.21740446461074,0.250405039213246,0.0330005746025054
"EBI3-IL6ST",0.971,0.509266341979086,0.515427205498557,0.00616086351947132
"ECM1-CACHD1",0.964692307692308,0.620811075611754,0.625238188047805,0.00442711243605076
"EDA-EDA2R",0.968038461538462,0.363983592638373,0.379251225476335,0.0152676328379621
"EDIL3-ITGAV",0.721615384615385,0.192344121282596,0.288647063813749,0.0963029425311529
"EDIL3-ITGB5",0.7605,0.201777399516908,0.251635050786495,0.0498576512695871
"EDN1-EDNRA",0.971884615384615,0.387377245396841,0.400369736492926,0.0129924910960855
"EDN1-EDNRB",0.985038461538462,0.546751856633089,0.551563799236195,0.0048119426031058
"EDN1-KEL",0.907230769230769,0.200730619068711,0.201874210626151,0.0011435915574394
"EDN3-EDNRA",0.938192307692308,0.552668001081215,0.581328140358763,0.0286601392775478
"EDN3-EDNRB",0.964115384615385,0.609634455919048,0.617642467899803,0.00800801198075496
"EDN3-KEL",0.704923076923077,0.12061362241589,0.121645592077376,0.00103196966148593
"EFEMP1-EGFR",0.791884615384615,0.448136777871059,0.515133731622589,0.0669969537515302
"EFEMP2-AQP1",0.625769230769231,0.464232084171284,0.639258944745883,0.175026860574599
"EFEMP2-LINGO1",0.860846153846154,0.34053742204593,0.428935140726126,0.0883977186801961
"EFEMP2-PLSCR4",0.969423076923077,0.551912387896023,0.576874947995374,0.0249625600993512
"EFNA1-EPHA1",0.990692307692308,0.712766477430025,0.716013112027476,0.00324663459745123
"EFNA1-EPHA3",0.741884615384615,0.326663526345554,0.396887367631505,0.0702238412859506
"EFNA1-EPHA4",0.706923076923077,0.341391455758236,0.371727036729919,0.0303355809716838
"EFNA1-EPHA5",0.553461538461538,0.0510718349873078,0.221038282728919,0.169966447741611
"EFNA1-EPHA6",0.743538461538461,0.0825971646637787,0.129444509417429,0.0468473447536504
"EFNA1-EPHA7",0.750807692307692,0.327733043006586,0.402390477252519,0.0746574342459325
"EFNA1-EPHA8",0.9485,0.275759218207624,0.279397065204744,0.00363784699711983
"EFNA1-EPHB1",0.625115384615385,0.0856624520704543,0.175701574878565,0.0900391228081105
"EFNA1-EPHB6",0.965423076923077,0.374700569748913,0.383719891322957,0.00901932157404395
"EFNA2-EPHA1",0.973192307692308,0.466713180695278,0.476109403608111,0.00939622291283398
"EFNA2-EPHA3",0.920615384615385,0.478846118778154,0.501910436140318,0.0230643173621638
"EFNA2-EPHA4",0.939538461538462,0.604207169873334,0.629090895022143,0.024883725148809
"EFNA2-EPHA5",0.767961538461538,0.43302249283155,0.486717747536469,0.0536952547049188
"EFNA2-EPHA6",0.600230769230769,0.243865217556719,0.32029194325733,0.0764267257006109
"EFNA2-EPHA7",0.935769230769231,0.569066939709538,0.591952458384404,0.0228855186748659
"EFNA2-EPHA8",0.905346153846154,0.222282831466654,0.266508705694491,0.0442258742278364
"EFNA3-EPHA1",0.921846153846154,0.276864718831173,0.285129519631845,0.0082648008006721
"EFNA3-EPHA3",0.892807692307692,0.670343949637393,0.680403011550805,0.0100590619134121
"EFNA3-EPHA4",0.980769230769231,0.985294339597207,0.98590528006804,0.000610940470832877
"EFNA3-EPHA5",0.9155,0.922424777282815,0.93309697790689,0.010672200624075
"EFNA3-EPHA6",0.799423076923077,0.78788494915691,0.82743767315066,0.0395527239937502
"EFNA3-EPHA7",0.924192307692308,0.83743741321641,0.847868892409496,0.0104314791930854
"EFNA3-EPHA8",0.871538461538462,0.267433318565024,0.39663648688885,0.129203168323826
"EFNA3-EPHB1",0.875576923076923,0.949673811837942,0.955514408671729,0.00584059683378702
"EFNA3-EPHB6",0.775076923076923,0.401521274404956,0.507692967095136,0.10617169269018
"EFNA4-EPHA1",0.981923076923077,0.637942320312547,0.645043275543907,0.00710095523136001
"EFNA4-EPHA3",0.897807692307692,0.577791747834926,0.602958423392501,0.0251666755575751
"EFNA4-EPHA4",0.895692307692308,0.497577873344674,0.512118580021444,0.0145407066767698
"EFNA4-EPHA5",0.663653846153846,0.313633347365197,0.335034119551045,0.0214007721858475
"EFNA4-EPHA6",0.555307692307692,0.048850089589293,0.151206121483925,0.102356031894632
"EFNA4-EPHA7",0.905846153846154,0.523862985670094,0.557217661472161,0.0333546758020673
"EFNA4-EPHA8",0.916461538461538,0.272639662460572,0.291254131971665,0.0186144695110937
"EFNA5-EPHA1",0.998692307692308,0.936952225915126,0.937061477261234,0.000109251346107397
"EFNA5-EPHA3",0.71,0.341284536436551,0.428714010790536,0.0874294743539843
"EFNA5-EPHA4",0.674769230769231,0.347550072055207,0.452384829268967,0.10483475721376
"EFNA5-EPHA5",0.814615384615385,0.329212927921647,0.380715168356557,0.0515022404349107
"EFNA5-EPHA6",0.921576923076923,0.373867333874705,0.395473066762648,0.0216057328879428
"EFNA5-EPHA7",0.710807692307692,0.40193374647994,0.48996100051346,0.0880272540335206
"EFNA5-EPHA8",0.985,0.594317464665377,0.597903912020223,0.00358644735484559
"EFNA5-EPHB1",0.846076923076923,0.466373904573355,0.49502126094698,0.0286473563736254
"EFNA5-EPHB2",0.804576923076923,0.480944152006986,0.529501024503673,0.0485568724966872
"EFNA5-EPHB6",0.992807692307692,0.6656907869559,0.668274578684121,0.00258379172822021
"EFNB1-EPHA4",0.568192307692308,0.260867599800601,0.352490112353075,0.0916225125524742
"EFNB1-EPHA6",0.816423076923077,0.160172310690713,0.187599048860434,0.0274267381697209
"EFNB1-EPHB1",0.720423076923077,0.181893205707545,0.252498835477027,0.0706056297694812
"EFNB1-EPHB2",0.535769230769231,0.21157894819511,0.36195336534523,0.15037441715012
"EFNB1-EPHB3",0.606192307692308,0.288663801900449,0.426698416519308,0.138034614618859
"EFNB1-EPHB4",0.557884615384615,0.461336061533966,0.579705496635736,0.118369435101771
"EFNB1-EPHB6",0.979115384615385,0.456463752390157,0.463975702543187,0.00751195015302991
"EFNB1-ERBB2",0.700384615384615,0.344011270326039,0.444377835731453,0.100366565405414
"EFNB2-EPHA3",0.550692307692308,0.349201807411929,0.486547963622799,0.13734615621087
"EFNB2-EPHA4",0.563461538461538,0.427649045828347,0.540328033654093,0.112678987825746
"EFNB2-EPHA6",0.835423076923077,0.21546126546064,0.263376831688099,0.0479155662274589
"EFNB2-EPHB1",0.728461538461538,0.260098656383538,0.357079185066991,0.0969805286834533
"EFNB2-EPHB2",0.580461538461538,0.23407207521656,0.415333025414369,0.181260950197809
"EFNB2-EPHB3",0.6275,0.216432627023565,0.386046627790163,0.169614000766598
"EFNB2-EPHB4",0.565307692307692,0.420946013190575,0.563856484763533,0.142910471572958
"EFNB2-EPHB6",0.983307692307692,0.513145650467513,0.524884240946302,0.0117385904787897
"EFNB2-GRM1",0.950230769230769,0.502631972514701,0.51368178547511,0.0110498129604093
"EFNB2-GRM5",0.817115384615385,0.288627362939978,0.367467529956886,0.0788401670169077
"EFNB2-PECAM1",0.534692307692308,0.304578436140898,0.49990737728527,0.195328941144372
"EFNB3-EPHA4",0.7545,0.458966914306813,0.567025736092351,0.108058821785538
"EFNB3-EPHB1",0.6035,0.320617745591746,0.498637089668469,0.178019344076723
"EFNB3-EPHB2",0.654423076923077,0.281088970194877,0.434530927238622,0.153441957043745
"EFNB3-EPHB3",0.599769230769231,0.173835149183489,0.294247660677149,0.12041251149366
"EFNB3-EPHB4",0.642115384615385,0.143807321590124,0.342721471841426,0.198914150251301
"EFNB3-EPHB6",0.974653846153846,0.540194419009532,0.56197828497535,0.0217838659658177
"EGF-CAV1",0.996576923076923,0.764333302694117,0.765434480039175,0.00110117734505799
"EGF-EGFR",0.984192307692308,0.463219050878379,0.470876234847368,0.00765718396898885
"EGF-ERBB2",0.980230769230769,0.415358013426572,0.4244628378913,0.00910482446472849
"EGF-ERBB3",0.961653846153846,0.32905861329776,0.369074500428837,0.040015887131077
"EGF-ERBB4",0.985346153846154,0.670438196319678,0.67451241492146,0.00407421860178114
"EGF-FSHR",0.865769230769231,0.107755963264057,0.626681517671157,0.5189255544071
"EPO-EPOR",0.979884615384615,0.99904403018484,0.999048719002778,4.68881793791454e-06
"F10-F3",0.508692307692308,0.0265699870243829,0.0289114160289627,0.00234142900457984
"F10-ITGAM",0.778384615384615,0.116117759325824,0.147235748299767,0.0311179889739432
"F10-ITGB2",0.870961538461538,0.295488154355353,0.37350038051238,0.0780122261570272
"F11-GP1BA",0.648346153846154,0.232631730106894,0.466475881802864,0.23384415169597
"F12-CD93",0.878807692307692,0.658770251450456,0.662850417881987,0.00408016643153086
"F12-GP1BA",0.897,0.455096406143402,0.508790863264891,0.0536944571214886
"F13A1-ITGA4",0.726076923076923,0.234097320362687,0.295227989123075,0.0611306687603884
"F13A1-ITGA9",0.900346153846154,0.399777177600168,0.450831413370253,0.0510542357700851
"F13A1-ITGB1",0.979961538461538,0.711657347154612,0.725083281557914,0.0134259344033025
"F2-F2R",0.748192307692308,0.159225798223816,0.210898715536414,0.0516729173125984
"F2-F2RL1",0.985961538461538,0.995325534528474,0.995325556102868,2.15743937159729e-08
"F2-F2RL3",0.990615384615385,0.64014240110654,0.643466361767137,0.00332396066059704
"F2-GP1BA",0.989115384615385,0.820509061577565,0.82424442228775,0.00373536071018432
"F2-GP1BB",0.819269230769231,0.405836816240192,0.408214385198731,0.00237756895853958
"F2-GP9",0.972884615384615,0.42161950519539,0.448154294279221,0.0265347890838312
"F2-ITGA2B",0.737615384615385,0.503901563148128,0.563594812390446,0.0596932492423179
"F2-THBD",0.551769230769231,0.00463424896562797,0.0392919328801514,0.0346576839145235
"F7-F3",0.807576923076923,0.431880395197073,0.43467937228966,0.00279897709258714
"F8-LDLR",0.973923076923077,0.4168447358634,0.428809418997589,0.011964683134189
"F8-LRP1",0.998769230769231,0.766874302462172,0.76988098815959,0.00300668569741769
"FARP2-PLXNA1",0.555384615384615,0.33564105051938,0.478521887244831,0.142880836725451
"FARP2-PLXNA2",0.542884615384615,0.368589721979239,0.492086275735151,0.123496553755913
"FARP2-PLXNA3",0.836769230769231,0.403941511038405,0.461637083274413,0.0576955722360073
"FARP2-PLXNA4",0.674576923076923,0.241088440677545,0.342539621192766,0.101451180515221
"FAT4-DCHS1",0.649576923076923,0.338459540099565,0.487123310861487,0.148663770761921
"FBLN1-ITGB1",0.931846153846154,0.902710772261334,0.916693406207395,0.0139826339460606
"FBLN2-ITGB3",0.968384615384615,0.456922163990743,0.469880449052623,0.0129582850618797
"FBN1-ITGA5",0.988538461538462,0.90052538457585,0.903509573057341,0.00298418848149107
"FBN1-ITGAV",0.906307692307692,0.808572029938712,0.82931823414336,0.0207462042046481
"FBN1-ITGB1",0.754307692307692,0.665854427846086,0.803177656201808,0.137323228355722
"FBN1-ITGB3",0.984423076923077,0.544143081453731,0.557423101614863,0.0132800201611316
"FBN1-ITGB6",0.996384615384615,0.737577926108146,0.738908536859921,0.00133061075177443
"FGA-CDH5",0.634230769230769,0.0292375384751067,0.162388309917714,0.133150771442607
"FGA-ITGA2B",0.871653846153846,0.71620243738496,0.733242341825907,0.0170399044409464
"FGA-ITGA5",0.724576923076923,0.309624322414916,0.310467045503732,0.000842723088815889
"FGA-ITGAD",1,1,1,0
"FGA-ITGAM",0.984192307692308,0.327320390914845,0.329696004824269,0.00237561390942437
"FGA-ITGAV",0.630923076923077,0.0385815322008541,0.12575275064691,0.087171218446056
"FGA-ITGB1",0.822115384615385,0.482867162320874,0.505083185937905,0.0222160236170311
"FGA-ITGB2",0.992230769230769,0.771283216492714,0.774567019149414,0.00328380265670025
"FGA-ITGB3",0.933653846153846,0.509608436310809,0.528624700934727,0.0190162646239178
"FGA-PLAUR",0.986923076923077,0.522525893952022,0.528955892270112,0.00642999831808999
"FGB-ITGA2B",0.796769230769231,0.692991611296734,0.715236808076421,0.0222451967796869
"FGB-ITGA5",0.597730769230769,0.204139599469735,0.204716097907834,0.000576498438098705
"FGB-ITGAM",0.974807692307692,0.306812420307624,0.30907253759027,0.0022601172826463
"FGB-ITGAV",0.697384615384615,0.0547411103593792,0.0907230575214256,0.0359819471620464
"FGB-ITGB1",0.847307692307692,0.486884388463542,0.490584558845219,0.00370017038167764
"FGB-ITGB2",0.984769230769231,0.70332263648601,0.71182009188487,0.00849745539886038
"FGF10-FGFR1",0.928423076923077,0.578242035118594,0.60903663405769,0.0307945989390959
"FGF10-FGFR2",0.999884615384615,0.997129101304208,0.997136323566869,7.22226266047787e-06
"FGF10-FGFR3",0.733115384615385,0.194786485707062,0.251688415696076,0.0569019299890141
"FGF10-FGFR4",0.655076923076923,0.221015477676544,0.300086481671476,0.0790710039949329
"FGF11-FGFR1",0.982038461538462,0.660987556936301,0.666868257380981,0.00588070044467948
"FGF11-FGFR2",1,1,1,0
"FGF11-FGFR3",0.896576923076923,0.447237392917113,0.482362438765992,0.0351250458488791
"FGF11-FGFR4",0.556,0.155169853620569,0.326490973108573,0.171321119488004
"FGF12-FGFR1",0.842,0.2985448858247,0.348925408396622,0.0503805225719228
"FGF12-FGFR2",0.997423076923077,0.972742289195487,0.972840469302885,9.81801073977051e-05
"FGF12-FGFR3",0.578307692307692,0.240718361429466,0.458760982039588,0.218042620610122
"FGF12-FGFR4",0.726461538461538,0.273996095879947,0.277145677365702,0.00314958148575528
"FGF13-EGFR",0.641,0.218708457164672,0.254493617290997,0.0357851601263244
"FGF13-FGFR1",0.620076923076923,0.1931868047783,0.346349085011875,0.153162280233575
"FGF13-FGFR2",0.986076923076923,0.879755254766698,0.882851724836762,0.00309647007006308
"FGF13-FGFR3",0.752076923076923,0.413517777512919,0.447549053549077,0.0340312760361589
"FGF13-FGFR4",0.923269230769231,0.784854829886784,0.796106801959423,0.0112519720726397
"FGF13-SCN5A",0.990615384615385,0.9627767493605,0.962971489397538,0.000194740037037677
"FGF13-SCN8A",0.934923076923077,0.840568058545519,0.848717547238336,0.00814948869281662
"FGF14-FGFR1",0.7885,0.233446813624189,0.328413930575976,0.094967116951787
"FGF14-FGFR2",0.988423076923077,0.913504808451307,0.914392472097324,0.000887663646016779
"FGF14-FGFR3",0.504230769230769,0.329332169411907,0.450492628761694,0.121160459349787
"FGF14-FGFR4",0.773961538461538,0.237316051126719,0.245876597214928,0.00856054608820878
"FGF18-FGFR1",0.993769230769231,0.84226456474877,0.84751900807161,0.00525444332283975
"FGF18-FGFR2",1,1,1,0
"FGF18-FGFR3",0.932307692307692,0.361120027099624,0.372081811279229,0.0109617841796054
"FGF18-FGFR4",0.616384615384615,0.208650245234652,0.269003743424575,0.0603534981899224
"FGF2-CD44",1,1,1,0
"FGF2-FGFR1",0.946076923076923,0.657031552320119,0.680968014843036,0.0239364625229176
"FGF2-FGFR2",1,1,1,0
"FGF2-FGFR3",0.521346153846154,0.199862943183784,0.295749445381755,0.0958865021979703
"FGF2-FGFR4",0.803923076923077,0.27492282987762,0.336693463235881,0.0617706333582611
"FGF2-FGFRL1",0.859730769230769,0.488866774713533,0.527639267661985,0.038772492948452
"FGF2-GPC4",0.701730769230769,0.23519785290083,0.322601429683193,0.0874035767823631
"FGF2-NRP1",0.880692307692308,0.491418299855283,0.523089134672875,0.0316708348175921
"FGF2-SDC1",0.796269230769231,0.409454965078707,0.469756537530441,0.0603015724517334
"FGF2-SDC2",0.881,0.509764458260168,0.538831113799018,0.0290666555388492
"FGF2-SDC3",0.944653846153846,0.577143854815581,0.594497245966745,0.017353391151165
"FGF2-SDC4",0.6485,0.229070026495137,0.301072013893173,0.0720019873980363
"FGF6-FGFR1",0.996153846153846,0.650862557769773,0.655048444231264,0.00418588646149087
"FGF6-FGFR2",1,1,1,0
"FGF6-FGFR3",0.952730769230769,0.276894958782159,0.277272791141564,0.000377832359404529
"FGF6-FGFR4",0.910461538461538,0.541400087441207,0.60302171445865,0.0616216270174439
"FGF6-SDC4",0.971,0.353468146252316,0.354837079370253,0.00136893311793684
"FGF7-FGFR1",0.987576923076923,0.740318400291086,0.746161322150798,0.00584292185971169
"FGF7-FGFR2",1,1,1,0
"FGF7-FGFR3",0.867923076923077,0.239291012484204,0.242033438733778,0.00274242624957427
"FGF7-FGFR4",0.584230769230769,0.291841154588947,0.442402164861537,0.15056101027259
"FGF7-NRP1",0.972884615384615,0.576909163894073,0.585373968296336,0.00846480440226249
"FGF9-FGFR1",0.954423076923077,0.553228118766729,0.560547019334954,0.00731890056822504
"FGF9-FGFR2",1,1,1,2.22044604925031e-16
"FGF9-FGFR3",0.812615384615385,0.346341718726595,0.40111286348497,0.0547711447583747
"FGF9-FGFR4",0.643884615384615,0.227207951315894,0.324675688535217,0.0974677372193231
"FGG-ITGA2B",0.878115384615385,0.709061914130415,0.72762793504624,0.0185660209158248
"FGG-ITGA5",0.724384615384615,0.274942569323877,0.281138969309952,0.00619639998607502
"FGG-ITGAV",0.674115384615385,0.0279501032771198,0.0821916689961443,0.0542415657190245
"FGG-ITGB1",0.850038461538462,0.497605460633529,0.503141040467393,0.00553557983386443
"FGG-ITGB2",0.992461538461539,0.839180282888323,0.842042753961792,0.00286247107346937
"FGL1-EGFR",0.9865,0.333151722334155,0.333185942034679,3.42197005245848e-05
"FN1-C5AR1",1,1,1,2.22044604925031e-16
"FN1-CD44",0.999692307692308,0.999432229573003,0.999432848634436,6.19061432893808e-07
"FN1-COL13A1",0.997230769230769,0.947505339308989,0.947972766137219,0.000467426828230089
"FN1-FLT4",0.999192307692308,0.98683206693448,0.98685783684334,2.57699088591634e-05
"FN1-IL17RC",0.998846153846154,0.973951119570722,0.974034204135463,8.30845647405987e-05
"FN1-ITGA2",0.997884615384615,0.865746865048618,0.866624153726248,0.000877288677630594
"FN1-ITGA2B",0.994423076923077,0.738782978863391,0.738836987324182,5.40084607912883e-05
"FN1-ITGA3",0.995576923076923,0.791231605135533,0.791643791693132,0.000412186557598448
"FN1-ITGA4",0.962038461538462,0.818144265313248,0.82287556220805,0.00473129689480201
"FN1-ITGA5",0.998307692307692,0.969573740887362,0.969850758484243,0.00027701759688159
"FN1-ITGA6",0.983538461538462,0.918022980081681,0.919148363594656,0.0011253835129752
"FN1-ITGA8",0.991884615384615,0.874678027109814,0.876211069843054,0.0015330427332394
"FN1-ITGA9",0.957846153846154,0.87421050914895,0.879675685118655,0.00546517596970464
"FN1-ITGAV",0.982115384615385,0.909603949078479,0.912474211308071,0.00287026222959219
"FN1-ITGB1",0.673807692307692,0.755733425160404,0.826166936699633,0.0704335115392291
"FN1-ITGB3",0.997615384615385,0.824600905641953,0.825311782024568,0.000710876382615355
"FN1-ITGB6",0.999153846153846,0.953884300415277,0.953938956834561,5.46564192833721e-05
"FN1-ITGB8",0.988038461538462,0.820468718341697,0.822708763366329,0.00224004502463193
"FN1-MAG",0.999269230769231,0.838053221477538,0.838073941072145,2.07195946070327e-05
"FN1-NT5E",0.999038461538462,0.920799188294054,0.921078750512961,0.000279562218906904
"FN1-PLAUR",0.999923076923077,0.949023490914804,0.949203083628327,0.000179592713522747
"FN1-ROBO4",0.998807692307692,0.940258462340225,0.94047012174919,0.000211659408965392
"FN1-SDC2",0.958653846153846,0.859849720653972,0.869329637322914,0.00947991666894266
"FN1-TMPRSS6",1,1,1,0
"FN1-TNFRSF11B",0.999846153846154,0.984069838485818,0.984093248544428,2.34100586106178e-05
"FST-BMPR1B",0.809423076923077,0.398288379495592,0.467278887284454,0.0689905077888617
"FST-BMPR2",0.967038461538462,0.652160779054211,0.665352914856712,0.0131921358025013
"FST-HFE2",0.763423076923077,0.46283704761576,0.558915396295052,0.096078348679292
"GAD1-GRM4",0.992230769230769,0.994613428123086,0.994682947465554,6.95193424675722e-05
"GAS6-AXL",0.645923076923077,0.338806246301583,0.493846104159306,0.155039857857724
"GAS6-MERTK",0.741384615384615,0.320776427047165,0.395740428130277,0.0749640010831117
"GAS6-TYRO3",0.907384615384615,0.442635843970535,0.463525157474507,0.0208893135039723
"GDF10-ACVR1B",0.765461538461538,0.28105300306418,0.308206257999512,0.0271532549353321
"GDF11-ACVR1B",0.785076923076923,0.223323839575032,0.308543948680162,0.0852201091051295
"GDF11-ACVR2A",0.952846153846154,0.539425923531992,0.555978100433966,0.0165521769019743
"GDF11-ACVR2B",0.748769230769231,0.117112689985646,0.221040843959691,0.103928153974045
"GDF5-ACVR1",0.972538461538462,0.385227467926926,0.399227380078131,0.013999912151205
"GDF5-ACVR2A",0.976615384615385,0.370695491380051,0.373475903523822,0.00278041214377117
"GDF5-ACVR2B",0.859115384615385,0.125736905237119,0.146273881681562,0.020536976444443
"GDF5-BMPR1A",0.993576923076923,0.731361838720112,0.73374220752626,0.00238036880614856
"GDF5-BMPR1B",0.959730769230769,0.399238508601454,0.429642129162598,0.0304036205611447
"GDF5-BMPR2",0.992423076923077,0.608366767512498,0.613266512618459,0.00489974510596181
"GDF5-ROR2",0.967653846153846,0.418034646860716,0.438793219338483,0.0207585724777662
"GDF6-BMPR1A",1,1,1,0
"GDF6-BMPR1B",0.998692307692308,0.940317059802415,0.940453215399898,0.000136155597482701
"GDF6-BMPR2",1,1,1,0
"GDF9-ACVR2A",1,1,1,0
"GDF9-BMPR1A",1,1,1,0
"GDF9-BMPR1B",1,1,1,0
"GDF9-BMPR2",1,1,1,0
"GDF9-FXYD6",1,1,1,0
"GDF9-ORAI2",1,1,1,0
"GDF9-TGFBR1",1,1,1,0
"GNAI2-ADCY1",0.979538461538462,0.824553737903821,0.82774987654981,0.00319613864598878
"GNAI2-ADCY7",0.998615384615385,0.913050871296959,0.91372753746126,0.000676666164300399
"GNAI2-ADCY8",0.994076923076923,0.943499580506776,0.943522220737449,2.26402306726659e-05
"GNAI2-ADCY9",0.853846153846154,0.690486136868022,0.782588535419818,0.0921023985517967
"GNAI2-ADORA1",0.995076923076923,0.97897663699662,0.979137051664257,0.000160414667636943
"GNAI2-ADRA2A",0.999307692307692,0.968827071835995,0.968970628534905,0.000143556698910641
"GNAI2-AGTR2",0.890923076923077,0.786637597243046,0.813699788610933,0.0270621913678871
"GNAI2-C5AR1",1,1,1,2.22044604925031e-16
"GNAI2-CAV1",0.876538461538461,0.774748862898393,0.823414615973552,0.0486657530751591
"GNAI2-CNR1",0.947961538461538,0.71468381629418,0.71828208749148,0.00359827119729927
"GNAI2-EDNRA",0.978576923076923,0.867072230214532,0.873540758906109,0.00646852869157744
"GNAI2-EDNRB",0.959884615384615,0.598426909025426,0.626536777714358,0.0281098686889317
"GNAI2-EGFR",0.981038461538462,0.834846876121825,0.843348050166494,0.00850117404466966
"GNAI2-F2R",0.982423076923077,0.850587976519953,0.857732764121779,0.00714478760182613
"GNAI2-IGF1R",0.901615384615385,0.703126943542768,0.750687926024362,0.0475609824815942
"GNAI2-LPAR3",1,1,1,0
"GNAI2-OPRM1",0.997153846153846,0.938448678717685,0.938450133912687,1.45519500183156e-06
"GNAI2-P2RY12",0.999730769230769,0.966893997934244,0.967010652518873,0.000116654584628617
"GNAI2-PTPRU",0.998307692307692,0.704884326331623,0.709633467459815,0.00474914112819225
"GNAI2-S1PR1",0.997807692307692,0.932636404852741,0.933649457094993,0.00101305224225212
"GNAI2-S1PR3",0.976,0.878597431052488,0.887318481913661,0.00872105086117292
"GNAI2-TBXA2R",0.999384615384615,0.953870666093004,0.954087165523513,0.000216499430509054
"GNAI2-UNC5B",0.997807692307692,0.926637444612906,0.92739953593446,0.000762091321554137
"GNAS-ADCY1",0.999961538461538,0.999548696792309,0.999549294692036,5.97899726950679e-07
"GNAS-ADCY7",0.999961538461538,0.997698185400382,0.997699682138535,1.49673815219575e-06
"GNAS-ADCY8",1,1,1,0
"GNAS-ADCY9",1,1,1,0
"GNAS-ADORA1",1,1,1,2.22044604925031e-16
"GNAS-GCGR",1,1,1,0
"GNAS-PTGIR",1,1,1,0
"GNAS-VIPR1",1,1,1,0
"GPC3-CD81",0.538538461538462,0.598732467632538,0.780979938602437,0.1822474709699
"GPC3-IGF1R",0.824730769230769,0.670864027212521,0.738482406796957,0.0676183795844355
"GREM1-KDR",0.973769230769231,0.490495150481475,0.497506521116994,0.00701137063551932
"GRP-NMBR",0.864807692307692,0.146624463827203,0.479548429957189,0.332923966129986
"GSTP1-TRAF2",0.946576923076923,0.673270969459893,0.693844272589733,0.0205733031298397
"HAS2-CD44",1,1,1,2.22044604925031e-16
"HAS2-HMMR",0.935692307692308,0.420424305301626,0.439401309967511,0.0189770046658853
"HBEGF-CD44",1,1,1,0
"HBEGF-CD82",0.844846153846154,0.186753405539137,0.220720033369484,0.0339666278303472
"HBEGF-CD9",0.947192307692308,0.438765936374922,0.453369079751741,0.014603143376819
"HBEGF-EGFR",0.908384615384615,0.321770959024378,0.348138677623328,0.0263677185989499
"HBEGF-ERBB2",0.890615384615385,0.289314844803388,0.320340369681444,0.0310255248780559
"HBEGF-ERBB4",0.926961538461539,0.538225439053943,0.555229883860755,0.0170044448068121
"HBEGF-PRLR",0.890884615384615,0.0949653668516537,0.148581896941079,0.0536165300894249
"HGF-CD44",1,1,1,0
"HGF-MET",0.953961538461538,0.158913637394825,0.176230682404936,0.0173170450101109
"HGF-SDC1",0.988961538461538,0.354517853773759,0.370364260658925,0.0158464068851666
"HGF-SDC2",0.9935,0.501444374216339,0.507848754724027,0.00640438050768755
"HGF-ST14",0.7365,0.0783780704366455,0.187726437861635,0.109348367424989
"HMGB1-SDC1",0.983115384615385,0.901776554354457,0.90491500886222,0.00313845450776362
"HMGB1-THBD",0.989346153846154,0.900412371816184,0.904469363507721,0.00405699169153684
"HP-ASGR1",0.764230769230769,0.109853926390039,0.11194606176333,0.00209213537329146
"HP-ITGAM",0.579692307692308,0.112921164422723,0.159219508074776,0.0462983436520532
"HP-ITGB2",0.7215,0.345589126997592,0.442565375907613,0.0969762489100209
"HRAS-CAV1",0.766076923076923,0.536248675477373,0.577069927493838,0.0408212520164645
"HRAS-GRIN2D",0.997423076923077,0.96863938684955,0.969248701963394,0.000609315113843767
"HRAS-INSR",0.983076923076923,0.872731165676238,0.876516139639355,0.00378497396311761
"HRAS-SDC2",0.901076923076923,0.637844807307331,0.653742228450833,0.0158974211435017
"HRAS-TLR2",0.999269230769231,0.890011979035171,0.890108333441522,9.63544063502519e-05
"HSP90AA1-CFTR",0.999769230769231,0.993020870627732,0.993092807959468,7.19373317362715e-05
"HSP90AA1-EGFR",0.984461538461538,0.841703690772501,0.842267612386015,0.00056392161351404
"HSP90AA1-FGFR3",0.991153846153846,0.937301736675298,0.93890874976694,0.00160701309164146
"HSP90B1-ASGR1",0.999961538461538,0.996652390919002,0.996654873059924,2.4821409218001e-06
"HSP90B1-ERBB2",0.997884615384615,0.929624729100165,0.930764580106542,0.00113985100637659
"HSP90B1-LRP1",0.978961538461538,0.963445869877761,0.965558320991161,0.0021124511134003
"HSP90B1-TLR1",1,1,1,0
"HSP90B1-TLR2",0.999884615384615,0.974080228288771,0.974109815525905,2.95872371335326e-05
"HSP90B1-TLR4",0.999923076923077,0.999456335751901,0.999456756510248,4.20758346941774e-07
"HSPA1A-GRIN2D",0.940846153846154,0.376275013361373,0.407443063150626,0.0311680497892525
"HSPA1A-TLR4",0.852730769230769,0.145984442199745,0.195516375658375,0.0495319334586299
"HSPG2-CHRM3",0.934961538461538,0.417285434537137,0.442338315873301,0.0250528813361638
"HSPG2-COL13A1",0.972692307692308,0.656160079929217,0.668472923933524,0.012312844004307
"HSPG2-ITGA2",0.985230769230769,0.6423554584321,0.655009340832311,0.0126538824002109
"HSPG2-ITGB1",0.936615384615385,0.924067040525144,0.934206038366783,0.0101389978416389
"HSPG2-PTPRS",0.839115384615385,0.792501073812543,0.815438142557992,0.0229370687454494
"HSPG2-SDC1",0.839923076923077,0.587917642755646,0.669145815874171,0.081228173118525
"IBSP-ITGAV",0.5015,0.577187529998195,0.684566679717023,0.107379149718828
"ICAM1-CAV1",0.981115384615385,0.719819711118973,0.727878204716964,0.00805849359799127
"ICAM1-EGFR",0.915230769230769,0.496148684957699,0.517062709781561,0.0209140248238619
"ICAM1-IL2RA",0.858923076923077,0.290489050530934,0.416142986801762,0.125653936270828
"ICAM1-IL2RG",0.901,0.254858134286951,0.325970135307935,0.071112001020984
"ICAM1-ITGAL",0.835692307692308,0.194354867607574,0.249861552164789,0.0555066845572153
"ICAM1-ITGAM",0.918269230769231,0.0942763623462532,0.106019618503573,0.0117432561573198
"ICAM1-ITGB2",0.962846153846154,0.6565407159161,0.668787417505153,0.0122467015890532
"ICAM2-ITGAL",0.9275,0.445196091472711,0.466862869240937,0.0216667777682264
"ICAM2-ITGAM",0.966192307692308,0.55794375062163,0.568534570737597,0.0105908201159669
"ICAM2-ITGB2",0.984346153846154,0.90815127308209,0.908666675016584,0.000515401934494064
"ICAM5-ITGAL",0.880576923076923,0.498017257585374,0.498497874984072,0.000480617398698036
"ICAM5-ITGB2",0.818230769230769,0.314757983313775,0.324072224812911,0.00931424149913607
"IGF1-IGF1R",0.612153846153846,0.498408844344189,0.591866112600486,0.0934572682562976
"IGF1-INSR",0.903307692307692,0.662702704045883,0.674973193313235,0.0122704892673525
"IGF2-IGF1R",0.995307692307692,0.98830866438664,0.988545456191702,0.000236791805061753
"IGF2-IGF2R",0.998076923076923,0.998737261076637,0.998747401095744,1.0140019106597e-05
"IGF2-INSR",0.999576923076923,0.980095599573662,0.980164834521235,6.92349475734932e-05
"IGFBP4-FZD8",0.999576923076923,0.992558400912731,0.99260275834281,4.43574300792449e-05
"IGFBP4-LRP6",0.980461538461538,0.941457179631076,0.945213928860435,0.00375674922935887
"IL10-IL10RB",0.957384615384615,0.622485950161085,0.637972439374958,0.0154864892138723
"IL15-IL15RA",0.731115384615385,0.109873602594319,0.167379997736435,0.0575063951421159
"IL15-IL2RA",0.777961538461538,0.108890615838027,0.232797631882336,0.123907016044309
"IL15-IL2RG",0.670807692307692,0.109607759309152,0.182203774365727,0.072596015056575
"IL16-GRIN2D",0.518692307692308,0.108145197783938,0.176300980609465,0.0681557828255264
"IL16-KCND1",0.933884615384615,0.160793203999725,0.168109558142668,0.00731635414294352
"IL16-KCND2",0.897230769230769,0.437728955012324,0.440957223601651,0.00322826858932623
"IL16-KCNJ10",0.830307692307692,0.204265917800371,0.214565710575977,0.0102997927756058
"IL16-KCNJ15",0.954423076923077,0.349987485840759,0.380465264312839,0.0304777784720799
"IL17B-IL17RB",0.957961538461538,0.319040251746333,0.319308157920147,0.000267906173813559
"IL18-CD48",0.900807692307692,0.163355023253251,0.177426075886798,0.014071052633547
"IL18-IL1RAPL1",0.889769230769231,0.427815986484299,0.457280771497201,0.0294647850129019
"IL18-IL1RL2",0.861769230769231,0.140093708943639,0.16162078637695,0.0215270774333109
"IL1A-IL1R1",0.981615384615385,0.430353986476218,0.430865203799681,0.000511217323463209
"IL1A-IL1R2",0.650730769230769,0.0686128442723653,0.0919987822730333,0.023385938000668
"IL1A-IL1RAP",0.992038461538462,0.507922010770133,0.511047042926346,0.00312503215621274
"IL1RN-IL1R1",0.874423076923077,0.662077586370386,0.665493597313065,0.00341601094267807
"IL1RN-IL1R2",0.801653846153846,0.109564601077515,0.112139239022397,0.00257463794488234
"IL1RN-IL1RL2",0.803384615384615,0.21254725809956,0.232422042250265,0.0198747841507053
"IL2-CD53",0.9435,0.429675946597805,0.444703641652252,0.015027695054447
"IL2-IL2RA",0.957807692307692,0.489421422204746,0.490787942983776,0.0013665207790291
"IL2-IL2RG",0.985538461538462,0.579192606990713,0.584108865074315,0.00491625808360174
"IL2-NGFR",0.916730769230769,0.707370362932768,0.737046085264806,0.0296757223320383
"IL34-CSF1R",1,1,1,0
"IL4-CD53",0.836538461538462,0.184470558667229,0.194639028764521,0.0101684700972917
"IL4-IL13RA1",0.695153846153846,0.20981671472786,0.28156464117775,0.0717479264498897
"IL4-IL2RG",0.947538461538462,0.300219061075289,0.303942510739001,0.00372344966371174
"IL7-IL2RG",0.824346153846154,0.330974476245967,0.578328133828644,0.247353657582678
"IL7-IL7R",0.903269230769231,0.996173006145706,0.996216523220211,4.35170745053393e-05
"INHA-ACVR1",0.876653846153846,0.342968420002408,0.390751195159753,0.047782775157345
"INHA-ACVR1B",0.623461538461539,0.196786821162661,0.34499882344635,0.148212002283689
"INHA-ACVR2A",0.932961538461539,0.474776521701987,0.510996656084625,0.0362201343826378
"INHA-ACVR2B",0.808730769230769,0.169426835294235,0.240898234911996,0.0714713996177609
"INHA-TGFBR3",0.884230769230769,0.305266864290059,0.340302941794069,0.0350360775040096
"INHBA-ACVR1",0.911269230769231,0.44594592234509,0.482883423318374,0.0369375009732836
"INHBA-ACVR1B",0.793653846153846,0.198025066031939,0.269612987825468,0.0715879217935293
"INHBA-ACVR2A",0.927038461538462,0.488366444052307,0.497116972580629,0.00875052852832181
"INHBA-ACVR2B",0.629692307692308,0.0987339661905715,0.177546910332359,0.0788129441417874
"INHBA-BAMBI",0.876,0.336866445498864,0.401373683909267,0.0645072384104027
"INHBA-ENG",0.894538461538462,0.3435265762645,0.38394252358198,0.0404159473174803
"INHBA-TGFBR3",0.915307692307692,0.38318789443064,0.404542489262875,0.021354594832235
"INHBB-ACVR1",0.996576923076923,0.60032941835157,0.601801300823798,0.00147188247222774
"INHBB-ACVR1B",0.993307692307692,0.774539747188006,0.778583674501632,0.00404392731362535
"INHBB-ACVR1C",0.748,0.133025712056132,0.407188107863868,0.274162395807737
"INHBB-ACVR2A",0.999653846153846,0.938344102544366,0.938911062383183,0.000566959838816938
"INHBB-ACVR2B",0.977730769230769,0.442248588410676,0.449846386146497,0.00759779773582148
"ITGB3BP-ITGB3",0.939423076923077,0.321741118930786,0.336671726056602,0.0149306071258154
"ITGB3BP-ITGB5",0.690076923076923,0.371096505304832,0.486705477147875,0.115608971843043
"JAG1-NOTCH1",0.864961538461538,0.470752630539109,0.518689230241259,0.0479365997021502
"JAG1-NOTCH2",0.890346153846154,0.462869496716823,0.492831603807557,0.0299621070907339
"JAG1-NOTCH3",0.731730769230769,0.406118607397823,0.507820098618723,0.1017014912209
"JAG1-NOTCH4",0.8715,0.403094947443313,0.452918607086317,0.0498236596430038
"JAG2-NOTCH1",0.791384615384615,0.484436297441325,0.565423452594704,0.0809871551533792
"JAG2-NOTCH2",0.814615384615385,0.448868355384726,0.488839341639284,0.0399709862545575
"JAG2-NOTCH3",0.583769230769231,0.285846922741978,0.39984556120666,0.113998638464681
"JAG2-NOTCH4",0.914576923076923,0.435576530945047,0.458046279518548,0.0224697485735008
"KNG1-BDKRB2",0.994115384615385,0.77621434564008,0.779583181012877,0.0033688353727972
"KNG1-CD93",0.682076923076923,0.0177999746267238,0.0935778288996241,0.0757778542729003
"KNG1-GP1BA",0.994115384615385,0.917584410319884,0.91851801558144,0.000933605261556392
"KNG1-GPR135",0.985192307692308,0.408084064737619,0.423716687858058,0.0156326231204394
"KNG1-ITGAM",0.9795,0.282983876792313,0.28633125992482,0.00334738313250732
"KNG1-ITGB2",0.991653846153846,0.763454908871374,0.766287987992797,0.00283307912142339
"KNG1-PLAUR",0.981346153846154,0.428294571836611,0.442460273640581,0.0141657018039708
"KNG1-SDC2",0.718538461538462,0.0543161038483854,0.0895325574480972,0.0352164535997118
"L1CAM-CNTN1",0.713307692307692,0.921107580732857,0.945222950166704,0.0241153694338471
"L1CAM-EGFR",0.8245,0.26821914770662,0.29841939866292,0.0302002509563002
"L1CAM-EPHB2",0.860615384615385,0.618286841740972,0.681243945143002,0.0629571034020298
"L1CAM-ERBB2",0.789423076923077,0.290143914826551,0.329002929102929,0.0388590142763773
"L1CAM-ERBB3",0.584038461538462,0.127116851884744,0.211969154439873,0.0848523025551289
"L1CAM-FGFR2",1,1,1,0
"L1CAM-ITGA5",0.671192307692308,0.102649955808519,0.153246610613534,0.050596654805015
"L1CAM-ITGAV",0.875269230769231,0.533063374754165,0.549209981545788,0.0161466067916236
"LAMA1-GPC1",0.966038461538462,0.41743514025455,0.429795227841956,0.0123600875874059
"LAMA1-ITGA1",0.877538461538461,0.329789258848094,0.358692102437444,0.0289028435893494
"LAMA1-ITGA2",0.547961538461538,0.106579187542257,0.145398562132888,0.0388193745906313
"LAMA1-ITGA3",0.522038461538462,0.158212842600293,0.215886885492661,0.0576740428923683
"LAMA1-ITGA6",0.911923076923077,0.220943207977773,0.242247076546135,0.0213038685683619
"LAMA1-ITGA7",0.584923076923077,0.0364690623590701,0.0775553982876184,0.0410863359285483
"LAMA1-ITGB1",0.991769230769231,0.766911482855648,0.767980768628107,0.00106928577245979
"LAMA1-ITGB4",0.8195,0.165796227951694,0.189845083047404,0.0240488550957108
"LAMA1-ITGB8",0.668307692307692,0.107692842845469,0.183103790718031,0.0754109478725623
"LAMA1-NT5E",0.742538461538462,0.217027496894108,0.236513949606547,0.0194864527124392
"LAMA1-SDC2",0.939153846153846,0.370515409707405,0.395302165597408,0.0247867558900026
"LAMA1-SDC4",0.874346153846154,0.219755735484005,0.241522257006195,0.0217665215221905
"LAMA1-TMPRSS6",0.790576923076923,0.346595264234246,0.347383168633857,0.000787904399610961
"LAMA2-ITGA1",0.512384615384615,0.322376475878252,0.370215281424004,0.0478388055457516
"LAMA2-ITGA2",0.939653846153846,0.441147395896238,0.454018094630345,0.0128706987341067
"LAMA2-ITGA3",0.922692307692308,0.315787673637949,0.323272873268678,0.00748519963072974
"LAMA2-ITGA6",0.571384615384615,0.118970309747264,0.384212726718795,0.265242416971531
"LAMA2-ITGA7",0.916730769230769,0.747627135371161,0.768701412735648,0.0210742773644867
"LAMA2-ITGB1",0.958653846153846,0.533201388606011,0.592525414083608,0.0593240254775977
"LAMA2-ITGB4",0.974769230769231,0.589490733992833,0.593640226257286,0.00414949226445271
"LAMA3-SDC2",0.969769230769231,0.579718916373821,0.601633859656526,0.0219149432827042
"LAMA4-ITGA3",0.980846153846154,0.592461300764886,0.601591101366807,0.00912980060192081
"LAMA4-ITGA6",0.854692307692308,0.631523768919256,0.681365237530095,0.0498414686108389
"LAMA4-ITGAV",0.734538461538462,0.612573575892888,0.692440500047538,0.0798669241546499
"LAMA4-ITGB1",0.923692307692308,0.862973964239041,0.890951945526213,0.0279779812871717
"LAMA5-BCAM",0.618153846153846,0.550099968466672,0.708758802256235,0.158658833789563
"LAMA5-ITGA2",0.922192307692308,0.370408383553836,0.408645035687618,0.0382366521337825
"LAMA5-ITGA3",0.925423076923077,0.375592720236722,0.430634761508311,0.055042041271589
"LAMA5-ITGA6",0.615615384615385,0.347390153643746,0.525072859314171,0.177682705670426
"LAMA5-ITGB1",0.988846153846154,0.900424269334463,0.905019100490284,0.00459483115582082
"LAMA5-ITGB4",0.971538461538462,0.43682407443558,0.454705399759516,0.0178813253239369
"LAMA5-SDC1",0.652653846153846,0.400971126881098,0.526214810359087,0.12524368347799
"LAMB1-ITGA1",0.923692307692308,0.715588046716929,0.74538231932047,0.0297942726035405
"LAMB1-ITGA2",0.989346153846154,0.702377925578897,0.713088900061119,0.010710974482222
"LAMB1-ITGA3",0.987653846153846,0.676730480034135,0.684753480692182,0.00802300065804773
"LAMB1-ITGA6",0.911423076923077,0.776072889845769,0.803948833950591,0.0278759441048223
"LAMB1-ITGA7",0.990115384615385,0.893914317361423,0.89770253302425,0.00378821566282617
"LAMB1-ITGAV",0.831230769230769,0.69276891029341,0.7506783968312,0.0579094865377905
"LAMB1-ITGB1",0.886192307692308,0.882739542942488,0.913927621576325,0.0311880786338377
"LAMB1-ITGB4",0.997153846153846,0.837053007567005,0.839483011205038,0.0024300036380337
"LAMB3-CD151",0.950115384615385,0.378843740301148,0.402221587299568,0.0233778469984194
"LAMB3-COL17A1",0.707153846153846,0.460540283510413,0.488519073150181,0.0279787896397679
"LAMB3-ITGA2",0.531346153846154,0.0717535859110291,0.170572021159012,0.0988184352479832
"LAMB3-ITGA3",0.513769230769231,0.218605303196717,0.286863565243574,0.0682582620468568
"LAMB3-ITGA6",0.961615384615385,0.540563940817795,0.564421235009189,0.0238572941913934
"LAMB3-ITGB1",0.998423076923077,0.919482655141406,0.920317813193129,0.000835158051722518
"LAMB3-ITGB4",0.812538461538462,0.189466881248184,0.234290498648118,0.0448236173999341
"LAMC1-ITGA1",0.931692307692308,0.711073961937139,0.747349763814112,0.0362758018769725
"LAMC1-ITGA2",0.990115384615385,0.695321834114533,0.706429021141292,0.0111071870267589
"LAMC1-ITGA3",0.991846153846154,0.710025249624475,0.721690469634156,0.0116652200096802
"LAMC1-ITGA6",0.927269230769231,0.754867457673373,0.785481780722792,0.0306143230494188
"LAMC1-ITGA7",0.987807692307692,0.832121020910128,0.836814054409528,0.0046930334994002
"LAMC1-ITGAV",0.865615384615385,0.676112690638502,0.730241364520201,0.0541286738816986
"LAMC1-ITGB1",0.9095,0.901104631337756,0.921154273698035,0.0200496423602791
"LAMC1-ITGB4",0.997076923076923,0.841025167730357,0.843017479791895,0.00199231206153783
"LAMC2-CD151",0.905615384615385,0.426984651605704,0.471493251971801,0.0445086003660971
"LAMC2-COL17A1",0.819884615384615,0.580631412823948,0.604034607304968,0.0234031944810199
"LAMC2-ITGA2",0.702307692307692,0.125057512811715,0.2123562661693,0.0872987533575852
"LAMC2-ITGA3",0.6405,0.171239969555027,0.314445458159079,0.143205488604052
"LAMC2-ITGA6",0.927,0.515187038986601,0.55266185684337,0.0374748178567682
"LAMC2-ITGB1",0.997615384615385,0.951159959323608,0.951721832131249,0.000561872807641417
"LAMC2-ITGB4",0.862653846153846,0.236084825075757,0.282847675488197,0.0467628504124401
"LAMC3-ITGA2",0.901923076923077,0.158437770033091,0.181307019387023,0.0228692493539318
"LAMC3-ITGA3",0.906884615384615,0.174863310649758,0.197315577929806,0.0224522672800471
"LAMC3-ITGA6",0.987346153846154,0.450142084581411,0.455272927124981,0.00513084254357032
"LAMC3-ITGB1",0.999576923076923,0.885199020273537,0.885667666628962,0.000468646355425428
"LAMC3-ITGB4",0.8095,0.131110780768481,0.192058144260583,0.0609473634921025
"LGALS3BP-ITGB1",0.997884615384615,0.88638050092352,0.886839440733111,0.000458939809591219
"LGALS3BP-VANGL1",0.909076923076923,0.346765063075995,0.375171893428893,0.0284068303528982
"LIN7C-ABCA1",0.568,0.385179482683169,0.485014243100156,0.0998347604169869
"LIN7C-HTR2C",0.999153846153846,0.840467937477087,0.847172134793048,0.00670419731596061
"LIPC-LRP1",0.992615384615385,0.919008661265962,0.920303175426913,0.00129451416095117
"LPL-CD44",1,1,1,0
"LPL-GPIHBP1",0.888807692307692,0.451271502361016,0.497576357977211,0.0463048556161953
"LPL-LRP1",0.793269230769231,0.522948119129906,0.572733268587858,0.049785149457952
"LPL-LRP2",0.976961538461538,0.560227062613499,0.562878840819463,0.00265177820596352
"LPL-SDC1",0.545576923076923,0.252000857268887,0.422967763033965,0.170966905765078
"LPL-VLDLR",0.773923076923077,0.402496148645613,0.487801532988292,0.0853053843426791
"LRP1B-PLAUR",0.998461538461539,0.729125688089883,0.729516790423838,0.00039110233395534
"LRPAP1-LDLR",0.938423076923077,0.625042791313106,0.641735159066103,0.016692367752997
"LRPAP1-LRP1",0.752230769230769,0.622820793239012,0.713653297892825,0.0908325046538125
"LRPAP1-LRP2",0.992576923076923,0.620873964000062,0.625902632380881,0.0050286683808195
"LRPAP1-LRP8",0.960884615384615,0.822114710964355,0.830185138038448,0.008070427074093
"LRPAP1-SORL1",0.947307692307692,0.611359559554379,0.633184676724244,0.0218251171698647
"LRPAP1-SORT1",0.857115384615385,0.511889675143601,0.58273245758073,0.0708427824371296
"LRPAP1-VLDLR",0.929230769230769,0.576176351488316,0.603203904637286,0.0270275531489707
"LTBP1-ITGB5",0.530192307692308,0.268080661989776,0.558242692135689,0.290162030145913
"LTBP3-ITGB5",0.784461538461538,0.600914651046351,0.721266708691144,0.120352057644794
"LTF-GP9",0.529538461538462,0.0955837315885796,0.270191322035936,0.174607590447357
"LTF-GPR162",0.794923076923077,0.0229601483744591,0.0234076338940162,0.000447485519557124
"LTF-LRP1",0.986653846153846,0.478328870769708,0.482516106843684,0.00418723607397586
"LTF-LRP11",0.836384615384615,0.0762716120000469,0.0773452655118142,0.00107365351176733
"LTF-TFRC",0.995423076923077,0.820113903551203,0.829660532212609,0.00954662866140588
"LY86-CD180",0.958538461538462,0.536780732637077,0.547347267741563,0.0105665351044862
"LYPD3-AGR2",0.972884615384615,0.081112456758091,0.0954569237813785,0.0143444670232875
"MATN1-ITGA1",0.887615384615385,0.136529504577947,0.163905155972241,0.0273756513942939
"MATN1-ITGB1",0.991038461538462,0.576378388146555,0.578384217576933,0.00200582943037819
"MATN1-PTPRD",0.985846153846154,0.49128086229024,0.49317369195009,0.00189282965984949
"MDK-ALK",0.989038461538462,0.757794048104225,0.757962708657954,0.000168660553728661
"MDK-ITGA4",0.945461538461538,0.814442567562703,0.819252345477381,0.00480977791467818
"MDK-ITGA6",0.994692307692308,0.950216178549344,0.951207333964232,0.000991155414887479
"MDK-ITGB1",0.812923076923077,0.879715487821403,0.911668471483301,0.0319529836618974
"MDK-LRP1",0.927923076923077,0.932055177951879,0.939399545683428,0.00734436773154945
"MDK-LRP2",0.999576923076923,0.964397585514536,0.964496087369285,9.85018547490224e-05
"MDK-PTPRB",0.997730769230769,0.949779516965399,0.950380801669855,0.000601284704455418
"MDK-PTPRZ1",0.927346153846154,0.746499889258442,0.747696237793284,0.00119634853484207
"MDK-SDC1",0.990192307692308,0.933159766347455,0.935618174057088,0.00245840770963235
"MDK-SDC3",0.929346153846154,0.721599772202617,0.734867166608839,0.0132673944062224
"MDK-SDC4",0.987307692307692,0.814570435251113,0.821097159147276,0.00652672389616271
"MDK-TSPAN1",0.999192307692308,0.969729581515175,0.969803912847762,7.43313325871631e-05
"MFAP2-NOTCH1",0.938230769230769,0.585987018844362,0.607654623368984,0.0216676045246227
"MFAP5-NOTCH1",0.7545,0.371539345308703,0.465779393305445,0.0942400479967426
"MFGE8-ITGAV",0.717307692307692,0.424029856572109,0.513109137344915,0.0890792807728054
"MFGE8-ITGB3",0.968884615384615,0.407428175797974,0.410002046490822,0.00257387069284792
"MFGE8-PDGFRB",0.755115384615385,0.391961279361385,0.475960172128933,0.0839988927675482
"MFNG-NOTCH1",0.945230769230769,0.562412427731169,0.589451870106473,0.0270394423753035
"MFNG-NOTCH2",0.952307692307692,0.641323047817656,0.651357493264752,0.0100344454470958
"MIA-CDH19",0.989615384615385,0.473740129026796,0.473973028185663,0.000232899158867372
"MIA-CDH7",0.860192307692308,0.388106061995955,0.388627764581843,0.000521702585888517
"MMP13-LRP1",0.999269230769231,0.594372894411478,0.598132426508791,0.00375953209731295
"MMP2-SDC2",0.7425,0.578262660820674,0.68923250478637,0.110969843965696
"MMP9-CD44",1,1,1,0
"MMP9-EPHB2",0.854923076923077,0.280335067151747,0.324792128892335,0.0444570617405874
"MMP9-ITGAM",0.956769230769231,0.508686113725899,0.528362073456843,0.0196759597309445
"MMP9-ITGB2",0.980346153846154,0.874814291931589,0.876448308501661,0.00163401657007245
"MMP9-LRP1",0.988846153846154,0.747453874290958,0.75400902394925,0.0065551496582914
"MST1-MST1R",0.676384615384615,0.10875331345078,0.12287056556034,0.0141172521095602
"MSTN-ACVR2B",0.851923076923077,0.236958616783719,0.312600363516288,0.0756417467325696
"NAMPT-INSR",0.515461538461538,0.237212919496478,0.404047471126885,0.166834551630407
"NCAM1-CACNA1C",0.751384615384615,0.260209032744092,0.472755205856167,0.212546173112075
"NCAM1-FGFR1",0.745923076923077,0.5487231818731,0.608460739673357,0.0597375578002569
"NCAM1-FGFR2",0.992884615384615,0.988699997183727,0.988871214093423,0.000171216909696015
"NCAM1-GFRA1",0.978576923076923,0.834739328394011,0.844358687903399,0.00961935950938786
"NCAM1-PTPRA",0.703153846153846,0.621401022705399,0.71876641679837,0.097365394092971
"NCAM1-ROBO1",0.677769230769231,0.446771246280055,0.669642999777996,0.222871753497942
"NCAM1-ROBO3",1,1,1,0
"NCAN-CDH2",0.699230769230769,0.614624173741275,0.673353484711408,0.058729310970133
"NCAN-SDC3",0.859192307692308,0.658736727210763,0.781657436312311,0.122920709101548
"NDP-FZD4",0.912961538461538,0.481394397846619,0.482917279409236,0.00152288156261687
"NDP-LGR4",0.972692307692308,0.717390707137482,0.719134855278681,0.00174414814119905
"NGF-KIDINS220",0.995769230769231,0.676512651083487,0.677210414985901,0.000697763902413384
"NGF-MAGED1",0.999846153846154,0.992192159839656,0.992195253140803,3.0933011475609e-06
"NGF-NGFR",0.923346153846154,0.248453951844765,0.277079358793911,0.028625406949146
"NGF-NTRK1",1,1,1,0
"NGF-SORCS3",0.866076923076923,0.147843693312178,0.155722563657506,0.00787887034532866
"NGF-SORT1",0.977461538461538,0.414300331145093,0.42197732401274,0.00767699286764728
"NID1-COL13A1",0.978384615384615,0.70978013193213,0.721341135141175,0.0115610032090459
"NID1-ITGA3",0.983653846153846,0.563773361431013,0.569600956690258,0.00582759525924414
"NID1-ITGAV",0.787730769230769,0.611366878706863,0.690899204682931,0.0795323259760679
"NID1-ITGB1",0.903538461538462,0.834673722882283,0.86769095214898,0.0330172292666964
"NID1-ITGB3",0.978538461538462,0.508725987274234,0.524764433841287,0.0160384465670531
"NID1-PTPRF",0.581576923076923,0.373114128726434,0.54039349362143,0.167279364894997
"NID2-COL13A1",0.966769230769231,0.672341907842133,0.693590392506514,0.0212484846643806
"NLGN1-NRXN1",0.738461538461539,0.664243100078444,0.859804522106216,0.195561422027772
"NLGN1-NRXN2",0.987538461538462,0.995759785180924,0.995902885183883,0.000143100002958141
"NLGN1-NRXN3",0.758461538461539,0.571029560774383,0.788084064661418,0.217054503887035
"NLGN2-NRXN1",0.846423076923077,0.715492626703611,0.755379022938731,0.0398863962351197
"NLGN2-NRXN2",0.647846153846154,0.570926448993354,0.73893549989335,0.168009050899996
"NLGN2-NRXN3",0.772961538461538,0.679936582741169,0.718082336778742,0.0381457540375728
"NLGN3-NRXN1",0.9445,0.990175167070184,0.990609084819795,0.000433917749610768
"NLGN3-NRXN2",0.547730769230769,0.947480186884395,0.963645162758581,0.0161649758741866
"NLGN3-NRXN3",0.879961538461538,0.971099488741812,0.972364342837034,0.00126485409522126
"NMB-NMBR",0.832038461538462,0.106832846827729,0.461217924544131,0.354385077716402
"NOV-NOTCH1",0.795961538461538,0.369414966028443,0.411543500188663,0.0421285341602207
"NOV-PLXNA1",0.717115384615385,0.243355584837496,0.369974141096777,0.126618556259282
"NPNT-ITGA8",0.764923076923077,0.414423620171054,0.495146910344172,0.0807232901731177
"NPNT-ITGB1",0.960807692307692,0.770876395828259,0.791202910465423,0.0203265146371642
"NPPA-NPR1",0.581384615384615,0.0482759402448875,0.160145435339099,0.111869495094212
"NPPA-NPR3",0.527076923076923,0.0833742942421456,0.487650118449002,0.404275824206856
"NPPC-NPR2",0.945884615384615,0.594754726552041,0.602727964199032,0.00797323764699043
"NPPC-NPR3",0.840423076923077,0.40958764182836,0.413414056937798,0.00382641510943832
"NPY-FAP",0.588,0.00673304781702252,0.100199203469112,0.0934661556520893
"NPY-MC4R",0.979846153846154,0.509282140356272,0.510337660659954,0.00105552030368228
"NPY-NPY1R",0.946346153846154,0.358492385704657,0.362999689602308,0.00450730389765125
"NRG1-ERBB2",0.555884615384615,0.195613264357691,0.226102809624926,0.0304895452672349
"NRG1-ERBB3",0.797615384615385,0.351759680749879,0.363678550923457,0.0119188701735782
"NRG1-ERBB4",0.528423076923077,0.350266420261074,0.468126459065198,0.117860038804124
"NRG1-GPC1",0.789461538461538,0.25323304658321,0.419058140104352,0.165825093521142
"NRG2-ERBB2",0.949230769230769,0.291522918957839,0.298018330384142,0.00649541142630278
"NRG2-ERBB3",0.909230769230769,0.164525466337935,0.194278450273059,0.0297529839351241
"NRG2-ERBB4",0.972576923076923,0.749587424707363,0.752321672365826,0.00273424765846331
"NRG3-ERBB4",0.722730769230769,0.282296986618718,0.527171882960895,0.244874896342177
"NRG4-EGFR",0.971423076923077,0.474921381870069,0.479164752877323,0.00424337100725369
"NRG4-ERBB2",0.966846153846154,0.482498690637427,0.488806847885572,0.00630815724814482
"NRG4-ERBB4",0.971692307692308,0.601469887756688,0.607111415567714,0.00564152781102534
"NRTN-GFRA1",0.539192307692308,0.138199268563204,0.26485874616752,0.126659477604316
"NRTN-GFRA2",0.6345,0.20558825823837,0.302105723982618,0.0965174657442486
"NRTN-RET",0.808115384615385,0.181214672359932,0.211587285251281,0.0303726128913489
"NTF3-NGFR",0.922769230769231,0.342908519641979,0.416983517572218,0.0740749979302389
"NTF3-NTRK1",1,1,1,0
"NTF3-NTRK2",0.975153846153846,0.530924098213787,0.539007054920087,0.00808295670630055
"NTF3-NTRK3",0.970230769230769,0.607208899537152,0.616576700253477,0.00936780071632537
"NTN1-DCC",0.512807692307692,0.209128826815589,0.433523007552636,0.224394180737047
"NTN1-NEO1",0.945730769230769,0.669527899168118,0.69309450747098,0.0235666083028623
"NTN1-UNC5A",0.959538461538462,0.47961785020767,0.500510912629761,0.0208930624220909
"NTN1-UNC5B",0.706538461538462,0.261284654698569,0.329922673051579,0.0686380183530104
"NTN1-UNC5C",0.660730769230769,0.287579965710242,0.354303168816495,0.0667232031062526
"NTN1-UNC5D",0.676846153846154,0.176415387367397,0.352064814158114,0.175649426790718
"NTN4-DCC",0.909192307692308,0.245021430140458,0.276271100997287,0.0312496708568293
"NTN4-UNC5A",0.568730769230769,0.0548172996703499,0.164263307229289,0.109446007558939
"NTNG1-LRRC4C",0.654538461538462,0.619322013976089,0.699773842694713,0.0804518287186239
"NTNG2-LRRC4",0.872538461538461,0.0945118656643604,0.124297129089916,0.0297852634255551
"NTNG2-LRRC4C",0.976615384615385,0.332366152204662,0.342881742403905,0.010515590199243
"NTS-NGFR",0.819269230769231,0.12102243023174,0.167372051604219,0.0463496213724795
"NTS-NTSR1",1,1,1,2.22044604925031e-16
"NTS-SORT1",0.939538461538462,0.314991238307039,0.329192469833351,0.0142012315263125
"NUCB2-ERAP1",0.617,0.245329184160569,0.344515121469853,0.0991859373092847
"NXPH1-NRXN1",0.934692307692308,0.835302737235227,0.872603372396965,0.0373006351617374
"NXPH1-NRXN2",0.638346153846154,0.519538845606501,0.896468592047636,0.376929746441135
"NXPH1-NRXN3",0.888115384615385,0.790167027829313,0.825196698765445,0.0350296709361316
"NXPH2-NRXN1",0.999538461538461,0.996066940598698,0.996071698219532,4.75762083418374e-06
"NXPH3-NRXN1",1,1,1,0
"NXPH3-NRXN2",1,1,1,0
"NXPH3-NRXN3",1,1,1,0
"OLFM2-ROBO2",0.981576923076923,0.97408199673002,0.975143400247599,0.00106140351757944
"OSTN-NPR3",0.914307692307692,0.219540074277153,0.223083859726345,0.00354378544919179
"P4HB-GPR162",1,1,1,0
"PAPLN-SIRPA",0.999307692307692,0.921491062685024,0.921641486199951,0.000150423514926223
"PCSK9-VLDLR",0.738423076923077,0.192784060470562,0.215636429402405,0.0228523689318433
"PDAP1-PDGFRB",0.962884615384615,0.742164310741371,0.754561269838432,0.0123969590970608
"PDGFA-PDGFRA",0.692692307692308,0.364324258616186,0.493322762142265,0.12899850352608
"PDGFA-PDGFRB",0.519730769230769,0.179049283967459,0.361772748786442,0.182723464818984
"PDGFB-ART1",0.660615384615385,0.151384324930611,0.309272355581344,0.157888030650733
"PDGFB-ITGAV",0.960384615384615,0.578839924252311,0.596849557069665,0.0180096328173541
"PDGFB-LRP1",0.991192307692308,0.841789422109763,0.843982481935214,0.00219305982545115
"PDGFB-PDGFRA",0.969,0.695419439818522,0.703221028344559,0.00780158852603652
"PDGFB-PDGFRB",0.947115384615385,0.575306447921138,0.594574948713731,0.0192685007925927
"PDGFB-S1PR1",0.819653846153846,0.275145567715094,0.369651760794822,0.0945061930797286
"PDGFC-FLT1",0.690961538461538,0.244266837115136,0.338357126636273,0.0940902895211372
"PDGFC-FLT4",0.906230769230769,0.274831670198204,0.295890028071165,0.0210583578729617
"PDGFC-KDR",0.747576923076923,0.289322509136954,0.381665062093498,0.0923425529565449
"PDGFC-PDGFRA",0.859230769230769,0.527013969795731,0.597701631464417,0.0706876616686861
"PDGFC-PDGFRB",0.715923076923077,0.316357812851224,0.428173952353801,0.111816139502577
"PDGFD-PDGFRA",0.968961538461538,0.655574198576714,0.673913875151173,0.0183396765744589
"PDGFD-PDGFRB",0.936538461538462,0.439481086860863,0.469019093403074,0.0295380065422109
"PDYN-OPRM1",0.652576923076923,0.522963938066574,0.595624965626611,0.0726610275600372
"PENK-OGFR",0.7375,0.255022925535785,0.40050645673726,0.145483531201475
"PENK-OPRM1",0.958923076923077,0.683319543824977,0.685743154584747,0.00242361075976993
"PF4-FGFR2",0.976461538461538,0.344728693031349,0.348510013042392,0.00378132001104348
"PF4-LDLR",0.881692307692308,0.480444061568727,0.482322375818494,0.00187831424976659
"PF4-PROCR",0.993846153846154,0.74002305409143,0.740226547570176,0.000203493478746708
"PF4-SDC2",0.608884615384615,0.280179514570399,0.295387017456138,0.0152075028857396
"PF4-THBD",0.8135,0.373598222952682,0.382346965668074,0.00874874271539278
"PGF-FLT1",0.8605,0.292659487434486,0.336458045788797,0.0437985583543116
"PGF-NRP1",0.969807692307692,0.626770302980199,0.636391879212684,0.00962157623248461
"PGF-NRP2",0.959307692307692,0.536802145575096,0.552002866780716,0.0152007212056198
"PIGF-FLT1",0.817230769230769,0.259629945834426,0.305277187899865,0.045647242065439
"PKM-CD44",0.999423076923077,0.999844072000132,0.999844371626679,2.99626547017873e-07
"PLAT-ITGAM",0.984038461538462,0.283270688228379,0.292700891488911,0.00943020326053179
"PLAT-ITGB2",0.985730769230769,0.819404415296786,0.819523804247222,0.000119388950436727
"PLAT-LRP1",0.956038461538462,0.843821568340599,0.857330729127623,0.0135091607870246
"PLG-F2R",0.8065,0.253609935834976,0.27954878624496,0.0259388504099848
"PLG-F2RL1",0.868115384615385,0.884880418842507,0.885212103193003,0.000331684350496131
"PLG-F3",0.872807692307692,0.0962184281809563,0.111260902144399,0.0150424739634427
"PLG-FLT1",0.701115384615385,0.0746646798815611,0.104444420624795,0.0297797407432334
"PLG-ITGA9",0.844961538461538,0.618984132859075,0.623274975612674,0.00429084275359892
"PLG-ITGAM",0.941692307692308,0.198275684549408,0.204875274098362,0.00659958954895401
"PLG-ITGB1",0.901307692307692,0.854329230784427,0.854678076462013,0.000348845677586307
"PLG-ITGB2",0.969807692307692,0.519317825294028,0.544469451797861,0.0251516265038328
"PLG-PLAUR",0.939846153846154,0.240376877118492,0.269333615380084,0.0289567382615918
"PLG-PLGRKT",0.806884615384615,0.232070642053899,0.232727980695107,0.000657338641208122
"PLTP-ABCA1",0.996538461538461,0.978457039804383,0.978800843691402,0.000343803887019489
"PMCH-MCHR1",0.997230769230769,0.553199050906618,0.903936480266918,0.3507374293603
"PNOC-OPRL1",0.678461538461538,0.654030697097298,0.766052296879327,0.112021599782029
"PODXL-SELL",0.941807692307692,0.271554726276006,0.275321145452847,0.0037664191768409
"PODXL2-SELL",0.943307692307692,0.302683338424629,0.310112148855369,0.00742881043074012
"POMC-MC4R",0.954961538461538,0.210214086998356,0.214775388640801,0.00456130164244484
"POMC-OPRM1",0.821884615384615,0.24704258806822,0.280197036553187,0.0331544484849667
"PON2-HTR2A",0.971576923076923,0.322706858370093,0.327823626623076,0.00511676825298291
"PROC-ITGAM",0.688038461538462,0.103103937820078,0.132800146488412,0.0296962086683339
"PROC-ITGB2",0.839269230769231,0.222911417761594,0.316162149924931,0.0932507321633378
"PROC-PROCR",0.503961538461538,0.00517737139816394,0.0824278973664548,0.0772505259682909
"PROC-THBD",0.831692307692308,0.306811475271969,0.309189020118212,0.00237754484624225
"PROS1-AXL",0.806846153846154,0.449110323977632,0.518047860913977,0.0689375369363449
"PROS1-TYRO3",0.845538461538462,0.337343173925984,0.379939203724611,0.042596029798627
"PRSS23-TMEM222",0.724,0.305745815451671,0.385389083017567,0.0796432675658951
"PSAP-CELSR1",0.976538461538462,0.688058223657887,0.697936326654654,0.00987810299676706
"PSAP-GPR37",0.996153846153846,0.594772339046036,0.605538692546645,0.0107663535006084
"PSAP-LRP1",0.7855,0.724197117701571,0.788630221124609,0.064433103423038
"PSAP-SORT1",0.862692307692308,0.475209851637262,0.560930981188451,0.0857211295511898
"PSEN1-CD44",1,1,1,0
"PSEN1-NCSTN",0.643269230769231,0.245525647062632,0.416474264410899,0.170948617348267
"PSEN1-NOTCH1",0.669615384615385,0.271367276367665,0.363079166961964,0.0917118905942986
"PSEN1-NOTCH2",0.745884615384615,0.399977558712361,0.480217966764637,0.0802404080522759
"PSEN1-NOTCH3",0.605230769230769,0.20843210065765,0.370110774272685,0.161678673615035
"PSEN1-NOTCH4",0.944576923076923,0.428262435165924,0.447666973563709,0.0194045383977847
"PTDSS1-JMJD6",0.645769230769231,0.283420704261623,0.41608844389396,0.132667739632336
"PTDSS1-SCARB1",0.719230769230769,0.266515071499765,0.382348678691119,0.115833607191354
"PTHLH-PTH1R",0.993153846153846,0.518226988490327,0.521138630963328,0.00291164247300124
"PTMA-VIPR1",1,1,1,0
"PTN-ALK",0.997230769230769,0.927928986896073,0.928153333886933,0.000224346990860269
"PTN-CDH10",0.997807692307692,0.968970921984386,0.969073901110523,0.000102979126137215
"PTN-PLXNB2",0.961115384615385,0.894700157821742,0.898527878449931,0.00382772062818892
"PTN-PTPRB",0.993807692307692,0.808697449592741,0.809067417678187,0.000369968085445649
"PTN-PTPRS",0.807423076923077,0.879127336196808,0.891904165500298,0.0127768293034898
"PTN-PTPRZ1",0.983038461538462,0.918889517886858,0.919915507574153,0.00102598968729473
"PTN-SDC1",0.970846153846154,0.857757949338779,0.859900218736076,0.002142269397297
"PTN-SDC3",0.949038461538461,0.93676140722552,0.938176921866067,0.00141551464054701
"QDPR-DYSF",0.913115384615385,0.621792805886271,0.644831851305193,0.0230390454189228
"RARRES2-CCRL2",0.992192307692308,0.639721094755864,0.64054416309421,0.000823068338346
"RARRES2-CMKLR1",0.907423076923077,0.35789682151944,0.387412068306275,0.0295152467868345
"RBP4-STRA6",0.988423076923077,0.792911672897405,0.793007005822153,9.53329247471713e-05
"RELN-ITGA3",0.944115384615385,0.46948685510666,0.486555826609935,0.0170689715032746
"RELN-ITGB1",0.918,0.466955479894123,0.476461817801913,0.00950633790778999
"RELN-LRP8",0.8815,0.75902008053744,0.798687007951155,0.0396669274137151
"RELN-VLDLR",0.733307692307692,0.298182036738361,0.358587073296704,0.0604050365583431
"RGMA-BMPR1B",0.757192307692308,0.288110159050614,0.415709714853154,0.12759955580254
"RGMA-BMPR2",0.860846153846154,0.689141669989438,0.732039509262844,0.042897839273406
"RGMA-HFE2",0.738730769230769,0.429941898733805,0.513108885554405,0.0831669868206006
"RGMA-NEO1",0.916038461538462,0.768298546463774,0.791451813666012,0.0231532672022383
"RGMB-BMPR1B",0.817692307692308,0.357342470232515,0.50588207733602,0.148539607103505
"RGMB-BMPR2",0.790423076923077,0.598294896764935,0.670768734402402,0.0724738376374676
"RGMB-HFE2",0.806307692307692,0.540163277434392,0.638519480914543,0.0983562034801512
"RGMB-NEO1",0.875192307692308,0.718862433454347,0.758620561481124,0.0397581280267767
"RIMS1-CACNA1C",0.786653846153846,0.549152083468103,0.564632970259277,0.0154808867911747
"RIMS1-SLC18A2",0.928192307692308,0.451423429624344,0.473046190530461,0.0216227609061174
"RIMS1-SLC18A3",0.989153846153846,0.850247061464058,0.853525103152337,0.00327804168827883
"RIMS2-ABCA1",0.875038461538462,0.49906874063427,0.521972539257597,0.022903798623327
"RPH3A-NRXN1",1,1,1,0
"RPS19-C5AR1",1,1,1,2.22044604925031e-16
"RSPO1-FZD8",0.820923076923077,0.209867397626255,0.245695335832716,0.0358279382064612
"RSPO1-LGR4",0.922461538461538,0.376486265416288,0.386585228251706,0.0100989628354182
"RSPO1-LGR5",0.560730769230769,0.113153536391764,0.244216208829054,0.13106267243729
"RSPO1-LGR6",0.645692307692308,0.0934938845717525,0.212015552231888,0.118521667660136
"RSPO1-LRP6",0.9665,0.554491853231043,0.565461253614208,0.0109694003831653
"RSPO1-ZNRF3",0.877461538461539,0.327654525613103,0.356512277189184,0.0288577515760808
"RSPO2-LGR4",0.901115384615385,0.299533048035594,0.331808015224973,0.0322749671893793
"RSPO2-LGR5",0.568461538461538,0.0965225820402383,0.173743113341498,0.07722053130126
"RSPO2-LGR6",0.711076923076923,0.126040353496347,0.21250947808405,0.0864691245877031
"RSPO3-FZD8",0.707923076923077,0.160445358256875,0.320826455487104,0.160381097230228
"RSPO3-LGR4",0.874923076923077,0.296257961350309,0.368410690664425,0.0721527293141167
"RSPO3-LGR5",0.740769230769231,0.241753802132481,0.297443111846165,0.0556893097136847
"RSPO3-LGR6",0.788384615384615,0.110046462804701,0.137866333120992,0.0278198703162904
"RSPO3-LRP6",0.940653846153846,0.550963649203259,0.584575110467769,0.0336114612645093
"RSPO3-SDC4",0.828,0.219954202182608,0.248943634388564,0.0289894322059567
"RTN4-CNTNAP1",1,1,1,0
"RTN4-GJB2",0.993,0.846265143524857,0.846443495992326,0.000178352467469889
"RTN4-LINGO1",1,1,1,0
"RTN4-NGFR",1,1,1,0
"RTN4-RTN4R",1,1,1,0
"RTN4-RTN4RL1",0.998653846153846,0.938610460377866,0.938782265629155,0.000171805251288903
"RTN4-TNFRSF19",0.987961538461538,0.873655056615042,0.877100547383503,0.00344549076846101
"S100A8-TLR4",0.976769230769231,0.659807854114567,0.659891788663836,8.39345492686938e-05
"S100A9-TLR4",0.960269230769231,0.494176312101989,0.49439218535772,0.000215873255730858
"SCGB3A2-MARCO",0.802230769230769,0.0881233854576333,0.0884584328754391,0.000335047417805809
"SCT-VIPR1",0.987230769230769,0.531936983117986,0.538022650728632,0.00608566761064655
"SCT-VIPR2",0.868192307692308,0.151482743303525,0.205125223798012,0.0536424804944877
"SEMA3A-NRP1",0.512653846153846,0.195523397012522,0.401752609409369,0.206229212396847
"SEMA3A-NRP2",0.523307692307692,0.449439829403873,0.592650185400999,0.143210355997126
"SEMA3A-PLXNA1",0.706269230769231,0.579738898408527,0.616477423233555,0.0367385248250288
"SEMA3A-PLXNA2",0.602884615384615,0.345946380522171,0.43891655008844,0.0929701695662691
"SEMA3A-PLXNA3",0.894115384615385,0.595357323124987,0.612903590139098,0.0175462670141108
"SEMA3A-PLXNA4",0.776961538461538,0.477028253936496,0.511074008581599,0.0340457546451029
"SEMA3B-NRP1",0.962769230769231,0.671036152678096,0.678021696187609,0.00698554350951242
"SEMA3B-NRP2",0.957423076923077,0.587584997172896,0.5971615160133,0.00957651884040467
"SEMA3C-NRP1",0.545269230769231,0.196889848441338,0.40387543112059,0.206985582679253
"SEMA3C-NRP2",0.500346153846154,0.339068304443889,0.519860475106072,0.180792170662184
"SEMA3C-PLXND1",0.518076923076923,0.369133918163522,0.495759360510556,0.126625442347034
"SEMA3D-NRP1",0.859576923076923,0.41559006483342,0.459830963576567,0.0442408987431466
"SEMA3E-NRP1",0.946615384615385,0.470554995595825,0.479462477256272,0.00890748166044736
"SEMA3E-PLXND1",0.941538461538462,0.444206930433311,0.462216406642211,0.0180094762089004
"SEMA3F-NRP1",0.9325,0.528443475732292,0.552585219822305,0.0241417440900136
"SEMA3F-NRP2",0.914153846153846,0.486277196311633,0.513997662467952,0.0277204661563187
"SEMA3F-PLXNA1",0.861,0.32736357653808,0.39889837279796,0.0715347962598799
"SEMA3F-PLXNA3",0.677346153846154,0.15160842303761,0.248116099116285,0.0965076760786742
"SEMA3G-NRP2",0.992461538461539,0.600124749733615,0.601742795121397,0.00161804538778265
"SEMA4A-PLXND1",0.948961538461538,0.416653142307455,0.423642729102487,0.00698958679503281
"SEMA4B-DCBLD2",0.932076923076923,0.472667627731109,0.494485715507147,0.0218180877760371
"SEMA4C-PLXNB2",0.987230769230769,0.68344665189854,0.690268204748117,0.00682155284957686
"SEMA4D-ERBB2",0.848923076923077,0.284827484711898,0.32859692302324,0.0437694383113416
"SEMA4D-MET",0.613115384615385,0.173826297518596,0.255079314020213,0.0812530165016166
"SEMA4D-PLXNB1",0.852846153846154,0.34128085712759,0.387069590320425,0.0457887331928351
"SEMA4D-PLXNB2",0.975115384615385,0.576314171053737,0.583755499417832,0.0074413283640955
"SEMA4F-NRP2",0.979884615384615,0.773546879091873,0.780271451972088,0.00672457288021544
"SEMA4G-PLXNB2",0.965038461538462,0.96948195435351,0.969741689267609,0.000259734914098142
"SEMA5A-MET",0.929923076923077,0.518934107402806,0.53375207224467,0.0148179648418634
"SEMA6A-PLXNA2",0.638115384615385,0.398687113465899,0.542559513080086,0.143872399614186
"SEMA6A-PLXNA4",0.801346153846154,0.480291061790003,0.531472747742888,0.0511816859528852
"SEMA6D-KDR",0.580615384615385,0.355852889563116,0.404900587783081,0.0490476982199655
"SEMA6D-PLXNA1",0.799269230769231,0.61790799883445,0.663761885777324,0.0458538869428741
"SEMA6D-TREM2",0.983769230769231,0.503609546917805,0.506276379563984,0.00266683264617917
"SEMA6D-TYROBP",0.5295,0.0953307944111056,0.1975084938974,0.102177699486295
"SEMA7A-ITGA1",0.939807692307692,0.417168932217678,0.443521500777291,0.0263525685596123
"SEMA7A-ITGB1",0.9985,0.867434697656134,0.867706185684272,0.000271488028137923
"SEMA7A-PLXNC1",0.940615384615385,0.482950422487171,0.519871346159848,0.0369209236726778
"SERPINC1-GPC1",0.793730769230769,0.161143458678892,0.217018969653971,0.0558755109750786
"SERPINC1-LRP1",0.843038461538462,0.431139605361869,0.45086051586201,0.0197209105001406
"SERPINC1-SDC2",0.659038461538462,0.0324999429230666,0.114344920002223,0.081844977079156
"SERPINE1-ITGAV",0.999153846153846,0.634537168160142,0.63619372121706,0.00165655305691814
"SERPINE1-ITGB5",0.998846153846154,0.614147024633445,0.616399464946594,0.00225244031314897
"SERPINE1-LRP1",0.999692307692308,0.850065971221831,0.850521879968702,0.00045590874687107
"SERPINE1-LRP2",0.929192307692308,0.105055187456881,0.106226978267987,0.00117179081110583
"SERPINE1-PLAUR",0.909384615384615,0.118126343278753,0.15347707568489,0.0353507324061373
"SERPINE2-LRP1",0.749384615384615,0.544012420758778,0.654646067678282,0.110633646919504
"SERPING1-LRP1",0.9145,0.736669822776892,0.770126890517594,0.0334570677407019
"SFRP1-FZD2",0.529307692307692,0.41434078853932,0.570688495922563,0.156347707383243
"SFRP1-FZD6",0.955076923076923,0.527761060285911,0.544764060315556,0.0170030000296447
"SFTPA1-TLR2",0.929,0.0923052817123346,0.117138771920977,0.0248334902086427
"SHANK1-ABCA1",0.736038461538462,0.260861006746314,0.501306712408573,0.240445705662259
"SHANK1-SSTR2",0.991961538461538,0.596725775353732,0.615414382308115,0.0186886069543829
"SHH-BOC",0.9835,0.789072216132351,0.790901224754965,0.00182900862261348
"SHH-CDON",0.981153846153846,0.751013161746819,0.75102096383894,7.80209212081218e-06
"SHH-GPC5",0.916769230769231,0.347636704705117,0.35406697901234,0.00643027430722298
"SHH-HHIP",0.976846153846154,0.749993618902373,0.772456707703291,0.0224630888009175
"SHH-LRP2",0.801038461538462,0.11621306649257,0.139194682517934,0.0229816160253641
"SHH-PTCH1",0.995769230769231,0.925001165974711,0.928733658665576,0.00373249269086451
"SHH-PTCH2",0.831692307692308,0.240412032331259,0.308107374538092,0.0676953422068337
"SHH-SMO",0.993307692307692,0.912198732266876,0.913661982075212,0.00146324980833668
"SLIT1-GPC1",0.950653846153846,0.500123788409087,0.528712738416253,0.0285889500071658
"SLIT1-ROBO1",0.975115384615385,0.650805194163031,0.674385931293582,0.0235807371305504
"SLIT1-SDC1",0.862692307692308,0.318046835662389,0.335154490434561,0.0171076547721719
"SLIT2-DCC",0.761961538461538,0.467152204318594,0.591184450005078,0.124032245686483
"SLIT2-GPC1",0.653730769230769,0.190125466697019,0.398197692520786,0.208072225823767
"SLIT2-ROBO1",0.736615384615385,0.42794758412789,0.587077913377546,0.159130329249656
"SLIT2-ROBO2",0.664269230769231,0.255214912569482,0.443596717681211,0.18838180511173
"SLIT2-ROBO4",0.962230769230769,0.608415926743267,0.61412388351474,0.0057079567714724
"SLIT2-SDC1",0.597538461538462,0.300629501999196,0.371636871079558,0.0710073690803621
"SLIT3-ROBO2",0.787846153846154,0.406461041956427,0.460049463041094,0.0535884210846668
"SORBS1-INSR",0.589653846153846,0.260150150233185,0.497504449680791,0.237354299447606
"SORBS1-ITGA1",0.537269230769231,0.292096737475051,0.420135212713712,0.128038475238662
"SORBS1-ITGB5",0.756192307692308,0.325096369390121,0.408650944201087,0.0835545748109656
"SPINK1-EGFR",0.624961538461538,0.0188295027007001,0.0641905294357922,0.045361026735092
"SPINK1-NRSN1",0.827461538461538,0.171546027910469,0.179875985778009,0.00832995786753973
"SPINT1-ST14",0.675461538461538,0.31471979027974,0.579708814922169,0.264989024642429
"SPON2-ITGAM",0.961307692307692,0.33767489986211,0.340797894017731,0.00312299415562078
"SPON2-ITGB2",0.982153846153846,0.852420634775361,0.852666978607565,0.000246343832204121
"SPP1-CD44",0.999923076923077,0.860348421319568,0.86060911888279,0.000260697563221668
"SPP1-ITGA4",0.887192307692308,0.0782383063218804,0.0968233858455952,0.0185850795237148
"SPP1-ITGA5",0.778153846153846,0.0464887819272694,0.132188419317796,0.0856996373905263
"SPP1-ITGA9",0.982730769230769,0.135867000139272,0.158852038292674,0.0229850381534022
"SPP1-ITGAV",0.961807692307692,0.171793514338553,0.209796406024311,0.038002891685758
"SPP1-ITGB1",0.995692307692308,0.242921870047677,0.259903450408155,0.0169815803604775
"SPP1-S1PR1",0.779384615384615,0.0242963584063291,0.0846906215825791,0.06039426317625
"SST-SSTR2",0.960576923076923,0.458545202112629,0.489590933058218,0.0310457309455888
"SYTL3-NRXN1",0.993423076923077,0.930812484669248,0.930838134694557,2.56500253097425e-05
"TAC1-TACR1",0.930961538461539,0.517462324085172,0.561070626570628,0.0436083024854562
"TAC1-TACR3",0.840038461538462,0.356271922463382,0.704588157673658,0.348316235210276
"TCN2-CNR1",0.606153846153846,0.0960995277567823,0.230489323663358,0.134389795906576
"TCN2-LRP2",0.968538461538462,0.366164744295532,0.381809907379028,0.0156451630834961
"TCTN1-TMEM67",0.750692307692308,0.178009055489749,0.260840732211975,0.0828316767222265
"TFPI-F3",0.979846153846154,0.365294743919693,0.375618495595815,0.010323751676122
"TFPI-LRP1",0.883269230769231,0.704934496177279,0.754883330452519,0.04994883427524
"TFPI-SDC4",0.657038461538461,0.208869669239386,0.334291739124681,0.125422069885295
"TFPI-VLDLR",0.804653846153846,0.408123141464005,0.465755033145171,0.0576318916811661
"TG-ASGR1",0.802230769230769,0.586571831222212,0.825942396023357,0.239370564801145
"TG-LRP2",0.550038461538461,0.111606336222151,0.360659802200996,0.249053465978845
"TGFA-EGFR",0.909269230769231,0.374518481450532,0.386791348023349,0.0122728665728176
"TGFA-ERBB2",0.894846153846154,0.366369196900874,0.379271298467205,0.0129021015663309
"TGFA-ERBB3",0.783961538461538,0.202851372300075,0.234773468436816,0.0319220961367412
"TGFA-ERBB4",0.937153846153846,0.75101219865885,0.756726100179617,0.00571390152076712
"TGFB1-ACVRL1",0.927923076923077,0.689965782765598,0.703094357864828,0.0131285750992303
"TGFB1-CAV1",0.999346153846154,0.971379610455992,0.971466673370393,8.70629144009705e-05
"TGFB1-CD109",0.887384615384615,0.56637840941866,0.582400941352675,0.0160225319340145
"TGFB1-CXCR4",0.719576923076923,0.97445699518052,0.976742561636455,0.00228556645593492
"TGFB1-ENG",0.984038461538462,0.8802375324374,0.882037319207469,0.0017997867700692
"TGFB1-ITGAV",0.997269230769231,0.898874019216882,0.89972152574298,0.000847506526097885
"TGFB1-ITGB6",0.831423076923077,0.110497809678291,0.17825647517187,0.0677586654935792
"TGFB1-ITGB8",0.803538461538462,0.424911133908227,0.444106661340861,0.0191955274326345
"TGFB1-SDC2",0.995076923076923,0.903405429767187,0.904226070211415,0.000820640444227694
"TGFB1-TGFBR1",0.997461538461539,0.960090130582272,0.960323110681373,0.000232980099100666
"TGFB1-TGFBR2",0.997384615384615,0.917118718315299,0.91810267582889,0.000983957513591149
"TGFB1-TGFBR3",0.991192307692308,0.879620693419946,0.881462743505968,0.00184205008602212
"TGFB2-ACVR1",0.678038461538462,0.485765748275254,0.55930258175397,0.0735368334787159
"TGFB2-ENG",0.729153846153846,0.394414018972207,0.48454268423161,0.0901286652594028
"TGFB2-TGFBR1",0.565307692307692,0.303746814552402,0.485730410855258,0.181983596302856
"TGFB2-TGFBR2",0.580923076923077,0.355357272063471,0.608154740450799,0.252797468387329
"TGFB2-TGFBR3",0.608269230769231,0.401521145284399,0.515727865104534,0.114206719820135
"TGFB3-ACVRL1",0.789653846153846,0.50517832798862,0.564627934100122,0.0594496061115019
"TGFB3-ENG",0.526423076923077,0.283667737541859,0.451185753787992,0.167518016246132
"TGFB3-TGFBR1",0.699884615384615,0.411970292486759,0.528616321660386,0.116646029173627
"TGFB3-TGFBR2",0.747,0.5688042131372,0.720857750525432,0.152053537388232
"TGFB3-TGFBR3",0.567730769230769,0.314599364348317,0.536912442820953,0.222313078472637
"TGM2-ITGA4",0.522884615384615,0.0830908206303291,0.182652077072645,0.0995612564423159
"TGM2-ITGA9",0.740076923076923,0.420464860921461,0.490766622484079,0.0703017615626179
"TGM2-ITGB1",0.962961538461538,0.912053225321795,0.916364784278648,0.00431155895685298
"TGM2-ITGB3",0.936653846153846,0.380595870464726,0.401199189249025,0.0206033187842998
"TGM2-SDC4",0.591576923076923,0.231300869934118,0.30993526300965,0.0786343930755317
"TGM2-TBXA2R",0.9705,0.612752536924384,0.618880228452907,0.0061276915285231
"THBS1-CD36",0.617153846153846,0.135951972223655,0.17856336995352,0.0426113977298648
"THBS1-CD47",0.822730769230769,0.431641468022832,0.47571485535885,0.0440733873360185
"THBS1-ITGA2B",0.873923076923077,0.625704071768171,0.643672140588964,0.0179680688207936
"THBS1-ITGA3",0.931769230769231,0.364300493048854,0.397103256983247,0.0328027639343936
"THBS1-ITGA4",0.520346153846154,0.109241643245974,0.243157886880458,0.133916243634484
"THBS1-ITGA6",0.534769230769231,0.29813859312672,0.436805001885975,0.138666408759255
"THBS1-ITGB1",0.945,0.668742359373303,0.700936253709276,0.032193894335973
"THBS1-ITGB3",0.930615384615385,0.592601159411135,0.606103084929383,0.0135019255182487
"THBS1-LRP1",0.865923076923077,0.481201057939982,0.548604425339706,0.0674033673997232
"THBS1-LRP5",0.761230769230769,0.478245744387383,0.5235769091128,0.0453311647254167
"THBS1-SCARB1",0.682538461538462,0.278924076630449,0.344614627101107,0.0656905504706577
"THBS1-SDC1",0.513384615384615,0.249483994591922,0.525694679520082,0.27621068492816
"THBS1-SDC4",0.624384615384615,0.53406528583724,0.645015487974836,0.110950202137597
"THBS1-TNFRSF11B",0.969384615384615,0.46750774059666,0.468740061004045,0.00123232040738469
"THBS2-CD47",0.668423076923077,0.386337712540873,0.461973533896087,0.0756358213552139
"THBS2-ITGA4",0.670076923076923,0.251003166385927,0.306171536220319,0.0551683698343916
"THBS2-ITGA6",0.693153846153846,0.386085261580094,0.458467619754988,0.0723823581748942
"THBS2-ITGB1",0.909423076923077,0.722950270920921,0.766933223604035,0.0439829526831146
"THBS2-NOTCH3",0.777230769230769,0.456897954006454,0.506960210543795,0.050062256537341
"THBS2-NOTCH4",0.966153846153846,0.576428659626594,0.582393588011261,0.00596492838466689
"TIMP1-CD63",0.998384615384615,0.982482927221308,0.982680844177171,0.000197916955863686
"TIMP2-ITGA3",0.990653846153846,0.659564330989562,0.661312793544185,0.00174846255462247
"TIMP2-ITGB1",0.851038461538462,0.763520994171391,0.814830985664009,0.0513099914926177
"TIMP3-AGTR2",0.919538461538462,0.574733334375671,0.591973953711297,0.0172406193356264
"TIMP3-KDR",0.910230769230769,0.452241416286463,0.493324957679531,0.0410835413930681
"TNC-CNTN1",0.906961538461538,0.685730629371594,0.721270659320046,0.0355400299484514
"TNC-EGFR",0.818153846153846,0.428505790001604,0.470264421661042,0.0417586316594387
"TNC-ITGA2",0.975384615384615,0.571658287981349,0.576412580245571,0.00475429226422197
"TNC-ITGA5",0.934384615384615,0.639200553764493,0.6497383513679,0.0105377976034068
"TNC-ITGA7",0.964730769230769,0.636774685059719,0.6419078208048,0.00513313574508178
"TNC-ITGA8",0.904961538461538,0.436316555472972,0.447750185125681,0.0114336296527092
"TNC-ITGA9",0.505423076923077,0.170917432603049,0.508402566746025,0.337485134142976
"TNC-ITGAV",0.721423076923077,0.434246534593216,0.502299887108034,0.0680533525148177
"TNC-ITGB1",0.847807692307692,0.53269409379492,0.597843728760343,0.0651496349654228
"TNC-NT5E",0.993615384615385,0.738020576942756,0.7392099317551,0.00118935481234439
"TNC-PTPRB",0.944730769230769,0.506541597009698,0.511812066019666,0.00527046900996742
"TNC-PTPRZ1",0.843384615384615,0.708813427222956,0.761480628510143,0.0526672012871878
"TNC-SDC1",0.766807692307692,0.475722399246244,0.531347372508295,0.0556249732620503
"TNC-SDC4",0.832769230769231,0.501597352539466,0.528975942248675,0.0273785897092093
"TNFSF10-TNFRSF10B",0.947153846153846,0.723087619071102,0.727663090009513,0.00457547093841093
"TNFSF10-TNFRSF11B",0.936230769230769,0.687380395780011,0.69400275963898,0.00662236385896864
"TNFSF12-TNFRSF12A",0.678346153846154,0.14163909384486,0.229762867917914,0.0881237740730548
"TNFSF13B-TNFRSF13B",0.888153846153846,0.096458476859215,0.104625913801823,0.00816743694260787
"TNFSF9-TRAF2",0.992576923076923,0.774513366996816,0.775311400011724,0.00079803301490855
"TSLP-IL7R",0.935076923076923,0.228434471454474,0.241063451942894,0.0126289804884203
"UBA52-ACVR1",1,1,1,0
"UBA52-BMPR1B",0.999923076923077,0.999825031640159,0.999825153504035,1.21863876545447e-07
"UBA52-EGFR",1,1,1,2.22044604925031e-16
"UBA52-ERBB2",1,1,1,0
"UBA52-FSHR",1,1,1,0
"UBA52-NOTCH1",1,1,1,2.22044604925031e-16
"UBA52-TGFBR1",1,1,1,0
"UBA52-TGFBR2",1,1,1,0
"VCAM1-ITGA4",0.657269230769231,0.21623552652064,0.320561226743017,0.104325700222377
"VCAM1-ITGA9",0.691961538461539,0.336366483610087,0.499409461059873,0.163042977449786
"VCAM1-ITGAD",1,1,1,0
"VCAM1-ITGB1",0.936230769230769,0.729420054203925,0.754052107164924,0.0246320529609986
"VCAM1-ITGB2",0.998769230769231,0.876914455913225,0.877196591127276,0.000282135214050627
"VCAN-CD44",0.999961538461538,0.99996322808828,0.999963271818199,4.37299193523089e-08
"VCAN-EGFR",0.916615384615385,0.619314314406621,0.66680045559521,0.0474861411885884
"VCAN-ITGA4",0.824615384615385,0.514970493361272,0.584998094041448,0.0700276006801759
"VCAN-ITGB1",0.779461538461538,0.691177872519757,0.797483723127459,0.106305850607702
"VCAN-SELL",0.976576923076923,0.471838573934575,0.471860968103767,2.23941691919749e-05
"VCAN-TLR1",1,1,1,0
"VCAN-TLR2",0.998653846153846,0.845437182685245,0.846268440596258,0.000831257911012795
"VEGFA-EGFR",0.502,0.14870439552924,0.334274263887512,0.185569868358272
"VEGFA-EPHB2",0.534538461538462,0.212370239835496,0.360559824721578,0.148189584886082
"VEGFA-FLT1",0.750115384615385,0.25782457558813,0.390032400271067,0.132207824682937
"VEGFA-GPC1",0.862,0.501834364053491,0.570390877066463,0.0685565130129725
"VEGFA-ITGA9",0.882692307692308,0.552040386817677,0.615692421178463,0.0636520343607858
"VEGFA-ITGAV",0.744269230769231,0.378791025328554,0.480919880203914,0.10212885487536
"VEGFA-ITGB1",0.988730769230769,0.892615998505885,0.897477302586278,0.00486130408039287
"VEGFA-KDR",0.684230769230769,0.386501974174457,0.495553682265815,0.109051708091358
"VEGFA-NRP1",0.750461538461539,0.521732840752559,0.585495767299332,0.0637629265467728
"VEGFA-NRP2",0.684769230769231,0.329662613414772,0.409799513426395,0.0801369000116229
"VEGFA-RET",0.908192307692308,0.374517540226819,0.404666208004691,0.0301486677778713
"VEGFA-SIRPA",0.518115384615385,0.223011342599409,0.351780861304879,0.12876951870547
"VEGFA-TYRO3",0.880692307692308,0.339199560784339,0.387184890180251,0.047985329395912
"VEGFB-FLT1",0.904961538461538,0.441094959708002,0.474899423496466,0.0338044637884644
"VEGFB-NRP1",0.6065,0.261411386617726,0.504795703688511,0.243384317070785
"VEGFB-RET",0.977653846153846,0.741912785248128,0.754600521252764,0.0126877360046368
"VEGFB-TYRO3",0.968538461538462,0.577480282165139,0.593691716863717,0.0162114346985776
"VEGFC-FLT1",0.725653846153846,0.303405823994395,0.406129635730086,0.102723811735691
"VEGFC-FLT4",0.785384615384615,0.198631065562424,0.243496980144535,0.0448659145821105
"VEGFC-ITGA9",0.955461538461538,0.53459591201528,0.557570168597803,0.0229742565825233
"VEGFC-ITGB1",0.993576923076923,0.895214713012957,0.897898167270577,0.00268345425761995
"VEGFC-KDR",0.905038461538462,0.537590766166256,0.582680092438352,0.0450893262720954
"VEGFC-LYVE1",0.584653846153846,0.058196842785495,0.213384179583166,0.155187336797671
"VEGFC-NRP2",0.907653846153846,0.4261255801484,0.465208083073758,0.0390825029253581
"VEGFC-VIPR2",0.924615384615385,0.219386811088988,0.248175395961279,0.0287885848722911
"VIM-CD44",0.969615384615385,0.974611908443838,0.976817405058879,0.0022054966150411
"VIP-ADCYAP1R1",0.991153846153846,0.137419164923399,0.145337660956942,0.00791849603354353
"VIP-NPR3",0.984576923076923,0.161496753433796,0.168997399799343,0.00750064636554693
"VIP-VIPR1",0.559230769230769,0.0910993496511098,0.0997117779737684,0.00861242832265856
"VIP-VIPR2",0.916615384615385,0.0312649609436118,0.0414257567117355,0.0101607957681237
"VTN-CD47",0.806884615384615,0.596294747845901,0.658175580841242,0.0618808329953415
"VTN-ITGA2B",0.924576923076923,0.637165147907231,0.655910485634264,0.0187453377270334
"VTN-ITGA3",0.941576923076923,0.390145191100548,0.390627193331029,0.00048200223048106
"VTN-ITGA5",0.789384615384615,0.30605592474897,0.306204704671566,0.00014877992259682
"VTN-ITGA8",0.782,0.183253574765754,0.204020298588638,0.0207667238228844
"VTN-ITGAV",0.589230769230769,0.0721084220416402,0.210058204367579,0.137949782325939
"VTN-ITGB1",0.851461538461538,0.590544291610758,0.610606494049795,0.0200622024390363
"VTN-ITGB3",0.943769230769231,0.51571991417968,0.532116297166398,0.016396382986718
"VTN-ITGB5",0.650576923076923,0.156099339143452,0.265884482094771,0.10978514295132
"VTN-ITGB6",0.962423076923077,0.318580530559802,0.319544774837409,0.000964244277607218
"VTN-ITGB8",0.889769230769231,0.286601249834647,0.289562411543661,0.00296116170901423
"VTN-KDR",0.533576923076923,0.133928388705881,0.278381442408746,0.144453053702865
"VTN-PLAUR",0.988346153846154,0.481352968051011,0.487993880538638,0.00664091248762749
"VTN-PVR",0.954692307692308,0.424685730532674,0.425693217864797,0.00100748733212347
"VTN-TNFRSF11B",0.972192307692308,0.519258524638342,0.519617962891315,0.000359438252972799
"VWF-GP1BA",0.966769230769231,0.412934588150043,0.429044227986444,0.0161096398364007
"VWF-ITGA2B",0.617653846153846,0.110672010006029,0.337201755166657,0.226529745160628
"VWF-SIRPA",0.848961538461538,0.224632415688424,0.260045367926617,0.0354129522381931
"VWF-TNFRSF11B",0.855461538461538,0.224792501839226,0.24039984936126,0.0156073475220345
"WNT2-FZD1",0.909807692307692,0.52112341504417,0.585347833849559,0.0642244188053894
"WNT2-FZD5",0.618615384615385,0.0794432944232548,0.174284645402855,0.0948413509796
"WNT2-FZD8",0.807538461538462,0.156684747520689,0.194294630670756,0.0376098831500669
"WNT2-FZD9",0.762576923076923,0.0898199252183069,0.133880591700261,0.0440606664819543
"WNT2-LRP6",0.943653846153846,0.615264684872165,0.631575112204343,0.0163104273321777
"WNT3-FZD1",0.997653846153846,0.466773662224394,0.466794017022331,2.03547979361618e-05
"WNT3-FZD5",0.976461538461538,0.194295603368045,0.194556332001516,0.00026072863347093
"WNT3-FZD8",0.992538461538462,0.317298454224679,0.317304144022492,5.68979781295775e-06
"WNT3-LRP6",0.999538461538461,0.698433496530773,0.698772850819534,0.000339354288761085
"WNT3-RYK",0.9995,0.817292442350223,0.817306109617852,1.36672676283034e-05
"WNT4-FZD2",0.953692307692308,0.560177883795808,0.587465976930612,0.0272880931348032
"WNT4-FZD6",0.699461538461538,0.287945186438587,0.434347767803244,0.146402581364657
"WNT5A-FZD1",0.594730769230769,0.336946992557936,0.494271782453923,0.157324789895987
"WNT5A-FZD2",0.749692307692308,0.469305739087873,0.601603391188648,0.132297652100775
"WNT5A-FZD4",0.766807692307692,0.409767047195235,0.493912334656062,0.0841452874608268
"WNT5A-FZD5",0.950115384615385,0.366329609430754,0.383727662698066,0.0173980532673123
"WNT5A-FZD6",0.904230769230769,0.424330211717861,0.460722216719591,0.0363920050017295
"WNT5A-FZD8",0.811846153846154,0.476727162879076,0.543686693658291,0.0669595307792146
"WNT5A-LRP5",0.747846153846154,0.409527837943824,0.483246083792722,0.073718245848898
"WNT5A-MCAM",0.652115384615385,0.323671936347154,0.417037032860619,0.0933650965134653
"WNT5A-ROR1",0.595653846153846,0.352206000822155,0.461486328698773,0.109280327876618
"WNT5A-ROR2",0.598884615384615,0.345214060663328,0.48725212608314,0.142038065419812
"WNT5A-RYK",0.766692307692308,0.390367650135665,0.501791081704384,0.111423431568719
"WNT7A-FZD10",0.512807692307692,0.542790257063681,0.57329960160431,0.0305093445406291
"WNT7A-FZD5",0.805153846153846,0.717208123223439,0.718953498587746,0.00174537536430686
"WNT7A-FZD9",0.945653846153846,0.947140915814565,0.947773864164001,0.000632948349436058
"WNT7A-LRP6",1,1,1,0
"WNT7B-FZD1",0.931346153846154,0.436251027285037,0.467972852886719,0.0317218256016827
"WNT7B-FZD10",0.915846153846154,0.147326126458854,0.177939575847931,0.0306134493890766
"WNT7B-LRP5",0.8195,0.274530328358197,0.327126563226812,0.0525962348686143
