"mechanism","ligand","receptor","frac_from_ligand","dominance","dominant","r_dominant","r_other","max_r_any_input_gene","nearest_gene"
"A2M-LRP1","A2m","Lrp1",0.868384615384615,0.868384615384615,"ligand",0.754172676524896,0.193070945275304,0.754172676524899,"A2m"
"ACE-AGTR2","Ace","Agtr2",0.989384615384615,0.989384615384615,"ligand",0.763610599437998,0.0300396462700039,0.763610599438003,"Ace"
"ACE-BDKRB2","Ace","Bdkrb2",0.293576923076923,0.706423076923077,"receptor",0.466920025853729,0.270964844940651,0.491913074438697,"Tlr1"
"ADAM10-AXL","Adam10","Axl",0.281653846153846,0.718346153846154,"receptor",0.678456358945967,0.407147164866614,0.67845635894597,"Axl"
"ADAM10-EPHA3","Adam10","Epha3",0.173038461538462,0.826961538461539,"receptor",0.652096303972882,0.352354361798129,0.652096303972886,"Epha3"
"ADAM12-ITGA9","Adam12","Itga9",0.755346153846154,0.755346153846154,"ligand",0.638217406447651,0.538151391621297,0.638217406447655,"Adam12"
"ADAM12-ITGB1","Adam12","Itgb1",0.956346153846154,0.956346153846154,"ligand",0.902758321238973,0.457210943294388,0.902758321238967,"Adam12"
"ADAM12-SDC4","Adam12","Sdc4",0.380615384615385,0.619384615384615,"receptor",0.570232255357383,0.383051110140533,0.57023225535738,"Sdc4"
"ADAM15-ITGA5","Adam15","Itga5",0.376423076923077,0.623576923076923,"receptor",0.506483126739844,0.327826491430374,0.506483126739844,"Itga5"
"ADAM15-ITGA9","Adam15","Itga9",0.943384615384615,0.943384615384615,"ligand",0.690208301710475,0.250542559733766,0.690208301710472,"Adam15"
"ADAM15-ITGAV","Adam15","Itgav",0.877423076923077,0.877423076923077,"ligand",0.610125217419831,0.31957400631433,0.610125217419835,"Adam15"
"ADAM15-ITGB1","Adam15","Itgb1",0.992884615384615,0.992884615384615,"ligand",0.876665224531881,0.246206121745175,0.876665224531884,"Adam15"
"ADAM15-ITGB3","Adam15","Itgb3",0.128192307692308,0.871807692307692,"receptor",0.44200263397702,0.187009666956226,0.442002633977019,"Itgb3"
"ADAM17-ERBB4","Adam17","Erbb4",0.580538461538462,0.580538461538462,"ligand",0.569294893449836,0.246053165734527,0.569294893449833,"Adam17"
"ADAM17-ITGA5","Adam17","Itga5",0.279884615384615,0.720115384615385,"receptor",0.534548367206128,0.360712344899179,0.534548367206129,"Itga5"
"ADAM17-ITGB1","Adam17","Itgb1",0.992346153846154,0.992346153846154,"ligand",0.943008192132372,0.268958407003189,0.943008192132369,"Adam17"
"ADAM17-NOTCH1","Adam17","Notch1",0.767346153846154,0.767346153846154,"ligand",0.648499954458034,0.2909629861658,0.648499954458033,"Adam17"
"ADAM2-CD9","Adam2","Cd9",0.9995,0.9995,"ligand",0.999979857302773,0.230808562984914,0.999979857302775,"Adam2"
"ADAM2-ITGA6","Adam2","Itga6",0.986269230769231,0.986269230769231,"ligand",0.998663572126393,0.261243654564459,0.998663572126392,"Adam2"
"ADAM2-ITGA9","Adam2","Itga9",1,1,"ligand",1,0.343035637794235,1,"Adam2"
"ADAM2-ITGB1","Adam2","Itgb1",1,1,"ligand",1,0.395804992108171,1,"Adam2"
"ADAM23-ITGA5","Adam23","Itga5",0.586961538461538,0.586961538461538,"ligand",0.402926068256699,0.38318477084603,0.409537421040091,"Cxcr5"
"ADAM23-ITGB3","Adam23","Itgb3",0.193923076923077,0.806076923076923,"receptor",0.398996247195889,0.200580176565144,0.398996247195886,"Itgb3"
"ADAM28-ITGA4","Adam28","Itga4",0.988,0.988,"ligand",0.398684047344132,0.0298802760063824,0.426083970850956,"Scgb3a2"
"ADAM9-ITGA3","Adam9","Itga3",0.0705,0.9295,"receptor",0.592015861208056,0.244601754115882,0.592015861208055,"Itga3"
"ADAM9-ITGA6","Adam9","Itga6",0.692115384615385,0.692115384615385,"ligand",0.549546311296401,0.418692931284734,0.549546311296401,"Adam9"
"ADAM9-ITGAV","Adam9","Itgav",0.821423076923077,0.821423076923077,"ligand",0.655061040131074,0.374929078347274,0.655061040131074,"Adam9"
"ADAM9-ITGB1","Adam9","Itgb1",0.991269230769231,0.991269230769231,"ligand",0.932438837037856,0.271652320135675,0.932438837037873,"Adam9"
"ADAM9-ITGB5","Adam9","Itgb5",0.861884615384615,0.861884615384615,"ligand",0.709327033269668,0.308069278208672,0.709327033269671,"Adam9"
"ADCYAP1-ADCYAP1R1","Adcyap1","Adcyap1r1",0.983884615384615,0.983884615384615,"ligand",0.961932442709664,0.462843551676416,0.96193244270966,"Adcyap1"
"ADCYAP1-VIPR1","Adcyap1","Vipr1",0.367769230769231,0.632230769230769,"receptor",0.433960416459923,0.158215583995761,0.433960416459924,"Vipr1"
"ADCYAP1-VIPR2","Adcyap1","Vipr2",0.7935,0.7935,"ligand",0.345970031644441,0.116668594940095,0.49754454700506,"Calm2"
"ADM-CALCR","Adm","Calcr",0.864076923076923,0.864076923076923,"ligand",0.25117212896962,0.574419561722688,0.578706814269832,"Mpl"
"ADM-CALCRL","Adm","Calcrl",0.984538461538462,0.984538461538462,"ligand",0.557333387057961,0.0456863301174964,0.557333387057962,"Adm"
"ADM-GPR182","Adm","Gpr182",0.876846153846154,0.876846153846154,"ligand",0.271668349609466,0.122679430453788,0.320327646252019,"Gucy2c"
"ADM-RAMP2","Adm","Ramp2",0.998576923076923,0.998576923076923,"ligand",0.83615195862017,0.0446420946485523,0.836151958620164,"Adm"
"AGRN-ATP1A3","Agrn","Atp1a3",0.114807692307692,0.885192307692308,"receptor",0.829412456502493,0.49756709462887,0.835720159002934,"Shank1"
"AGRN-LRP4","Agrn","Lrp4",0.0206153846153846,0.979384615384615,"receptor",0.836871040080076,0.196035554468261,0.836871040080078,"Lrp4"
"AGRN-MUSK","Agrn","Musk",0.0124230769230769,0.987576923076923,"receptor",0.888564569560144,0.0806839625025944,0.888564569560141,"Musk"
"AGRP-MC4R","Agrp","Mc4r",0.000307692307692308,0.999692307692308,"receptor",0.975936629301024,0.0530039695273818,0.975936629301031,"Mc4r"
"AGRP-SDC3","Agrp","Sdc3",0.0749615384615385,0.925038461538461,"receptor",0.878056183564223,0.238066904275648,0.878056183564218,"Sdc3"
"AGT-AGTR2","Agt","Agtr2",0.847423076923077,0.847423076923077,"ligand",0.678133767135641,-0.0868189093423766,0.67813376713564,"Agt"
"AGT-LRP2","Agt","Lrp2",0.132923076923077,0.867076923076923,"receptor",0.398501895832567,0.0209603733966002,0.398501895832567,"Lrp2"
"AGT-MAS1","Agt","Mas1",0.0665384615384615,0.933461538461538,"receptor",0.3043751736195,-0.134206865607204,0.448098494263369,"Cxcr5"
"AHSG-INSR","Ahsg","Insr",0.273230769230769,0.726769230769231,"receptor",0.549946681386352,-0.0850910883739115,0.54994668138635,"Insr"
"ALB-LRP2","Alb","Lrp2",0.000269230769230769,0.999730769230769,"receptor",0.988577651812417,-0.0384379244916389,0.988577651812419,"Lrp2"
"ALOX5AP-ALOX5","Alox5ap","Alox5",0.0135384615384615,0.986461538461539,"receptor",0.708646989348252,0.0472795286885893,0.70864698934825,"Alox5"
"ANGPT1-ITGA5","Angpt1","Itga5",0.507730769230769,0.507730769230769,"ligand",0.395625359545488,0.434925811560652,0.43492581156065,"Itga5"
"ANGPT1-ITGB1","Angpt1","Itgb1",0.989769230769231,0.989769230769231,"ligand",0.895395968258271,0.291196696659141,0.895395968258269,"Angpt1"
"ANGPT1-TEK","Angpt1","Tek",0.758692307692308,0.758692307692308,"ligand",0.537536826408682,0.406059682963934,0.537536826408684,"Angpt1"
"ANGPT1-TIE1","Angpt1","Tie1",0.458807692307692,0.541192307692308,"receptor",0.547340007781484,0.457835394498473,0.547340007781485,"Tie1"
"ANGPT2-TEK","Angpt2","Tek",0.940538461538462,0.940538461538462,"ligand",0.691037500253289,0.208843608345926,0.691037500253289,"Angpt2"
"ANGPT2-TIE1","Angpt2","Tie1",0.894,0.894,"ligand",0.634718778800608,0.320404607353335,0.634718778800609,"Angpt2"
"ANGPT4-TEK","Angpt4","Tek",0.998653846153846,0.998653846153846,"ligand",0.983829165452711,0.111489693141909,0.983829165452713,"Angpt4"
"ANGPT4-TIE1","Angpt4","Tie1",0.996807692307692,0.996807692307692,"ligand",0.971572215595399,0.171514026976621,0.97157221559539,"Angpt4"
"ANGPTL1-TEK","Angptl1","Tek",0.648230769230769,0.648230769230769,"ligand",0.421580775487017,0.442489047199884,0.507261804842783,"Dlk1"
"ANGPTL2-TIE1","Angptl2","Tie1",0.181692307692308,0.818307692307692,"receptor",0.588719552614644,0.281590555639327,0.58871955261464,"Tie1"
"ANGPTL3-ITGA5","Angptl3","Itga5",0.839961538461538,0.839961538461538,"ligand",0.529773016854327,0.0218947900799572,0.594455033746693,"Slc2a2"
"ANGPTL3-ITGAV","Angptl3","Itgav",0.899384615384615,0.899384615384615,"ligand",0.833182282199615,-0.136941126882862,0.836015906206478,"Slc2a2"
"ANGPTL3-ITGB3","Angptl3","Itgb3",0.7315,0.7315,"ligand",0.462231017608455,0.306614317776222,0.525694235752474,"Cd5l"
"ANGPTL4-TIE1","Angptl4","Tie1",0.331076923076923,0.668923076923077,"receptor",0.555028288851834,0.485726558277121,0.555028288851836,"Tie1"
"ANXA1-DYSF","Anxa1","Dysf",0.253615384615385,0.746384615384615,"receptor",0.559280215315713,0.103196792025994,0.55928021531571,"Dysf"
"ANXA1-EGFR","Anxa1","Egfr",0.386769230769231,0.613230769230769,"receptor",0.523409828939889,0.216025427067567,0.523409828939891,"Egfr"
"APLN-APLNR","Apln","Aplnr",0.886692307692308,0.886692307692308,"ligand",0.632677047816459,0.409609858349824,0.632677047816463,"Apln"
"APOB-CALCR","Apob","Calcr",0.631423076923077,0.631423076923077,"ligand",0.123421289922287,0.483960112340627,0.496488228300153,"Grm7"
"APOB-ITGAM","Apob","Itgam",0.515346153846154,0.515346153846154,"ligand",0.231402830671804,0.295516653880076,0.295516653880077,"Itgam"
"APOB-ITGB2","Apob","Itgb2",0.389653846153846,0.610346153846154,"receptor",0.402842210012762,0.416922528309569,0.504458957003288,"F12"
"APOB-LDLR","Apob","Ldlr",0.852807692307692,0.852807692307692,"ligand",0.727350691606134,0.0412328891999911,0.75136621716761,"Slc2a2"
"APOB-LRP2","Apob","Lrp2",0.577115384615385,0.577115384615385,"ligand",0.166806915157019,0.250231361832707,0.257119139485045,"Gcgr"
"APOB-LRP6","Apob","Lrp6",0.880538461538461,0.880538461538461,"ligand",0.805865092722353,-0.190240372414171,0.831190651589424,"Slc2a2"
"APOB-LRP8","Apob","Lrp8",0.754615384615385,0.754615384615385,"ligand",0.43380571104113,-0.0580317585997209,0.579767327132718,"Gcgr"
"APOB-LSR","Apob","Lsr",0.796923076923077,0.796923076923077,"ligand",0.550905739439031,0.100591226652322,0.632781720933958,"Mst1"
"APOD-LEPR","Apod","Lepr",0.195461538461538,0.804538461538462,"receptor",0.730816102795988,0.596839151952826,0.73081610279599,"Lepr"
"APOE-CHRNA4","Apoe","Chrna4",0.00357692307692308,0.996423076923077,"receptor",0.919972761709659,-0.00246125035231851,0.919972761709657,"Chrna4"
"APOE-LDLR","Apoe","Ldlr",0.00626923076923077,0.993730769230769,"receptor",0.944255791952525,0.00189369748074325,0.944255791952518,"Ldlr"
"APOE-LRP1","Apoe","Lrp1",0.121923076923077,0.878076923076923,"receptor",0.912789608828199,0.22646241325367,0.912789608828201,"Lrp1"
"APOE-LRP2","Apoe","Lrp2",0.000769230769230769,0.999230769230769,"receptor",0.974795330390865,0.0465712798460185,0.974795330390864,"Lrp2"
"APOE-LRP5","Apoe","Lrp5",0.00526923076923077,0.994730769230769,"receptor",0.963823575000705,0.0399285318485709,0.963823575000706,"Lrp5"
"APOE-LRP8","Apoe","Lrp8",0.00269230769230769,0.997307692307692,"receptor",0.990721316469781,-0.0145634278090537,0.990721316469793,"Lrp8"
"APOE-SCARB1","Apoe","Scarb1",0.00784615384615385,0.992153846153846,"receptor",0.903535585492097,0.0280612562687609,0.903535585492102,"Scarb1"
"APOE-SORL1","Apoe","Sorl1",0.00684615384615385,0.993153846153846,"receptor",0.9222862874449,0.0084806182749259,0.922286287444902,"Sorl1"
"APOE-VLDLR","Apoe","Vldlr",0.00842307692307692,0.991576923076923,"receptor",0.947063913097642,0.0146749890930106,0.947063913097639,"Vldlr"
"APP-CAV1","App","Cav1",0.339307692307692,0.660692307692308,"receptor",0.690102856049663,0.381273325669065,0.69010285604967,"Cav1"
"APP-CD74","App","Cd74",0.0431538461538462,0.956846153846154,"receptor",0.452934528135223,-0.00960186386723829,0.463786680134587,"Insl5"
"APP-GPC1","App","Gpc1",0.172461538461538,0.827538461538462,"receptor",0.849760201809161,0.437157037814733,0.849760201809164,"Gpc1"
"APP-LRP1","App","Lrp1",0.421307692307692,0.578692307692308,"receptor",0.83139989526689,0.711364161958202,0.831399895266895,"Lrp1"
"APP-NCSTN","App","Ncstn",0.0433076923076923,0.956692307692308,"receptor",0.885613304872545,0.309374311189452,0.885613304872541,"Ncstn"
"APP-NGFR","App","Ngfr",0.0105384615384615,0.989461538461539,"receptor",0.959824022362243,0.196307451992024,0.959824022362242,"Ngfr"
"APP-TNFRSF21","App","Tnfrsf21",0.0505384615384615,0.949461538461538,"receptor",0.916001551385111,0.381329538140836,0.916001551385107,"Tnfrsf21"
"ARTN-GFRA1","Artn","Gfra1",1,1,"ligand",1,0.217084272691951,0.999999999999999,"Artn"
"ARTN-RET","Artn","Ret",0.999923076923077,0.999923076923077,"ligand",0.999999924432781,0.179180436948179,0.999999924432779,"Artn"
"B2M-CD247","B2m","Cd247",0.358923076923077,0.641076923076923,"receptor",0.861282782993938,0.647647292598096,0.861282782993936,"Cd247"
"B2M-CD3D","B2m","Cd3d",0.0228076923076923,0.977192307692308,"receptor",0.894800741089324,0.327594068040694,0.894800741089325,"Cd3d"
"B2M-HFE","B2m","Hfe",0.00192307692307692,0.998076923076923,"receptor",0.928510812236187,0.133022100007783,0.928510812236187,"Hfe"
"B2M-TFRC","B2m","Tfrc",0.177307692307692,0.822692307692308,"receptor",0.716501553908957,0.0757126790432744,0.716501553908957,"Tfrc"
"BCAN-EGFR","Bcan","Egfr",0.823,0.823,"ligand",0.44537280556401,0.10344039908042,0.518834452099813,"Wnt7a"
"BCAN-NRCAM","Bcan","Nrcam",0.800153846153846,0.800153846153846,"ligand",0.729004099866687,0.718633598279259,0.75274074004107,"Nrxn2"
"BGN-LY96","Bgn","Ly96",0.00188461538461538,0.998115384615385,"receptor",0.953464115205337,0.0341721528375235,0.953464115205339,"Ly96"
"BGN-TLR1","Bgn","Tlr1",0,1,"receptor",1,0.0405945221457335,1,"Tlr1"
"BGN-TLR2","Bgn","Tlr2",0.000615384615384615,0.999384615384615,"receptor",0.959674184710494,0.0814013090879166,0.959674184710501,"Tlr2"
"BGN-TLR4","Bgn","Tlr4",0.00134615384615385,0.998653846153846,"receptor",0.975425005537881,0.0718986738481743,0.975425005537888,"Tlr4"
"BMP2-ACVR1","Bmp2","Acvr1",0.940846153846154,0.940846153846154,"ligand",0.648075409987636,0.207714649658636,0.64807540998764,"Bmp2"
"BMP2-ACVR2A","Bmp2","Acvr2a",0.953576923076923,0.953576923076923,"ligand",0.626102136430293,0.109339408223656,0.62610213643029,"Bmp2"
"BMP2-ACVR2B","Bmp2","Acvr2b",0.640192307692308,0.640192307692308,"ligand",0.293520317277618,0.233637096030977,0.452283069845138,"Artn"
"BMP2-BMPR1A","Bmp2","Bmpr1a",0.988692307692308,0.988692307692308,"ligand",0.854854026282777,0.144327653677847,0.854854026282772,"Bmp2"
"BMP2-BMPR1B","Bmp2","Bmpr1b",0.883730769230769,0.883730769230769,"ligand",0.512516955951928,0.180072963626485,0.512516955951922,"Bmp2"
"BMP2-BMPR2","Bmp2","Bmpr2",0.984807692307692,0.984807692307692,"ligand",0.797146908486183,0.12080305094973,0.797146908486184,"Bmp2"
"BMP2-ENG","Bmp2","Eng",0.926576923076923,0.926576923076923,"ligand",0.584809944764875,0.171067292010528,0.58480994476487,"Bmp2"
"BMP2-HFE2","Bmp2","Hfe2",0.808,0.808,"ligand",0.49283373517064,0.185601473481607,0.492833735170642,"Bmp2"
"BMP3-ACVR1","Bmp3","Acvr1",0.895807692307692,0.895807692307692,"ligand",0.631010498193272,0.278018814256773,0.631010498193272,"Bmp3"
"BMP3-ACVR2A","Bmp3","Acvr2a",0.920884615384615,0.920884615384615,"ligand",0.683192440101814,0.155105619395799,0.683192440101815,"Bmp3"
"BMP3-ACVR2B","Bmp3","Acvr2b",0.580423076923077,0.580423076923077,"ligand",0.292409230047092,0.282545473185008,0.380036048341707,"Fgfr2"
"BMP3-BMPR1A","Bmp3","Bmpr1a",0.981615384615385,0.981615384615385,"ligand",0.874472060520264,0.218512838297509,0.874472060520266,"Bmp3"
"BMP3-BMPR1B","Bmp3","Bmpr1b",0.833730769230769,0.833730769230769,"ligand",0.552423966263377,0.281391230913223,0.552423966263379,"Bmp3"
"BMP3-BMPR2","Bmp3","Bmpr2",0.974923076923077,0.974923076923077,"ligand",0.82989211013289,0.217914601837459,0.829892110132888,"Bmp3"
"BMP4-ACVR1","Bmp4","Acvr1",0.730769230769231,0.730769230769231,"ligand",0.544840043249814,0.422849976062911,0.544840043249813,"Bmp4"
"BMP4-ACVR2A","Bmp4","Acvr2a",0.793192307692308,0.793192307692308,"ligand",0.604450315872298,0.23121821601536,0.604450315872302,"Bmp4"
"BMP4-ACVR2B","Bmp4","Acvr2b",0.150346153846154,0.849653846153846,"receptor",0.503828913663373,0.247790580488723,0.503828913663378,"Acvr2b"
"BMP4-BMPR1A","Bmp4","Bmpr1a",0.944423076923077,0.944423076923077,"ligand",0.796907251465694,0.339266511508319,0.796907251465699,"Bmp4"
"BMP4-BMPR1B","Bmp4","Bmpr1b",0.5605,0.5605,"ligand",0.439284022030824,0.367437979068041,0.439284022030825,"Bmp4"
"BMP4-BMPR2","Bmp4","Bmpr2",0.923384615384615,0.923384615384615,"ligand",0.782804791474266,0.293577144872395,0.782804791474266,"Bmp4"
"BMP4-HFE2","Bmp4","Hfe2",0.501153846153846,0.501153846153846,"ligand",0.302756452929622,0.419409556293188,0.419409556293187,"Hfe2"
"BMP5-ACVR1","Bmp5","Acvr1",0.760038461538462,0.760038461538462,"ligand",0.53318537769143,0.403255766459441,0.533185377691432,"Bmp5"
"BMP5-ACVR2A","Bmp5","Acvr2a",0.809730769230769,0.809730769230769,"ligand",0.56628439172024,0.22771314566245,0.566284391720239,"Bmp5"
"BMP5-ACVR2B","Bmp5","Acvr2b",0.271615384615385,0.728384615384615,"receptor",0.453242807378011,0.202832998725163,0.453242807378012,"Acvr2b"
"BMP5-BMPR1A","Bmp5","Bmpr1a",0.936653846153846,0.936653846153846,"ligand",0.755491188300282,0.321788474270813,0.755491188300278,"Bmp5"
"BMP5-BMPR1B","Bmp5","Bmpr1b",0.637769230769231,0.637769230769231,"ligand",0.48821728579051,0.421823822215312,0.488217285790513,"Bmp5"
"BMP5-BMPR2","Bmp5","Bmpr2",0.919730769230769,0.919730769230769,"ligand",0.747264737496603,0.310296609493246,0.747264737496601,"Bmp5"
"BMP5-HFE2","Bmp5","Hfe2",0.577576923076923,0.577576923076923,"ligand",0.345999249340507,0.320040595787171,0.345999249340504,"Bmp5"
"BMP6-ACVR1","Bmp6","Acvr1",0.913269230769231,0.913269230769231,"ligand",0.429865088912266,0.26522840442936,0.429865088912269,"Bmp6"
"BMP6-ACVR2A","Bmp6","Acvr2a",0.929153846153846,0.929153846153846,"ligand",0.503052723683977,0.118742533759816,0.50305272368398,"Bmp6"
"BMP6-ACVR2B","Bmp6","Acvr2b",0.692230769230769,0.692230769230769,"ligand",0.24896293022439,0.287338879927848,0.289969533852017,"Fgfr2"
"BMP6-BMPR1A","Bmp6","Bmpr1a",0.976115384615385,0.976115384615385,"ligand",0.682588752416627,0.174974807074597,0.682588752416625,"Bmp6"
"BMP6-BMPR1B","Bmp6","Bmpr1b",0.862,0.862,"ligand",0.359847322884228,0.195706728059114,0.359847322884226,"Bmp6"
"BMP6-BMPR2","Bmp6","Bmpr2",0.969692307692308,0.969692307692308,"ligand",0.661369672070586,0.166330590606318,0.661369672070582,"Bmp6"
"BMP7-ACVR1","Bmp7","Acvr1",0.677807692307692,0.677807692307692,"ligand",0.48298305220445,0.444158248549487,0.482983052204445,"Bmp7"
"BMP7-ACVR2A","Bmp7","Acvr2a",0.7595,0.7595,"ligand",0.559716327459692,0.265004555435888,0.559716327459691,"Bmp7"
"BMP7-ACVR2B","Bmp7","Acvr2b",0.121153846153846,0.878846153846154,"receptor",0.53250202243342,0.197843787666457,0.532502022433421,"Acvr2b"
"BMP7-BMPR1A","Bmp7","Bmpr1a",0.928192307692308,0.928192307692308,"ligand",0.749202277897459,0.278882323148927,0.749202277897457,"Bmp7"
"BMP7-BMPR1B","Bmp7","Bmpr1b",0.462692307692308,0.537307692307692,"receptor",0.295860143651301,0.310824336993119,0.39355575815667,"Fgfr2"
"BMP7-BMPR2","Bmp7","Bmpr2",0.911230769230769,0.911230769230769,"ligand",0.728935007578941,0.259201725538148,0.728935007578942,"Bmp7"
"BMP7-ENG","Bmp7","Eng",0.6265,0.6265,"ligand",0.469743673069186,0.408876852129352,0.469743673069186,"Bmp7"
"BMP8B-ACVR1","Bmp8b","Acvr1",0.980615384615385,0.980615384615385,"ligand",0.585992958706555,0.0917351115297219,0.585992958706556,"Bmp8b"
"BMP8B-ACVR2A","Bmp8b","Acvr2a",0.993730769230769,0.993730769230769,"ligand",0.784461635006723,0.193840885588995,0.784461635006725,"Bmp8b"
"BMP8B-ACVR2B","Bmp8b","Acvr2b",0.916230769230769,0.916230769230769,"ligand",0.361568631635305,0.189306979240888,0.496347313519777,"Adcy9"
"BMP8B-BMPR1A","Bmp8b","Bmpr1a",0.996076923076923,0.996076923076923,"ligand",0.770363542841797,0.0730509984662297,0.77036354284179,"Bmp8b"
"BMP8B-BMPR1B","Bmp8b","Bmpr1b",0.965307692307692,0.965307692307692,"ligand",0.580720109408994,0.136422854528604,0.580720109408991,"Bmp8b"
"BMP8B-BMPR2","Bmp8b","Bmpr2",0.997307692307692,0.997307692307692,"ligand",0.819683488213755,0.137465593826212,0.819683488213757,"Bmp8b"
"BTC-EGFR","Btc","Egfr",0.999269230769231,0.999269230769231,"ligand",0.942536211651652,0.0372489556077977,0.942536211651648,"Btc"
"BTC-ERBB2","Btc","Erbb2",0.999192307692308,0.999192307692308,"ligand",0.870265007881509,0.0719943222903119,0.870265007881513,"Btc"
"BTC-ERBB3","Btc","Erbb3",0.996884615384615,0.996884615384615,"ligand",0.758188219087367,0.112943324894951,0.758188219087368,"Btc"
"BTC-ERBB4","Btc","Erbb4",0.998692307692308,0.998692307692308,"ligand",0.841433396782425,0.0396195491584746,0.841433396782424,"Btc"
"C1QA-CD93","C1qa","Cd93",0.562961538461539,0.562961538461539,"ligand",0.349197505803471,0.355666323123885,0.386367910672971,"Cd247"
"C1QA-CSPG4","C1qa","Cspg4",0.387346153846154,0.612653846153846,"receptor",0.336133638660125,0.231544238869171,0.449979946026703,"Igf2"
"C1QB-LRP1","C1qb","Lrp1",0.955692307692308,0.955692307692308,"ligand",0.65413349145988,0.364234212027282,0.654133491459877,"C1qb"
"C3-C3AR1","C3","C3ar1",0.0618461538461538,0.938153846153846,"receptor",0.48672805048585,-0.0474603536157262,0.486728050485849,"C3ar1"
"C3-CD46","C3","Cd46",0.0443461538461538,0.955653846153846,"receptor",0.583331528242315,-0.114849139316077,0.583331528242317,"Cd46"
"C3-CD81","C3","Cd81",0.861692307692308,0.861692307692308,"ligand",0.806890800681893,-0.270101011307689,0.877467431624409,"Mst1"
"C3-IFITM1","C3","Ifitm1",0.451269230769231,0.548730769230769,"receptor",0.21755104009752,0.154985704047184,0.288434902955866,"Gcgr"
"C3-ITGAM","C3","Itgam",0.0184230769230769,0.981576923076923,"receptor",0.562024146343005,0.063092017404907,0.562024146343003,"Itgam"
"C3-ITGB2","C3","Itgb2",0.0065,0.9935,"receptor",0.901303349235401,0.13389179843683,0.901303349235407,"Itgb2"
"C3-LRP1","C3","Lrp1",0.832346153846154,0.832346153846154,"ligand",0.625126741812569,-0.0777319507713047,0.721090031795851,"Mst1"
"C4B-CD46","C4b","Cd46",0.444115384615385,0.555884615384615,"receptor",0.269387832173,0.110421763213812,0.328534184184012,"Gucy2c"
"CALCA-CALCR","Calca","Calcr",0.478192307692308,0.521807692307692,"receptor",0.946183052743885,0.126366355730845,0.946826383401453,"Mpl"
"CALCA-CALCRL","Calca","Calcrl",0.9565,0.9565,"ligand",0.439418790537612,0.111290421044656,0.439418790537614,"Calca"
"CALCA-RAMP1","Calca","Ramp1",0.973346153846154,0.973346153846154,"ligand",0.538383975908664,0.116189959152605,0.538383975908663,"Calca"
"CALCA-RAMP2","Calca","Ramp2",0.994576923076923,0.994576923076923,"ligand",0.720368330864565,0.107197779097486,0.720368330864568,"Calca"
"CALM1-ABCA1","Calm1","Abca1",0.000307692307692308,0.999692307692308,"receptor",0.996785835664738,0.149338467873354,0.996785835664738,"Abca1"
"CALM1-ADCY8","Calm1","Adcy8",0,1,"receptor",1,0.53374240797956,1,"Adcy8"
"CALM1-ADCYAP1R1","Calm1","Adcyap1r1",0,1,"receptor",1,0.569426138815882,1,"Adcyap1r1"
"CALM1-CACNA1C","Calm1","Cacna1c",0.0320384615384615,0.967961538461538,"receptor",0.71091353089902,0.216804419290913,0.710913530899019,"Cacna1c"
"CALM1-CALCR","Calm1","Calcr",0,1,"receptor",1,0.546508446371689,1,"Calcr"
"CALM1-EGFR","Calm1","Egfr",0.000615384615384615,0.999384615384615,"receptor",0.994160263340433,0.0157816209449783,0.994160263340433,"Egfr"
"CALM1-FAS","Calm1","Fas",0,1,"receptor",1,0.0151889739463849,1,"Fas"
"CALM1-GLP2R","Calm1","Glp2r",0,1,"receptor",1,-0.288441713843084,1,"Glp2r"
"CALM1-GRM3","Calm1","Grm3",0,1,"receptor",1,0.472104260064106,1.00000000000001,"Grm3"
"CALM1-GRM4","Calm1","Grm4",0,1,"receptor",1,0.778736420699071,0.999999999999998,"Grm4"
"CALM1-GRM5","Calm1","Grm5",3.84615384615385e-05,0.999961538461538,"receptor",0.998794493710089,0.608775140206063,0.998794493710098,"Grm5"
"CALM1-GRM7","Calm1","Grm7",0.131769230769231,0.868230769230769,"receptor",0.73854011906689,0.141473008467356,0.738540119066886,"Grm7"
"CALM1-HMMR","Calm1","Hmmr",0.000884615384615385,0.999115384615385,"receptor",0.994694648546466,0.02518333915483,0.994694648546468,"Hmmr"
"CALM1-HTR2C","Calm1","Htr2c",0,1,"receptor",1,0.25914650684218,0.999999999999992,"Htr2c"
"CALM1-INSR","Calm1","Insr",7.69230769230769e-05,0.999923076923077,"receptor",0.999969280780067,0.174986100142548,0.999969280780064,"Insr"
"CALM1-KCNN4","Calm1","Kcnn4",0,1,"receptor",1,-0.227666729988469,0.999999999999999,"Kcnn4"
"CALM1-KCNQ1","Calm1","Kcnq1",3.84615384615385e-05,0.999961538461538,"receptor",0.998430499783336,-0.0104806004676609,0.998430499783338,"Kcnq1"
"CALM1-KCNQ3","Calm1","Kcnq3",0.000153846153846154,0.999846153846154,"receptor",0.955353480385049,0.521684999667516,0.955353480385053,"Kcnq3"
"CALM1-KCNQ5","Calm1","Kcnq5",0.00765384615384615,0.992346153846154,"receptor",0.874635608542766,0.121252149113595,0.874635608542768,"Kcnq5"
"CALM1-MYLK","Calm1","Mylk",0.003,0.997,"receptor",0.970501908574568,0.110471885530853,0.970501908574573,"Mylk"
"CALM1-OPRM1","Calm1","Oprm1",0,1,"receptor",1,0.552072966177328,0.999999999999996,"Oprm1"
"CALM1-PDE1A","Calm1","Pde1a",0.000538461538461538,0.999461538461539,"receptor",0.989136090991496,0.06179329253088,0.989136090991487,"Pde1a"
"CALM1-PDE1B","Calm1","Pde1b",0,1,"receptor",1,0.617916569514472,1,"Pde1b"
"CALM1-PDE1C","Calm1","Pde1c",0.000576923076923077,0.999423076923077,"receptor",0.997681613684646,0.205830978102474,0.997681613684642,"Pde1c"
"CALM1-PTPRA","Calm1","Ptpra",0.000346153846153846,0.999653846153846,"receptor",0.999789408428712,0.354416065616487,0.999789408428712,"Ptpra"
"CALM1-SELL","Calm1","Sell",3.84615384615385e-05,0.999961538461538,"receptor",0.999966736610473,-0.0278067075572663,0.999966736610466,"Sell"
"CALM1-TRPC3","Calm1","Trpc3",3.84615384615385e-05,0.999961538461538,"receptor",0.999708593755945,0.225895063835265,0.999708593755942,"Trpc3"
"CALM1-TRPC5","Calm1","Trpc5",0,1,"receptor",1,0.122851873858035,0.999999999999999,"Trpc5"
"CALM1-VIPR1","Calm1","Vipr1",0,1,"receptor",1,0.104547544789995,0.999999999999994,"Vipr1"
"CALM2-ABCA1","Calm2","Abca1",0.00242307692307692,0.997576923076923,"receptor",0.981226182685447,0.0694678018860802,0.981226182685451,"Abca1"
"CALM2-ADCY8","Calm2","Adcy8",0,1,"receptor",1,0.59188601544704,1,"Adcy8"
"CALM2-CACNA1C","Calm2","Cacna1c",0.0481923076923077,0.951807692307692,"receptor",0.630420277637632,0.25530384752304,0.630420277637628,"Cacna1c"
"CALM2-EGFR","Calm2","Egfr",0.00265384615384615,0.997346153846154,"receptor",0.969931804225071,-0.0358400121862241,0.969931804225065,"Egfr"
"CALM2-GRM5","Calm2","Grm5",3.84615384615385e-05,0.999961538461538,"receptor",0.999562481854935,0.71198750357654,0.999562481854942,"Grm5"
"CALM2-GRM7","Calm2","Grm7",0.202076923076923,0.797923076923077,"receptor",0.662311737720828,0.349362220796279,0.662311737720825,"Grm7"
"CALM2-INSR","Calm2","Insr",0.000384615384615385,0.999615384615385,"receptor",0.997308870285936,0.147612867513255,0.997308870285941,"Insr"
"CALM2-KCNQ1","Calm2","Kcnq1",0.000269230769230769,0.999730769230769,"receptor",0.991503630105501,-0.0310371210034361,0.991503630105496,"Kcnq1"
"CALM2-KCNQ3","Calm2","Kcnq3",0.000153846153846154,0.999846153846154,"receptor",0.94803118281274,0.575958915210513,0.94803118281274,"Kcnq3"
"CALM2-KCNQ5","Calm2","Kcnq5",0.0140384615384615,0.985961538461538,"receptor",0.834217632325399,0.117473900550347,0.834217632325405,"Kcnq5"
"CALM2-MYLK","Calm2","Mylk",0.0141153846153846,0.985884615384615,"receptor",0.91237481234944,-0.0372254247870412,0.912374812349437,"Mylk"
"CALM2-PDE1A","Calm2","Pde1a",0.0015,0.9985,"receptor",0.986984305423942,0.0410742389547504,0.986984305423937,"Pde1a"
"CALM2-PDE1B","Calm2","Pde1b",0,1,"receptor",1,0.692033358559581,1,"Pde1b"
"CALM2-PDE1C","Calm2","Pde1c",0.00176923076923077,0.998230769230769,"receptor",0.978158653499184,0.229274073467017,0.978158653499178,"Pde1c"
"CALM2-SELL","Calm2","Sell",7.69230769230769e-05,0.999923076923077,"receptor",0.998634635143972,-0.0567923516008825,0.99863463514396,"Sell"
"CALM2-TRPC5","Calm2","Trpc5",3.84615384615385e-05,0.999961538461538,"receptor",0.999652227147766,0.129307040124568,0.999652227147766,"Trpc5"
"CALR-ITGA2B","Calr","Itga2b",0.00188461538461538,0.998115384615385,"receptor",0.885589162540069,0.00791437347037624,0.885589162540067,"Itga2b"
"CALR-ITGA3","Calr","Itga3",0.000307692307692308,0.999692307692308,"receptor",0.978844355600907,0.122247798527577,0.978844355600902,"Itga3"
"CALR-ITGAV","Calr","Itgav",0.0015,0.9985,"receptor",0.984397752259092,0.373759047400345,0.984397752259092,"Itgav"
"CALR-LRP1","Calr","Lrp1",0.00807692307692308,0.991923076923077,"receptor",0.990093821177335,0.555843086973017,0.990093821177343,"Lrp1"
"CALR-SCARF1","Calr","Scarf1",0,1,"receptor",1,0.141774991045569,1,"Scarf1"
"CAMP-EGFR","Camp","Egfr",0.829653846153846,0.829653846153846,"ligand",0.234291007639799,-0.0130803003671492,0.43154730368663,"Mst1"
"CAMP-IGF1R","Camp","Igf1r",0.920615384615385,0.920615384615385,"ligand",0.464212411782234,-0.0975426312596613,0.587671961841264,"Slc2a2"
"CAMP-P2RX7","Camp","P2rx7",0.345538461538462,0.654461538461538,"receptor",0.33545658616476,-0.0250342547489712,0.354404677947355,"Tlr1"
"CCK-CCKBR","Cck","Cckbr",0.00661538461538461,0.993384615384615,"receptor",0.80028436978624,0.0819657973510471,0.800284369786233,"Cckbr"
"CCL11-ACKR4","Ccl11","Ackr4",0.303961538461538,0.696038461538462,"receptor",0.334506675630636,0.200089967300254,0.334506675630634,"Ackr4"
"CCL11-CCR2","Ccl11","Ccr2",0.503076923076923,0.503076923076923,"ligand",0.267752350642191,0.30887663537095,0.30887663537095,"Ccr2"
"CCL2-ACKR4","Ccl2","Ackr4",0.566038461538461,0.566038461538461,"ligand",0.262088167666547,0.32031679035838,0.320316790358381,"Ackr4"
"CCL2-CCR1","Ccl2","Ccr1",0.705884615384615,0.705884615384615,"ligand",0.316121696437532,0.309696770635061,0.316121696437533,"Ccl2"
"CCL2-CCR2","Ccl2","Ccr2",0.783192307692308,0.783192307692308,"ligand",0.333817164049602,0.22049006404194,0.333817164049602,"Ccl2"
"CCL2-CCR4","Ccl2","Ccr4",0,1,"receptor",1,0.118750321784468,1,"Ccr4"
"CCL25-ACKR4","Ccl25","Ackr4",0.0719230769230769,0.928076923076923,"receptor",0.48454602792014,0.29677414822735,0.484546027920144,"Ackr4"
"CCL25-CCR9","Ccl25","Ccr9",0.0411923076923077,0.958807692307692,"receptor",0.531810167271166,0.15893683405447,0.531810167271165,"Ccr9"
"CCL7-ACKR4","Ccl7","Ackr4",0.535923076923077,0.535923076923077,"ligand",0.314568677664031,0.267826220401421,0.314568677664032,"Ccl7"
"CCL7-CCR1","Ccl7","Ccr1",0.700769230769231,0.700769230769231,"ligand",0.275578842324629,0.267844767072828,0.350492503025396,"Agrp"
"CCL7-CCR2","Ccl7","Ccr2",0.810038461538461,0.810038461538461,"ligand",0.302205508728756,0.217613205620157,0.302205508728757,"Ccl7"
"CD14-ITGA4","Cd14","Itga4",0.998653846153846,0.998653846153846,"ligand",0.978636836736255,0.0568873591439854,0.978636836736253,"Cd14"
"CD14-ITGB1","Cd14","Itgb1",0.999884615384615,0.999884615384615,"ligand",0.994013401509676,0.0357809863979926,0.994013401509679,"Cd14"
"CD34-SELL","Cd34","Sell",0.0345,0.9655,"receptor",0.614311325231691,0.0359519409221125,0.614311325231693,"Sell"
"CDH1-CDH2","Cdh1","Cdh2",0.821269230769231,0.821269230769231,"ligand",0.577004626180283,-0.00431496831697094,0.577004626180283,"Cdh1"
"CDH1-EGFR","Cdh1","Egfr",0.750384615384615,0.750384615384615,"ligand",0.624472378867347,0.406476224808056,0.624472378867347,"Cdh1"
"CDH1-ERBB3","Cdh1","Erbb3",0.437884615384615,0.562115384615385,"receptor",0.433610954565462,0.383912628182212,0.433610954565465,"Erbb3"
"CDH1-IGF1R","Cdh1","Igf1r",0.935115384615385,0.935115384615385,"ligand",0.77771161437275,0.172116403812626,0.777711614372757,"Cdh1"
"CDH1-ITGAE","Cdh1","Itgae",0.0296923076923077,0.970307692307692,"receptor",0.530529619907048,0.0949941782281032,0.530529619907047,"Itgae"
"CDH1-LRP5","Cdh1","Lrp5",0.593230769230769,0.593230769230769,"ligand",0.47017507898798,0.488175137035451,0.48817513703545,"Lrp5"
"CDH1-PTPRF","Cdh1","Ptprf",0.962730769230769,0.962730769230769,"ligand",0.816767978442031,0.460745570710687,0.816767978442025,"Cdh1"
"CDH1-PTPRM","Cdh1","Ptprm",0.836230769230769,0.836230769230769,"ligand",0.613678508615608,0.219150783467034,0.613678508615609,"Cdh1"
"CFH-ITGAM","Cfh","Itgam",0.0444230769230769,0.955576923076923,"receptor",0.756857137378898,0.302896760883551,0.756857137378898,"Itgam"
"CFH-SELL","Cfh","Sell",0.0795384615384615,0.920461538461538,"receptor",0.459632613833406,0.0660540102299005,0.459632613833405,"Sell"
"CGN-F11R","Cgn","F11r",0.917846153846154,0.917846153846154,"ligand",0.676549644320124,0.282149358121495,0.676549644320126,"Cgn"
"CGN-OCLN","Cgn","Ocln",0.202192307692308,0.797807692307692,"receptor",0.589694438509947,0.540288876577019,0.589694438509947,"Ocln"
"CGN-TGFBR1","Cgn","Tgfbr1",0.968,0.968,"ligand",0.763137340551575,0.139610239554326,0.763137340551567,"Cgn"
"CGN-TGFBR2","Cgn","Tgfbr2",0.961038461538462,0.961038461538462,"ligand",0.775430327535623,0.0962665808299896,0.775430327535622,"Cgn"
"CHAD-ITGA2","Chad","Itga2",0.8035,0.8035,"ligand",0.236141196520181,0.213480833712588,0.383927732113756,"Igf2"
"CHAD-ITGB1","Chad","Itgb1",0.990538461538462,0.990538461538462,"ligand",0.935740915847269,0.0551576416994269,0.935740915847263,"Chad"
"CLCF1-CNTFR","Clcf1","Cntfr",0.901884615384615,0.901884615384615,"ligand",0.566353293644854,0.118763634788592,0.566353293644852,"Clcf1"
"CLCF1-CRLF1","Clcf1","Crlf1",0.9875,0.9875,"ligand",0.867345075277067,0.255305440934619,0.86734507527707,"Clcf1"
"CLCF1-IL6ST","Clcf1","Il6st",0.998384615384615,0.998384615384615,"ligand",0.975041510745927,0.147951107201546,0.975041510745929,"Clcf1"
"CLCF1-LIFR","Clcf1","Lifr",0.994230769230769,0.994230769230769,"ligand",0.872683889455123,0.110930459938212,0.872683889455126,"Clcf1"
"CLEC11A-KIT","Clec11a","Kit",0.891192307692308,0.891192307692308,"ligand",0.634076794852865,0.286786593718518,0.634076794852866,"Clec11a"
"CNTF-CNTFR","Cntf","Cntfr",0.980307692307692,0.980307692307692,"ligand",0.775916672082836,0.0824125072953266,0.775916672082847,"Cntf"
"CNTF-IL6ST","Cntf","Il6st",0.9995,0.9995,"ligand",0.987881253415251,0.0374286544490547,0.987881253415243,"Cntf"
"CNTF-LIFR","Cntf","Lifr",0.999076923076923,0.999076923076923,"ligand",0.968734107473485,0.0533686747995099,0.968734107473487,"Cntf"
"CNTN2-CNTN1","Cntn2","Cntn1",0.929038461538462,0.929038461538462,"ligand",0.979471606622311,0.457415174408733,0.979471606622324,"Cntn2"
"CNTN2-CNTNAP2","Cntn2","Cntnap2",0.988076923076923,0.988076923076923,"ligand",0.994614753263587,0.413358891835394,0.994614753263581,"Cntn2"
"CNTN2-NRCAM","Cntn2","Nrcam",0.936807692307692,0.936807692307692,"ligand",0.941694412830142,0.490739367767536,0.941694412830141,"Cntn2"
"CNTN2-NRP1","Cntn2","Nrp1",0.980115384615385,0.980115384615385,"ligand",0.807732669436716,0.0110900677822614,0.807732669436721,"Cntn2"
"CNTN4-PTPRG","Cntn4","Ptprg",0.917615384615385,0.917615384615385,"ligand",0.654120156655339,0.343887478182917,0.654120156655352,"Cntn4"
"COL11A1-DDR1","Col11a1","Ddr1",0.0876153846153846,0.912384615384615,"receptor",0.781802618150953,-0.0515768873766155,0.781802618150952,"Ddr1"
"COL11A1-ITGA2","Col11a1","Itga2",0.0173461538461538,0.982653846153846,"receptor",0.81747357097901,0.0704689066184462,0.817473570979007,"Itga2"
"COL11A1-ITGB1","Col11a1","Itgb1",0.760076923076923,0.760076923076923,"ligand",0.556294582129644,0.52505776472858,0.719566339005094,"Igf2"
"COL14A1-CD44","Col14a1","Cd44",0.999884615384615,0.999884615384615,"ligand",0.999754833074903,0.294175869731535,0.999754833074907,"Col14a1"
"COL18A1-GPC1","Col18a1","Gpc1",0.322192307692308,0.677807692307692,"receptor",0.729699106105365,0.405378062850155,0.729699106105368,"Gpc1"
"COL18A1-GPC4","Col18a1","Gpc4",0.0705384615384615,0.929461538461538,"receptor",0.791279145983365,0.259273242669352,0.791279145983359,"Gpc4"
"COL18A1-ITGA5","Col18a1","Itga5",0.0272307692307692,0.972769230769231,"receptor",0.887449068011008,0.235869958933701,0.887449068011006,"Itga5"
"COL18A1-ITGB1","Col18a1","Itgb1",0.856192307692308,0.856192307692308,"ligand",0.866397690497956,0.546381891253139,0.866397690497955,"Col18a1"
"COL18A1-KDR","Col18a1","Kdr",0.149884615384615,0.850115384615385,"receptor",0.832309210230462,0.484797746321368,0.832309210230466,"Kdr"
"COL1A1-CD36","Col1a1","Cd36",0.00503846153846154,0.994961538461538,"receptor",0.978986060050416,0.0237686458638919,0.97898606005042,"Cd36"
"COL1A1-CD44","Col1a1","Cd44",0.904846153846154,0.904846153846154,"ligand",0.95473421694076,0.40833329585971,0.954734216940758,"Col1a1"
"COL1A1-CD93","Col1a1","Cd93",0.00580769230769231,0.994192307692308,"receptor",0.981593828517086,0.179023344641913,0.981593828517094,"Cd93"
"COL1A1-DDR1","Col1a1","Ddr1",0.000461538461538462,0.999538461538461,"receptor",0.998089734131326,0.0715148026969763,0.998089734131325,"Ddr1"
"COL1A1-DDR2","Col1a1","Ddr2",0.000307692307692308,0.999692307692308,"receptor",0.999413943875719,0.505743168141933,0.999413943875723,"Ddr2"
"COL1A1-FLT4","Col1a1","Flt4",0.000115384615384615,0.999884615384615,"receptor",0.999840087580103,0.11659774100223,0.999840087580107,"Flt4"
"COL1A1-ITGA1","Col1a1","Itga1",0.00257692307692308,0.997423076923077,"receptor",0.969531035289065,0.132333186128132,0.969531035289069,"Itga1"
"COL1A1-ITGA11","Col1a1","Itga11",0,1,"receptor",1,0.376189825703871,0.999999999999997,"Itga11"
"COL1A1-ITGA2","Col1a1","Itga2",0.000461538461538462,0.999538461538461,"receptor",0.969917716895056,0.128057911675201,0.969917716895058,"Itga2"
"COL1A1-ITGA5","Col1a1","Itga5",0.000153846153846154,0.999846153846154,"receptor",0.999807311602805,0.191194440236731,0.999807311602798,"Itga5"
"COL1A1-ITGAV","Col1a1","Itgav",0.00107692307692308,0.998923076923077,"receptor",0.993463691723455,0.277412858591551,0.993463691723452,"Itgav"
"COL1A1-ITGB1","Col1a1","Itgb1",0.0348846153846154,0.965115384615385,"receptor",0.979272878908328,0.462022264117205,0.979272878908325,"Itgb1"
"COL1A1-TMPRSS6","Col1a1","Tmprss6",0,1,"receptor",1,-0.224767407903579,0.999999999999996,"Tmprss6"
"COL1A2-CD36","Col1a2","Cd36",0.00269230769230769,0.997307692307692,"receptor",0.990358992387107,0.017400298463114,0.990358992387109,"Cd36"
"COL1A2-CD44","Col1a2","Cd44",0.846692307692308,0.846692307692308,"ligand",0.929675389594512,0.454129919970275,0.929675389594518,"Col1a2"
"COL1A2-CD93","Col1a2","Cd93",0.00257692307692308,0.997423076923077,"receptor",0.988677156936283,0.168764121857781,0.988677156936286,"Cd93"
"COL1A2-FLT4","Col1a2","Flt4",3.84615384615385e-05,0.999961538461538,"receptor",0.999970993079189,0.109087496706478,0.999970993079188,"Flt4"
"COL1A2-ITGA1","Col1a2","Itga1",0.00123076923076923,0.998769230769231,"receptor",0.983205471643551,0.135894361677317,0.983205471643554,"Itga1"
"COL1A2-ITGA11","Col1a2","Itga11",0,1,"receptor",1,0.333515574971864,0.999999999999997,"Itga11"
"COL1A2-ITGA2","Col1a2","Itga2",0.000307692307692308,0.999692307692308,"receptor",0.982190843794084,0.122530498004187,0.982190843794086,"Itga2"
"COL1A2-ITGA2B","Col1a2","Itga2b",0.00173076923076923,0.998269230769231,"receptor",0.896420636704301,-0.0320868139959512,0.896420636704298,"Itga2b"
"COL1A2-ITGAV","Col1a2","Itgav",0.000576923076923077,0.999423076923077,"receptor",0.994695917601412,0.284740960599738,0.994695917601411,"Itgav"
"COL1A2-ITGB1","Col1a2","Itgb1",0.0152692307692308,0.984730769230769,"receptor",0.992107110976499,0.448241539183952,0.992107110976498,"Itgb1"
"COL1A2-ITGB3","Col1a2","Itgb3",0.000846153846153846,0.999153846153846,"receptor",0.93848134245873,0.0802080460860711,0.938481342458737,"Itgb3"
"COL2A1-DDR1","Col2a1","Ddr1",0.00811538461538461,0.991884615384615,"receptor",0.961072734004451,-0.100502007741017,0.961072734004458,"Ddr1"
"COL2A1-ITGA1","Col2a1","Itga1",0.0263846153846154,0.973615384615385,"receptor",0.887825540114858,-0.00847125239055382,0.887825540114857,"Itga1"
"COL2A1-ITGA10","Col2a1","Itga10",0.000384615384615385,0.999615384615385,"receptor",0.989906957534584,0.260507974300106,0.989906957534589,"Itga10"
"COL2A1-ITGA2","Col2a1","Itga2",0.00311538461538462,0.996884615384615,"receptor",0.915979262587986,-0.0305830370005411,0.915979262587985,"Itga2"
"COL2A1-ITGA2B","Col2a1","Itga2b",0.00619230769230769,0.993807692307692,"receptor",0.767937814992718,-0.0636564372508202,0.767937814992712,"Itga2b"
"COL2A1-ITGB1","Col2a1","Itgb1",0.382307692307692,0.617692307692308,"receptor",0.731233306566199,0.082102119563507,0.731233306566198,"Itgb1"
"COL2A1-MAG","Col2a1","Mag",0.000230769230769231,0.999769230769231,"receptor",0.941673608258857,-0.0274501183145503,0.941673608258858,"Mag"
"COL3A1-DDR1","Col3a1","Ddr1",0.000153846153846154,0.999846153846154,"receptor",0.999750085374613,0.118173719236589,0.999750085374613,"Ddr1"
"COL3A1-DDR2","Col3a1","Ddr2",0,1,"receptor",1,0.509651741253794,1,"Ddr2"
"COL3A1-ITGA2","Col3a1","Itga2",0.000153846153846154,0.999846153846154,"receptor",0.989238388995749,0.127602130621428,0.989238388995747,"Itga2"
"COL3A1-ITGB1","Col3a1","Itgb1",0.00665384615384615,0.993346153846154,"receptor",0.996120936794808,0.479281485072453,0.996120936794796,"Itgb1"
"COL3A1-MAG","Col3a1","Mag",0.000115384615384615,0.999884615384615,"receptor",0.995492540091087,0.0321529995879689,0.995492540091098,"Mag"
"COL4A1-CD47","Col4a1","Cd47",0.312346153846154,0.687653846153846,"receptor",0.617422344587362,0.420893781661583,0.617422344587362,"Cd47"
"COL4A1-CD93","Col4a1","Cd93",0.0461153846153846,0.953884615384615,"receptor",0.901046385916666,0.513438209751925,0.901046385916666,"Cd93"
"COL4A1-ITGA1","Col4a1","Itga1",0.0227692307692308,0.977230769230769,"receptor",0.940971716520471,0.382424048072055,0.940971716520472,"Itga1"
"COL4A1-ITGA2","Col4a1","Itga2",0.00434615384615385,0.995653846153846,"receptor",0.921879920072618,0.236128347320634,0.921879920072626,"Itga2"
"COL4A1-ITGAV","Col4a1","Itgav",0.0493461538461538,0.950653846153846,"receptor",0.91689920991251,0.374208189571975,0.916899209912508,"Itgav"
"COL4A1-ITGB1","Col4a1","Itgb1",0.644807692307692,0.644807692307692,"ligand",0.846140486955301,0.81438692239354,0.846140486955298,"Col4a1"
"COL4A1-ITGB8","Col4a1","Itgb8",0.0183076923076923,0.981692307692308,"receptor",0.840522552446674,0.109027383574225,0.84052255244667,"Itgb8"
"COL4A2-CD93","Col4a2","Cd93",0.159615384615385,0.840384615384615,"receptor",0.783581557654715,0.583691641063879,0.783581557654711,"Cd93"
"COL4A3-CD47","Col4a3","Cd47",0.998807692307692,0.998807692307692,"ligand",0.935241945307956,0.0478124786007785,0.935241945307953,"Col4a3"
"COL4A3-CD93","Col4a3","Cd93",0.995653846153846,0.995653846153846,"ligand",0.815265323424985,0.101983615862284,0.815265323424988,"Col4a3"
"COL4A3-ITGA1","Col4a3","Itga1",0.993576923076923,0.993576923076923,"ligand",0.736175018769233,0.117689957367067,0.736175018769229,"Col4a3"
"COL4A3-ITGA2","Col4a3","Itga2",0.953384615384615,0.953384615384615,"ligand",0.546877649590386,0.122887054012421,0.546877649590386,"Col4a3"
"COL4A3-ITGAV","Col4a3","Itgav",0.996307692307692,0.996307692307692,"ligand",0.845043671138696,0.102801479374238,0.84504367113869,"Col4a3"
"COL4A3-ITGB1","Col4a3","Itgb1",0.999961538461538,0.999961538461538,"ligand",0.999129908704834,0.1245226406446,0.999129908704835,"Col4a3"
"COL4A4-CD47","Col4a4","Cd47",0.995115384615385,0.995115384615385,"ligand",0.821603022700321,0.0393894198695252,0.821603022700324,"Col4a4"
"COL4A4-CD93","Col4a4","Cd93",0.983730769230769,0.983730769230769,"ligand",0.804134322833834,0.123719635782585,0.804134322833837,"Col4a4"
"COL4A4-ITGA1","Col4a4","Itga1",0.975807692307692,0.975807692307692,"ligand",0.696931707449505,0.137481923723613,0.696931707449509,"Col4a4"
"COL4A4-ITGA2","Col4a4","Itga2",0.888961538461538,0.888961538461538,"ligand",0.44029720704044,0.188872443227634,0.440297207040441,"Col4a4"
"COL4A4-ITGAV","Col4a4","Itgav",0.988615384615385,0.988615384615385,"ligand",0.72287751193852,0.160572175789245,0.722877511938516,"Col4a4"
"COL4A4-ITGB1","Col4a4","Itgb1",0.999461538461539,0.999461538461539,"ligand",0.972141100142566,0.158066809984478,0.972141100142566,"Col4a4"
"COL4A5-CD47","Col4a5","Cd47",0.945076923076923,0.945076923076923,"ligand",0.788752711358537,0.0870184254342566,0.788752711358537,"Col4a5"
"COL4A5-CD93","Col4a5","Cd93",0.814576923076923,0.814576923076923,"ligand",0.669245224107016,0.311260877288146,0.669245224107014,"Col4a5"
"COL4A5-ITGA1","Col4a5","Itga1",0.722961538461538,0.722961538461538,"ligand",0.577407029855406,0.426013401093757,0.577407029855407,"Col4a5"
"COL4A5-ITGA2","Col4a5","Itga2",0.120269230769231,0.879730769230769,"receptor",0.507129963694708,0.259492217067698,0.507129963694709,"Itga2"
"COL4A5-ITGAV","Col4a5","Itgav",0.861115384615385,0.861115384615385,"ligand",0.674994858452684,0.319115446374024,0.674994858452687,"Col4a5"
"COL4A5-ITGB1","Col4a5","Itgb1",0.991730769230769,0.991730769230769,"ligand",0.955818695863654,0.261102804856317,0.955818695863658,"Col4a5"
"COL4A6-CD47","Col4a6","Cd47",0.974307692307692,0.974307692307692,"ligand",0.827862719713028,0.0604454026704802,0.827862719713026,"Col4a6"
"COL4A6-CD93","Col4a6","Cd93",0.896653846153846,0.896653846153846,"ligand",0.71184138781948,0.269138996535162,0.711841387819477,"Col4a6"
"COL4A6-ITGA1","Col4a6","Itga1",0.827884615384615,0.827884615384615,"ligand",0.635145856924066,0.328200038994334,0.635145856924066,"Col4a6"
"COL4A6-ITGA2","Col4a6","Itga2",0.162576923076923,0.837423076923077,"receptor",0.42221438996972,0.311105001145977,0.422214389969721,"Itga2"
"COL4A6-ITGAV","Col4a6","Itgav",0.927576923076923,0.927576923076923,"ligand",0.69483373868123,0.281560451122907,0.69483373868123,"Col4a6"
"COL4A6-ITGB1","Col4a6","Itgb1",0.997730769230769,0.997730769230769,"ligand",0.957882534045882,0.253216563454263,0.957882534045883,"Col4a6"
"COL5A1-ITGA1","Col5a1","Itga1",0.0379615384615385,0.962038461538462,"receptor",0.864386499424427,0.200867274092174,0.864386499424431,"Itga1"
"COL5A1-ITGB1","Col5a1","Itgb1",0.568730769230769,0.568730769230769,"ligand",0.780261587154022,0.760226651384134,0.780261587154021,"Col5a1"
"COL5A1-SDC3","Col5a1","Sdc3",0.170961538461538,0.829038461538462,"receptor",0.609002398038958,0.347968382803184,0.609002398038957,"Sdc3"
"COL5A2-DDR1","Col5a2","Ddr1",0.0209615384615385,0.979038461538462,"receptor",0.938371030885298,0.121599008064942,0.938371030885293,"Ddr1"
"COL5A2-ITGA1","Col5a2","Itga1",0.0311153846153846,0.968884615384615,"receptor",0.875307731997766,0.184031409095806,0.875307731997767,"Itga1"
"COL5A2-ITGB1","Col5a2","Itgb1",0.509192307692308,0.509192307692308,"ligand",0.692030084235389,0.807263536376367,0.807263536376374,"Itgb1"
"COL5A3-SDC3","Col5a3","Sdc3",0.967923076923077,0.967923076923077,"ligand",0.783143272403004,0.039862943832056,0.783143272403003,"Col5a3"
"COL6A1-ITGA1","Col6a1","Itga1",0.0795384615384615,0.920461538461538,"receptor",0.784696382412033,0.273913908868405,0.784696382412023,"Itga1"
"COL6A1-ITGA2","Col6a1","Itga2",0.0095,0.9905,"receptor",0.846807999962256,0.170755696766215,0.846807999962251,"Itga2"
"COL6A1-ITGA6","Col6a1","Itga6",0.0931153846153846,0.906884615384615,"receptor",0.834182470835256,0.228858921868614,0.834182470835261,"Itga6"
"COL6A1-ITGB1","Col6a1","Itgb1",0.814538461538462,0.814538461538462,"ligand",0.853135287692199,0.652778425364385,0.853135287692196,"Col6a1"
"COL6A2-ITGA1","Col6a2","Itga1",0.065,0.935,"receptor",0.800647097589145,0.282442658406593,0.800647097589151,"Itga1"
"COL6A2-ITGA2","Col6a2","Itga2",0.0075,0.9925,"receptor",0.861448255650934,0.168347465304733,0.861448255650935,"Itga2"
"COL6A2-ITGB1","Col6a2","Itgb1",0.781769230769231,0.781769230769231,"ligand",0.858585597895665,0.679258017150743,0.858585597895661,"Col6a2"
"COL6A3-ITGA1","Col6a3","Itga1",0.0527307692307692,0.947269230769231,"receptor",0.82854583125861,0.220674141796642,0.828545831258614,"Itga1"
"COL6A3-ITGA2","Col6a3","Itga2",0.00569230769230769,0.994307692307692,"receptor",0.89290061534662,0.163642486765364,0.89290061534662,"Itga2"
"COL6A3-ITGB1","Col6a3","Itgb1",0.575423076923077,0.575423076923077,"ligand",0.77988615396029,0.75522434319588,0.77988615396028,"Col6a3"
"COL7A1-ITGA2","Col7a1","Itga2",0.833423076923077,0.833423076923077,"ligand",0.918470343307442,0.18698089295763,0.918470343307439,"Col7a1"
"COL7A1-ITGB1","Col7a1","Itgb1",1,1,"ligand",1,0.425005658929391,1,"Col7a1"
"COL8A1-ITGA1","Col8a1","Itga1",0.657423076923077,0.657423076923077,"ligand",0.483889162734813,0.436877795254802,0.483889162734812,"Col8a1"
"COL8A1-ITGA2","Col8a1","Itga2",0.182153846153846,0.817846153846154,"receptor",0.516940499637741,0.244526085861678,0.516940499637737,"Itga2"
"COL9A1-MAG","Col9a1","Mag",0.00788461538461538,0.992115384615385,"receptor",0.645069697192398,-0.0390550167152532,0.645069697192396,"Mag"
"COL9A2-MAG","Col9a2","Mag",0.00496153846153846,0.995038461538462,"receptor",0.77777833918808,-0.0221518745986123,0.777778339188084,"Mag"
"COL9A3-MAG","Col9a3","Mag",0.00542307692307692,0.994576923076923,"receptor",0.764365136782224,-0.0268667521636805,0.764365136782222,"Mag"
"COLQ-MUSK","Colq","Musk",0.274461538461538,0.725538461538461,"receptor",0.672593853453009,0.599421797778253,0.672593853452993,"Musk"
"CP-SLC40A1","Cp","Slc40a1",0.904307692307692,0.904307692307692,"ligand",0.594845313655863,0.27739526391412,0.594845313655869,"Cp"
"CSF1-CSF1R","Csf1","Csf1r",0.928730769230769,0.928730769230769,"ligand",0.748837618454512,0.198432553221628,0.748837618454507,"Csf1"
"CTF1-IL6ST","Ctf1","Il6st",0.977192307692308,0.977192307692308,"ligand",0.816789138285807,0.193091101140422,0.816789138285804,"Ctf1"
"CTF1-LIFR","Ctf1","Lifr",0.957461538461538,0.957461538461538,"ligand",0.741486184401519,0.216821585117222,0.741486184401516,"Ctf1"
"CTGF-ERBB4","Ctgf","Erbb4",0.684884615384615,0.684884615384615,"ligand",0.505562322129553,0.256623459004868,0.505562322129554,"Ctgf"
"CTGF-ITGA5","Ctgf","Itga5",0.496269230769231,0.503730769230769,"receptor",0.5888582437821,0.432407380810178,0.588858243782099,"Itga5"
"CTGF-ITGAM","Ctgf","Itgam",0.0475384615384615,0.952461538461538,"receptor",0.424461402997196,0.0755384065893673,0.424461402997196,"Itgam"
"CTGF-ITGB2","Ctgf","Itgb2",0.0477692307692308,0.952230769230769,"receptor",0.782285453204895,-0.0290121132274482,0.782285453204902,"Itgb2"
"CTGF-LRP1","Ctgf","Lrp1",0.936884615384615,0.936884615384615,"ligand",0.836388328700944,0.355488079888085,0.836388328700946,"Ctgf"
"CTGF-LRP6","Ctgf","Lrp6",0.855,0.855,"ligand",0.734475226080454,0.440477490383656,0.73447522608046,"Ctgf"
"CTGF-NTRK1","Ctgf","Ntrk1",0,1,"receptor",1,0.108001690750294,1,"Ntrk1"
"CTHRC1-FZD3","Cthrc1","Fzd3",0.328923076923077,0.671076923076923,"receptor",0.48170656992445,0.297900831444221,0.481706569924451,"Fzd3"
"CTHRC1-FZD5","Cthrc1","Fzd5",0.0253846153846154,0.974615384615385,"receptor",0.619863633275634,0.0696813117991415,0.619863633275635,"Fzd5"
"CTHRC1-FZD6","Cthrc1","Fzd6",0.0423846153846154,0.957615384615385,"receptor",0.790228600378464,0.197651879178058,0.79022860037846,"Fzd6"
"CUBN-LRP2","Cubn","Lrp2",0.840884615384615,0.840884615384615,"ligand",0.207600342420999,0.0705190191538551,0.496566112942571,"Pmch"
"CX3CL1-CX3CR1","Cx3cl1","Cx3cr1",0.807346153846154,0.807346153846154,"ligand",0.482980522492554,0.157234334273447,0.52442745978267,"Adcy9"
"CXCL12-ACKR3","Cxcl12","Ackr3",0.0497692307692308,0.950230769230769,"receptor",0.877974858983895,0.271036794671999,0.877974858983891,"Ackr3"
"CXCL12-CCR4","Cxcl12","Ccr4",0,1,"receptor",1,0.192278315097578,1,"Ccr4"
"CXCL12-CXCR4","Cxcl12","Cxcr4",0,1,"receptor",1,0.195915319136926,1,"Cxcr4"
"CXCL12-ITGB1","Cxcl12","Itgb1",0.823653846153846,0.823653846153846,"ligand",0.790783614719832,0.545030784483722,0.790783614719838,"Cxcl12"
"CXCL12-SDC4","Cxcl12","Sdc4",0.106730769230769,0.893269230769231,"receptor",0.674636756408301,0.172957860102533,0.674636756408304,"Sdc4"
"CXCL13-ACKR4","Cxcl13","Ackr4",0.435615384615385,0.564384615384615,"receptor",0.442011107334479,0.143572076488213,0.442011107334479,"Ackr4"
"CXCL13-CXCR5","Cxcl13","Cxcr5",0.689846153846154,0.689846153846154,"ligand",0.242057276710403,0.539114280599179,0.540361596952622,"Agrp"
"CXCL13-HTR2A","Cxcl13","Htr2a",0.603884615384615,0.603884615384615,"ligand",0.12761246351325,0.206400047762035,0.266689337565465,"Cxcr5"
"CYR61-CAV1","Cyr61","Cav1",0.97,0.97,"ligand",0.870585940674937,0.204252387450348,0.870585940674947,"Cyr61"
"CYR61-ITGA5","Cyr61","Itga5",0.728038461538462,0.728038461538462,"ligand",0.566000685164907,0.408135435251112,0.566000685164906,"Cyr61"
"CYR61-ITGAM","Cyr61","Itgam",0.0649230769230769,0.935076923076923,"receptor",0.301795413052078,0.0694371113863788,0.313473352624,"Agrp"
"CYR61-ITGAV","Cyr61","Itgav",0.931230769230769,0.931230769230769,"ligand",0.767002139799384,0.218702394093297,0.767002139799379,"Cyr61"
"CYR61-ITGB2","Cyr61","Itgb2",0.0507307692307692,0.949269230769231,"receptor",0.683284488333924,0.00411068691923687,0.683284488333926,"Itgb2"
"CYR61-ITGB3","Cyr61","Itgb3",0.273538461538462,0.726461538461538,"receptor",0.295157501006909,0.233207330660952,0.315339193307336,"Agrp"
"CYR61-ITGB5","Cyr61","Itgb5",0.952538461538462,0.952538461538462,"ligand",0.811099432302643,0.212014504375113,0.811099432302648,"Cyr61"
"DCN-EGFR","Dcn","Egfr",0.0395384615384615,0.960461538461538,"receptor",0.902962919025945,0.287785489081349,0.902962919025946,"Egfr"
"DCN-ERBB4","Dcn","Erbb4",0.163384615384615,0.836615384615385,"receptor",0.534491492740515,0.0387284590801383,0.534491492740515,"Erbb4"
"DCN-MET","Dcn","Met",0.0130384615384615,0.986961538461538,"receptor",0.910831117035399,0.0841681098584907,0.910831117035401,"Met"
"DHH-BOC","Dhh","Boc",0.995923076923077,0.995923076923077,"ligand",0.603814257703637,0.0576698744505683,0.603814257703639,"Dhh"
"DHH-CDON","Dhh","Cdon",0.997961538461538,0.997961538461538,"ligand",0.754723966233225,0.0454326582737479,0.75472396623322,"Dhh"
"DHH-HHIP","Dhh","Hhip",0.975884615384615,0.975884615384615,"ligand",0.524296274551585,0.0740737533949293,0.524296274551583,"Dhh"
"DHH-PTCH1","Dhh","Ptch1",0.9955,0.9955,"ligand",0.579990895350231,0.0371816780656954,0.579990895350229,"Dhh"
"DHH-PTCH2","Dhh","Ptch2",0.915692307692308,0.915692307692308,"ligand",0.247122943702483,0.181574519296846,0.284627129270136,"Agrp"
"DKK1-KREMEN1","Dkk1","Kremen1",1,1,"ligand",1,0.297267699597037,1,"Dkk1"
"DKK1-KREMEN2","Dkk1","Kremen2",0.999961538461538,0.999961538461538,"ligand",0.999999999953053,0.127860516595515,0.999999999953046,"Dkk1"
"DKK1-LRP5","Dkk1","Lrp5",1,1,"ligand",1,0.264561447243457,1,"Dkk1"
"DKK1-LRP6","Dkk1","Lrp6",1,1,"ligand",1,0.363072673073586,1,"Dkk1"
"DKK2-KREMEN2","Dkk2","Kremen2",0.0431923076923077,0.956807692307692,"receptor",0.670473952939015,0.0972830848016729,0.670473952939017,"Kremen2"
"DKK2-LRP6","Dkk2","Lrp6",0.806192307692308,0.806192307692308,"ligand",0.617074119496998,0.437996563474687,0.617074119496996,"Dkk2"
"DLK1-NOTCH1","Dlk1","Notch1",0.0234615384615385,0.976538461538462,"receptor",0.895011124401433,0.24890425433536,0.895011124401434,"Notch1"
"DLK1-NOTCH2","Dlk1","Notch2",0.0175769230769231,0.982423076923077,"receptor",0.947984254969851,0.280513332762225,0.947984254969851,"Notch2"
"DLK1-NOTCH3","Dlk1","Notch3",0.00665384615384615,0.993346153846154,"receptor",0.964329039926677,0.242929246495549,0.964329039926687,"Notch3"
"DLK1-NOTCH4","Dlk1","Notch4",0.00115384615384615,0.998846153846154,"receptor",0.971251376022109,0.0699124974564603,0.971251376022106,"Notch4"
"DLK2-NOTCH1","Dlk2","Notch1",0.966115384615385,0.966115384615385,"ligand",0.668578974306447,0.109943079968866,0.66857897430644,"Dlk2"
"DLL1-NOTCH1","Dll1","Notch1",0.978423076923077,0.978423076923077,"ligand",0.772036370674481,0.124650180167289,0.772036370674483,"Dll1"
"DLL1-NOTCH2","Dll1","Notch2",0.980846153846154,0.980846153846154,"ligand",0.737022477415675,0.0738161938981442,0.737022477415681,"Dll1"
"DLL1-NOTCH3","Dll1","Notch3",0.966769230769231,0.966769230769231,"ligand",0.656499380011235,0.189060036367433,0.656499380011235,"Dll1"
"DLL1-NOTCH4","Dll1","Notch4",0.839730769230769,0.839730769230769,"ligand",0.451215822618008,0.266223090144654,0.451215822618009,"Dll1"
"DLL3-NOTCH1","Dll3","Notch1",0.920076923076923,0.920076923076923,"ligand",0.753429996548991,0.0419702684417216,0.753429996548988,"Dll3"
"DLL3-NOTCH2","Dll3","Notch2",0.920807692307692,0.920807692307692,"ligand",0.744562332523441,0.0325134796235963,0.744562332523443,"Dll3"
"DLL3-NOTCH3","Dll3","Notch3",0.887730769230769,0.887730769230769,"ligand",0.699942479012733,0.0835275881765259,0.708232316677876,"Nrxn2"
"DLL3-NOTCH4","Dll3","Notch4",0.754576923076923,0.754576923076923,"ligand",0.463772981082062,0.388934691460788,0.528756533116331,"Nrxn2"
"DLL4-NOTCH1","Dll4","Notch1",0.980846153846154,0.980846153846154,"ligand",0.771429427973208,0.253889012986608,0.771429427973212,"Dll4"
"DLL4-NOTCH2","Dll4","Notch2",0.979538461538462,0.979538461538462,"ligand",0.670382902583574,0.0748672657235822,0.670382902583572,"Dll4"
"DLL4-NOTCH3","Dll4","Notch3",0.960115384615385,0.960115384615385,"ligand",0.643067717370161,0.203593346192422,0.643067717370156,"Dll4"
"DLL4-NOTCH4","Dll4","Notch4",0.853769230769231,0.853769230769231,"ligand",0.343112610337745,0.227638655500841,0.384716741704147,"Gucy2c"
"DSCAM-DCC","Dscam","Dcc",0.780961538461538,0.780961538461538,"ligand",0.910417608070614,0.713526434046953,0.910417608070617,"Dscam"
"DUSP18-CD151","Dusp18","Cd151",0.913884615384615,0.913884615384615,"ligand",0.636520181034634,0.261521263251261,0.636520181034631,"Dusp18"
"DUSP18-ITGA1","Dusp18","Itga1",0.883730769230769,0.883730769230769,"ligand",0.586051553084678,0.185972300984155,0.586051553084681,"Dusp18"
"DUSP18-ITGA2","Dusp18","Itga2",0.194769230769231,0.805230769230769,"receptor",0.361776871833081,0.261268257059837,0.401747259126917,"Gucy2c"
"DUSP18-ITGA3","Dusp18","Itga3",0.237538461538462,0.762461538461539,"receptor",0.373207640188553,0.315929573897173,0.506568819854501,"Cxcr4"
"DUSP18-ITGA6","Dusp18","Itga6",0.931769230769231,0.931769230769231,"ligand",0.696359873887472,0.261544501699656,0.69635987388747,"Dusp18"
"DUSP18-ITGA7","Dusp18","Itga7",0.3705,0.6295,"receptor",0.356307284019677,0.275308916487804,0.455794480437384,"Cxcr5"
"DUSP18-ITGB1","Dusp18","Itgb1",0.997153846153846,0.997153846153846,"ligand",0.95649390427567,0.130280100998961,0.956493904275658,"Dusp18"
"DUSP18-ITGB4","Dusp18","Itgb4",0.105615384615385,0.894384615384615,"receptor",0.466266516716288,0.197988700623956,0.466266516716289,"Itgb4"
"EBI3-IL6ST","Ebi3","Il6st",0.971,0.971,"ligand",0.713628994631725,0.091597521562489,0.713628994631723,"Ebi3"
"ECM1-CACHD1","Ecm1","Cachd1",0.964692307692308,0.964692307692308,"ligand",0.787915652599791,0.0988404099267832,0.787915652599795,"Ecm1"
"EDA-EDA2R","Eda","Eda2r",0.0319615384615385,0.968038461538462,"receptor",0.60331052753816,0.153972394683268,0.603310527538156,"Eda2r"
"EDIL3-ITGAV","Edil3","Itgav",0.721615384615385,0.721615384615385,"ligand",0.438570543108627,0.30741876519034,0.489257955534628,"Wnt7a"
"EDIL3-ITGB5","Edil3","Itgb5",0.7605,0.7605,"ligand",0.449196393036395,0.19536398247145,0.454581263745538,"Wnt7a"
"EDN1-EDNRA","Edn1","Ednra",0.971884615384615,0.971884615384615,"ligand",0.622396373219543,0.14694678042973,0.622396373219541,"Edn1"
"EDN1-EDNRB","Edn1","Ednrb",0.985038461538462,0.985038461538462,"ligand",0.739426708087481,0.109177290968775,0.739426708087478,"Edn1"
"EDN1-KEL","Edn1","Kel",0.907230769230769,0.907230769230769,"ligand",0.448029707797051,0.0214680327836157,0.448029707797053,"Edn1"
"EDN3-EDNRA","Edn3","Ednra",0.938192307692308,0.938192307692308,"ligand",0.743416438533084,0.271819634323767,0.743416438533085,"Edn3"
"EDN3-EDNRB","Edn3","Ednrb",0.964115384615385,0.964115384615385,"ligand",0.780790916903525,0.152139379873667,0.780790916903527,"Edn3"
"EDN3-KEL","Edn3","Kel",0.704923076923077,0.704923076923077,"ligand",0.347294719821493,-0.0669123190090497,0.47182111383981,"Agrp"
"EFEMP1-EGFR","Efemp1","Egfr",0.791884615384615,0.791884615384615,"ligand",0.66943018894509,0.345629996532364,0.669430188945094,"Efemp1"
"EFEMP2-AQP1","Efemp2","Aqp1",0.374230769230769,0.625769230769231,"receptor",0.681345788987709,0.574603367435722,0.681345788987711,"Aqp1"
"EFEMP2-LINGO1","Efemp2","Lingo1",0.139153846153846,0.860846153846154,"receptor",0.583555843125515,0.241264477775552,0.651164109096861,"Nmbr"
"EFEMP2-PLSCR4","Efemp2","Plscr4",0.0305769230769231,0.969423076923077,"receptor",0.742908061536569,0.257646322193271,0.742908061536574,"Plscr4"
"EFNA1-EPHA1","Efna1","Epha1",0.00930769230769231,0.990692307692308,"receptor",0.844254983657204,0.119792729333762,0.844254983657199,"Epha1"
"EFNA1-EPHA3","Efna1","Epha3",0.741884615384615,0.741884615384615,"ligand",0.571544859434108,0.310912670688855,0.571544859434107,"Efna1"
"EFNA1-EPHA4","Efna1","Epha4",0.706923076923077,0.706923076923077,"ligand",0.584287134684853,0.17822136852701,0.584287134684856,"Efna1"
"EFNA1-EPHA5","Efna1","Epha5",0.446538461538462,0.553461538461538,"receptor",0.22599078518229,0.407484505412494,0.423888473419837,"Ptma"
"EFNA1-EPHA6","Efna1","Epha6",0.256461538461538,0.743538461538461,"receptor",0.287397224523444,0.208635270923245,0.472688137790057,"Il2"
"EFNA1-EPHA7","Efna1","Epha7",0.750807692307692,0.750807692307692,"ligand",0.572479731524694,0.314952534435252,0.572479731524693,"Efna1"
"EFNA1-EPHA8","Efna1","Epha8",0.0515,0.9485,"receptor",0.525127811306566,0.0566879735979599,0.525127811306565,"Epha8"
"EFNA1-EPHB1","Efna1","Ephb1",0.374884615384615,0.625115384615385,"receptor",0.292681485698112,0.288954640017655,0.389661161258785,"Nmbr"
"EFNA1-EPHB6","Efna1","Ephb6",0.0345769230769231,0.965423076923077,"receptor",0.612127903096169,0.108863774397359,0.612127903096175,"Ephb6"
"EFNA2-EPHA1","Efna2","Epha1",0.0268076923076923,0.973192307692308,"receptor",0.683164094998616,0.129839200012701,0.683164094998616,"Epha1"
"EFNA2-EPHA3","Efna2","Epha3",0.920615384615385,0.920615384615385,"ligand",0.691987079921406,0.203360016699419,0.691987079921408,"Efna2"
"EFNA2-EPHA4","Efna2","Epha4",0.939538461538462,0.939538461538462,"ligand",0.777307641718087,0.276318111273593,0.777307641718087,"Efna2"
"EFNA2-EPHA5","Efna2","Epha5",0.767961538461538,0.767961538461538,"ligand",0.658044445939292,0.316779633585018,0.658044445939292,"Efna2"
"EFNA2-EPHA6","Efna2","Epha6",0.600230769230769,0.600230769230769,"ligand",0.49382711302309,0.318201026990205,0.511804952181281,"Adcy9"
"EFNA2-EPHA7","Efna2","Epha7",0.935769230769231,0.935769230769231,"ligand",0.754365256165432,0.237041963282576,0.754365256165434,"Efna2"
"EFNA2-EPHA8","Efna2","Epha8",0.0946538461538462,0.905346153846154,"receptor",0.471468802219886,0.237061984841065,0.471468802219885,"Epha8"
"EFNA3-EPHA1","Efna3","Epha1",0.0781538461538462,0.921846153846154,"receptor",0.526179359944091,0.0821470574283236,0.526179359944089,"Epha1"
"EFNA3-EPHA3","Efna3","Epha3",0.892807692307692,0.892807692307692,"ligand",0.818745350910399,0.0997748121101371,0.818745350910399,"Efna3"
"EFNA3-EPHA4","Efna3","Epha4",0.980769230769231,0.980769230769231,"ligand",0.992619937134655,0.54978152293937,0.992619937134654,"Efna3"
"EFNA3-EPHA5","Efna3","Epha5",0.9155,0.9155,"ligand",0.960429475434201,0.631723141509659,0.960429475434208,"Efna3"
"EFNA3-EPHA6","Efna3","Epha6",0.799423076923077,0.799423076923077,"ligand",0.887628835244163,0.581140484254232,0.887628835244162,"Efna3"
"EFNA3-EPHA7","Efna3","Epha7",0.924192307692308,0.924192307692308,"ligand",0.915116065434549,0.260413518780305,0.915116065434551,"Efna3"
"EFNA3-EPHA8","Efna3","Epha8",0.128461538461538,0.871538461538462,"receptor",0.517139554245296,0.430323668169231,0.517139554245297,"Epha8"
"EFNA3-EPHB1","Efna3","Ephb1",0.875576923076923,0.875576923076923,"ligand",0.974512089118417,0.64570013509417,0.974512089118414,"Efna3"
"EFNA3-EPHB6","Efna3","Ephb6",0.224923076923077,0.775076923076923,"receptor",0.633657063722134,0.445368935586649,0.633657063722129,"Ephb6"
"EFNA4-EPHA1","Efna4","Epha1",0.0180769230769231,0.981923076923077,"receptor",0.798712914827691,0.153502447226748,0.798712914827697,"Epha1"
"EFNA4-EPHA3","Efna4","Epha3",0.897807692307692,0.897807692307692,"ligand",0.760126139423534,0.257536238198188,0.760126139423533,"Efna4"
"EFNA4-EPHA4","Efna4","Epha4",0.895692307692308,0.895692307692308,"ligand",0.705391999773654,0.156225165349621,0.705391999773651,"Efna4"
"EFNA4-EPHA5","Efna4","Epha5",0.663653846153846,0.663653846153846,"ligand",0.560029773641721,0.152457192293313,0.560029773641725,"Efna4"
"EFNA4-EPHA6","Efna4","Epha6",0.444692307692308,0.555307692307692,"receptor",0.221020563724946,0.319018549408004,0.457775353443864,"Nmbr"
"EFNA4-EPHA7","Efna4","Epha7",0.905846153846154,0.905846153846154,"ligand",0.723783797601255,0.273825372692741,0.723783797601248,"Efna4"
"EFNA4-EPHA8","Efna4","Epha8",0.0835384615384615,0.916461538461538,"receptor",0.522149080685365,0.156629564737517,0.522149080685362,"Epha8"
"EFNA5-EPHA1","Efna5","Epha1",0.00130769230769231,0.998692307692308,"receptor",0.96796292589909,0.0726154223389793,0.967962925899089,"Epha1"
"EFNA5-EPHA3","Efna5","Epha3",0.29,0.71,"receptor",0.584195631990305,0.36036759728421,0.584195631990304,"Epha3"
"EFNA5-EPHA4","Efna5","Epha4",0.325230769230769,0.674769230769231,"receptor",0.589533775160683,0.389965043291499,0.58953377516069,"Epha4"
"EFNA5-EPHA5","Efna5","Epha5",0.185384615384615,0.814615384615385,"receptor",0.573770797376136,0.254625310595429,0.584682215478722,"Calm1"
"EFNA5-EPHA6","Efna5","Epha6",0.0784230769230769,0.921576923076923,"receptor",0.611446918280488,0.173152064594324,0.611446918280487,"Epha6"
"EFNA5-EPHA7","Efna5","Epha7",0.289192307692308,0.710807692307692,"receptor",0.633982449662402,0.37412311835955,0.633982449662401,"Epha7"
"EFNA5-EPHA8","Efna5","Epha8",0.015,0.985,"receptor",0.770919882131326,0.0855255167687745,0.770919882131327,"Epha8"
"EFNA5-EPHB1","Efna5","Ephb1",0.153923076923077,0.846076923076923,"receptor",0.682915737535279,0.211503093299902,0.682915737535277,"Ephb1"
"EFNA5-EPHB2","Efna5","Ephb2",0.195423076923077,0.804576923076923,"receptor",0.693501371308655,0.305571873886189,0.693501371308653,"Ephb2"
"EFNA5-EPHB6","Efna5","Ephb6",0.00719230769230769,0.992807692307692,"receptor",0.815898760236771,0.0957805108357487,0.815898760236776,"Ephb6"
"EFNB1-EPHA4","Efnb1","Epha4",0.568192307692308,0.568192307692308,"ligand",0.510751994416665,0.33035427042188,0.510751994416666,"Efnb1"
"EFNB1-EPHA6","Efnb1","Epha6",0.183576923076923,0.816423076923077,"receptor",0.400215330404413,0.157656220501603,0.495837192328666,"Il2"
"EFNB1-EPHB1","Efnb1","Ephb1",0.279576923076923,0.720423076923077,"receptor",0.426489396946214,0.260523208810456,0.426489396946214,"Ephb1"
"EFNB1-EPHB2","Efnb1","Ephb2",0.464230769230769,0.535769230769231,"receptor",0.459977117034217,0.424393218266013,0.459977117034216,"Ephb2"
"EFNB1-EPHB3","Efnb1","Ephb3",0.393807692307692,0.606192307692308,"receptor",0.537274419547822,0.43807167204067,0.53727441954782,"Ephb3"
"EFNB1-EPHB4","Efnb1","Ephb4",0.442115384615385,0.557884615384615,"receptor",0.679217241782013,0.479053439133523,0.679217241782013,"Ephb4"
"EFNB1-EPHB6","Efnb1","Ephb6",0.0208846153846154,0.979115384615385,"receptor",0.675621012395379,0.110575367541121,0.675621012395381,"Ephb6"
"EFNB1-ERBB2","Efnb1","Erbb2",0.299615384615385,0.700384615384615,"receptor",0.586524739739117,0.386029717411614,0.586524739739115,"Erbb2"
"EFNB2-EPHA3","Efnb2","Epha3",0.550692307692308,0.550692307692308,"ligand",0.59093299739643,0.461421421515689,0.590932997396429,"Efnb2"
"EFNB2-EPHA4","Efnb2","Epha4",0.563461538461538,0.563461538461538,"ligand",0.65394880979198,0.447812300622503,0.653948809791981,"Efnb2"
"EFNB2-EPHA6","Efnb2","Epha6",0.164576923076923,0.835423076923077,"receptor",0.464178053618049,0.231947770571559,0.570581007455868,"Calm2"
"EFNB2-EPHB1","Efnb2","Ephb1",0.271538461538462,0.728461538461538,"receptor",0.509998682727257,0.342484041343193,0.537167746932412,"Gpr162"
"EFNB2-EPHB2","Efnb2","Ephb2",0.419538461538462,0.580461538461538,"receptor",0.483809957748453,0.479937252265697,0.483809957748452,"Ephb2"
"EFNB2-EPHB3","Efnb2","Ephb3",0.3725,0.6275,"receptor",0.465223201295426,0.457857595324543,0.465223201295428,"Ephb3"
"EFNB2-EPHB4","Efnb2","Ephb4",0.434692307692308,0.565307692307692,"receptor",0.648803524335816,0.497092265976056,0.648803524335814,"Ephb4"
"EFNB2-EPHB6","Efnb2","Ephb6",0.0166923076923077,0.983307692307692,"receptor",0.71634185307541,0.159116440271955,0.716341853075407,"Ephb6"
"EFNB2-GRM1","Efnb2","Grm1",0.0497692307692308,0.950230769230769,"receptor",0.708965424061499,0.12984079410067,0.708965424061498,"Grm1"
"EFNB2-GRM5","Efnb2","Grm5",0.182884615384615,0.817115384615385,"receptor",0.53724050753827,0.314977849633508,0.619826345837725,"Gpr162"
"EFNB2-PECAM1","Efnb2","Pecam1",0.465307692307692,0.534692307692308,"receptor",0.551886252900811,0.532798046419795,0.55188625290081,"Pecam1"
"EFNB3-EPHA4","Efnb3","Epha4",0.7545,0.7545,"ligand",0.67747096934615,0.470591194352589,0.677470969346152,"Efnb3"
"EFNB3-EPHB1","Efnb3","Ephb1",0.3965,0.6035,"receptor",0.566231176810096,0.527142688792129,0.642081330720997,"Efna3"
"EFNB3-EPHB2","Efnb3","Ephb2",0.654423076923077,0.654423076923077,"ligand",0.530178243796251,0.456940070167518,0.536598019589128,"Il2"
"EFNB3-EPHB3","Efnb3","Ephb3",0.599769230769231,0.599769230769231,"ligand",0.416935425675834,0.365610410054872,0.416935425675831,"Efnb3"
"EFNB3-EPHB4","Efnb3","Ephb4",0.642115384615385,0.642115384615385,"ligand",0.379219358142651,0.458008035562216,0.458008035562219,"Ephb4"
"EFNB3-EPHB6","Efnb3","Ephb6",0.0253461538461538,0.974653846153846,"receptor",0.734979196310707,0.245990092272068,0.734979196310706,"Ephb6"
"EGF-CAV1","Egf","Cav1",0.996576923076923,0.996576923076923,"ligand",0.874261575670644,0.0750460589920137,0.874261575670646,"Egf"
"EGF-EGFR","Egf","Egfr",0.984192307692308,0.984192307692308,"ligand",0.680601976839899,0.123224750341713,0.680601976839899,"Egf"
"EGF-ERBB2","Egf","Erbb2",0.980230769230769,0.980230769230769,"ligand",0.64448274874241,0.12457247487715,0.644482748742408,"Egf"
"EGF-ERBB3","Egf","Erbb3",0.961653846153846,0.961653846153846,"ligand",0.573636307513532,0.254479545450243,0.57363630751353,"Egf"
"EGF-ERBB4","Egf","Erbb4",0.985346153846154,0.985346153846154,"ligand",0.818802904440182,0.129338963136816,0.818802904440173,"Egf"
"EGF-FSHR","Egf","Fshr",0.865769230769231,0.865769230769231,"ligand",0.328262034454271,0.760378428028296,0.76370669681049,"Gucy2c"
"EPO-EPOR","Epo","Epor",0.979884615384615,0.979884615384615,"ligand",0.999521900802999,-0.250143850481954,0.999521900803002,"Epo"
"F10-F3","F10","F3",0.491307692307692,0.508692307692308,"receptor",0.163003027654037,0.0377631964738508,0.468879698272543,"Gucy2c"
"F10-ITGAM","F10","Itgam",0.221615384615385,0.778384615384615,"receptor",0.340760560109036,0.180739234094503,0.340760560109036,"Itgam"
"F10-ITGB2","F10","Itgb2",0.129038461538462,0.870961538461538,"receptor",0.543588221317711,0.319706871844275,0.54358822131771,"Itgb2"
"F11-GP1BA","F11","Gp1ba",0.648346153846154,0.648346153846154,"ligand",0.482319116464291,0.565528149356515,0.565528149356516,"Gp1ba"
"F12-CD93","F12","Cd93",0.878807692307692,0.878807692307692,"ligand",0.811646629667404,-0.0221714054504965,0.836184551134711,"Mst1"
"F12-GP1BA","F12","Gp1ba",0.103,0.897,"receptor",0.674608335364604,0.340930076137604,0.674608335364603,"Gp1ba"
"F13A1-ITGA4","F13a1","Itga4",0.726076923076923,0.726076923076923,"ligand",0.483836046985636,0.266042818668748,0.483836046985636,"F13a1"
"F13A1-ITGA9","F13a1","Itga9",0.900346153846154,0.900346153846154,"ligand",0.632279350920278,0.294230498002169,0.632279350920275,"F13a1"
"F13A1-ITGB1","F13a1","Itgb1",0.979961538461538,0.979961538461538,"ligand",0.843597858671187,0.260045915278609,0.843597858671188,"F13a1"
"F2-F2R","F2","F2r",0.748192307692308,0.748192307692308,"ligand",0.399031074258404,0.18047070138209,0.438432738450418,"Gcgr"
"F2-F2RL1","F2","F2rl1",0.0140384615384615,0.985961538461538,"receptor",0.997660029533345,-0.218075257270125,0.997660029533346,"F2rl1"
"F2-F2RL3","F2","F2rl3",0.00938461538461539,0.990615384615385,"receptor",0.800088995741436,0.105210308397746,0.800088995741436,"F2rl3"
"F2-GP1BA","F2","Gp1ba",0.0108846153846154,0.989115384615385,"receptor",0.90581955243722,0.220457297614256,0.905819552437219,"Gp1ba"
"F2-GP1BB","F2","Gp1bb",0.819269230769231,0.819269230769231,"ligand",0.637053228733825,-0.200107551212826,0.684177111886388,"Mst1"
"F2-GP9","F2","Gp9",0.0271153846153846,0.972884615384615,"receptor",0.649322343058816,0.226814239306252,0.649322343058811,"Gp9"
"F2-ITGA2B","F2","Itga2b",0.262384615384615,0.737615384615385,"receptor",0.709860241982975,0.365039139082546,0.709860241982973,"Itga2b"
"F2-THBD","F2","Thbd",0.551769230769231,0.551769230769231,"ligand",0.0680753183292444,0.173860970607512,0.373658014485006,"Gucy2c"
"F7-F3","F7","F3",0.807576923076923,0.807576923076923,"ligand",0.657176076251314,0.0178180718718579,0.675446563002613,"Mst1"
"F8-LDLR","F8","Ldlr",0.973923076923077,0.973923076923077,"ligand",0.645635141440891,0.145581591466715,0.645635141440892,"F8"
"F8-LRP1","F8","Lrp1",0.998769230769231,0.998769230769231,"ligand",0.875713596138699,0.155764710874366,0.875713596138699,"F8"
"FARP2-PLXNA1","Farp2","Plxna1",0.444615384615385,0.555384615384615,"receptor",0.579345363767917,0.46127261102666,0.579345363767919,"Plxna1"
"FARP2-PLXNA2","Farp2","Plxna2",0.542884615384615,0.542884615384615,"ligand",0.607115904897276,0.444247095407874,0.607115904897271,"Farp2"
"FARP2-PLXNA3","Farp2","Plxna3",0.163230769230769,0.836769230769231,"receptor",0.63556393151154,0.306549809793308,0.635563931511543,"Plxna3"
"FARP2-PLXNA4","Farp2","Plxna4",0.325423076923077,0.674576923076923,"receptor",0.491007577006246,0.346218252574197,0.491007577006247,"Plxna4"
"FAT4-DCHS1","Fat4","Dchs1",0.649576923076923,0.649576923076923,"ligand",0.581772756408862,0.475722592018588,0.581772756408859,"Fat4"
"FBLN1-ITGB1","Fbln1","Itgb1",0.931846153846154,0.931846153846154,"ligand",0.950110926292996,0.542080166640532,0.950110926292993,"Fbln1"
"FBLN2-ITGB3","Fbln2","Itgb3",0.0316153846153846,0.968384615384615,"receptor",0.675960179293679,0.146521896241134,0.675960179293678,"Itgb3"
"FBN1-ITGA5","Fbn1","Itga5",0.0114615384615385,0.988538461538462,"receptor",0.948960159635719,0.251699253950267,0.948960159635715,"Itga5"
"FBN1-ITGAV","Fbn1","Itgav",0.0936923076923077,0.906307692307692,"receptor",0.89920633335109,0.411404232089192,0.899206333351085,"Itgav"
"FBN1-ITGB1","Fbn1","Itgb1",0.754307692307692,0.754307692307692,"ligand",0.815999036669827,0.707922234906597,0.815999036669825,"Fbn1"
"FBN1-ITGB3","Fbn1","Itgb3",0.0155769230769231,0.984423076923077,"receptor",0.737660546222808,0.181801073431484,0.737660546222804,"Itgb3"
"FBN1-ITGB6","Fbn1","Itgb6",0.00361538461538462,0.996384615384615,"receptor",0.85882357100172,0.087453676548911,0.858823571001722,"Itgb6"
"FGA-CDH5","Fga","Cdh5",0.634230769230769,0.634230769230769,"ligand",0.170989878282624,0.333913756863067,0.333913756863067,"Cdh5"
"FGA-ITGA2B","Fga","Itga2b",0.128346153846154,0.871653846153846,"receptor",0.846287443712218,0.276437781015835,0.846287443712212,"Itga2b"
"FGA-ITGA5","Fga","Itga5",0.275423076923077,0.724576923076923,"receptor",0.55643896557926,-0.107666240947581,0.556438965579259,"Itga5"
"FGA-ITGAD","Fga","Itgad",0,1,"receptor",1,-0.284100184297965,0.999999999999996,"Itgad"
"FGA-ITGAM","Fga","Itgam",0.0158076923076923,0.984192307692308,"receptor",0.572119210405353,0.0522289601933544,0.572119210405355,"Itgam"
"FGA-ITGAV","Fga","Itgav",0.630923076923077,0.630923076923077,"ligand",0.196421822109597,0.253798162108869,0.308698524754312,"Gucy2c"
"FGA-ITGB1","Fga","Itgb1",0.822115384615385,0.822115384615385,"ligand",0.694886438434997,-0.0611008580822763,0.723922965988041,"Mst1"
"FGA-ITGB2","Fga","Itgb2",0.00776923076923077,0.992230769230769,"receptor",0.878227314818159,0.117958962583887,0.878227314818153,"Itgb2"
"FGA-ITGB3","Fga","Itgb3",0.0663461538461538,0.933653846153846,"receptor",0.713868640795216,0.191200338850407,0.713868640795214,"Itgb3"
"FGA-PLAUR","Fga","Plaur",0.0130769230769231,0.986923076923077,"receptor",0.722859525739283,-0.146582425849169,0.722859525739282,"Plaur"
"FGB-ITGA2B","Fgb","Itga2b",0.203230769230769,0.796769230769231,"receptor",0.832461177050758,0.292883595997476,0.832461177050754,"Itga2b"
"FGB-ITGA5","Fgb","Itga5",0.402269230769231,0.597730769230769,"receptor",0.451818104406779,-0.0882627974447619,0.451818104406777,"Itga5"
"FGB-ITGAM","Fgb","Itgam",0.0251923076923077,0.974807692307692,"receptor",0.553906508634466,0.0498043009732972,0.553906508634468,"Itgam"
"FGB-ITGAV","Fgb","Itgav",0.697384615384615,0.697384615384615,"ligand",0.233968182365422,0.142622085766106,0.424368705933652,"Gcgr"
"FGB-ITGB1","Fgb","Itgb1",0.847307692307692,0.847307692307692,"ligand",0.697771014347502,-0.147761405767438,0.811257501002794,"Mst1"
"FGB-ITGB2","Fgb","Itgb2",0.0152307692307692,0.984769230769231,"receptor",0.838643330913691,0.153656125614094,0.838643330913687,"Itgb2"
"FGF10-FGFR1","Fgf10","Fgfr1",0.928423076923077,0.928423076923077,"ligand",0.760422274212555,0.277218262142648,0.760422274212549,"Fgf10"
"FGF10-FGFR2","Fgf10","Fgfr2",0.999884615384615,0.999884615384615,"ligand",0.998563518913148,0.232346978162217,0.998563518913149,"Fgf10"
"FGF10-FGFR3","Fgf10","Fgfr3",0.733115384615385,0.733115384615385,"ligand",0.441346219772031,0.239809803608364,0.44134621977203,"Fgf10"
"FGF10-FGFR4","Fgf10","Fgfr4",0.344923076923077,0.655076923076923,"receptor",0.470122832541181,0.305365381498112,0.470122832541179,"Fgfr4"
"FGF11-FGFR1","Fgf11","Fgfr1",0.982038461538462,0.982038461538462,"ligand",0.813011412549849,0.125847048968749,0.813011412549853,"Fgf11"
"FGF11-FGFR2","Fgf11","Fgfr2",1,1,"ligand",1,0.190606264005936,1,"Fgf11"
"FGF11-FGFR3","Fgf11","Fgfr3",0.896576923076923,0.896576923076923,"ligand",0.668758097459099,0.251385191621927,0.668758097459101,"Fgf11"
"FGF11-FGFR4","Fgf11","Fgfr4",0.444,0.556,"receptor",0.393916048950241,0.448292936624269,0.448292936624267,"Fgf11"
"FGF12-FGFR1","Fgf12","Fgfr1",0.842,0.842,"ligand",0.546392611429455,0.211690135543765,0.5747226688761,"Podxl2"
"FGF12-FGFR2","Fgf12","Fgfr2",0.997423076923077,0.997423076923077,"ligand",0.986276984013866,0.146370753502785,0.98627698401387,"Fgf12"
"FGF12-FGFR3","Fgf12","Fgfr3",0.578307692307692,0.578307692307692,"ligand",0.490630575310453,0.541861876645764,0.606864544465531,"Ncan"
"FGF12-FGFR4","Fgf12","Fgfr4",0.273538461538462,0.726461538461538,"receptor",0.523446363899824,0.0259427310681726,0.523446363899824,"Fgfr4"
"FGF13-EGFR","Fgf13","Egfr",0.359,0.641,"receptor",0.467662760078962,0.17540428102251,0.467662760078961,"Egfr"
"FGF13-FGFR1","Fgf13","Fgfr1",0.620076923076923,0.620076923076923,"ligand",0.439530209176002,0.40867338528415,0.49404379881512,"Gnas"
"FGF13-FGFR2","Fgf13","Fgfr2",0.986076923076923,0.986076923076923,"ligand",0.937952693245613,0.278737013944093,0.93795269324561,"Fgf13"
"FGF13-FGFR3","Fgf13","Fgfr3",0.247923076923077,0.752076923076923,"receptor",0.643053479512333,0.210257370971031,0.643053479512333,"Fgfr3"
"FGF13-FGFR4","Fgf13","Fgfr4",0.0767307692307692,0.923269230769231,"receptor",0.885920329311154,0.281298194898823,0.88592032931116,"Fgfr4"
"FGF13-SCN5A","Fgf13","Scn5a",0.00938461538461539,0.990615384615385,"receptor",0.9812118779145,0.120588740053151,0.981211877914501,"Scn5a"
"FGF13-SCN8A","Fgf13","Scn8a",0.0650769230769231,0.934923076923077,"receptor",0.916824987958727,0.330505815323229,0.916824987958721,"Scn8a"
"FGF14-FGFR1","Fgf14","Fgfr1",0.7885,0.7885,"ligand",0.483163340521804,0.310083631625071,0.483163340521804,"Fgf14"
"FGF14-FGFR2","Fgf14","Fgfr2",0.988423076923077,0.988423076923077,"ligand",0.955774454801606,0.211957383639596,0.955774454801596,"Fgf14"
"FGF14-FGFR3","Fgf14","Fgfr3",0.495769230769231,0.504230769230769,"receptor",0.573874698354882,0.430320825731965,0.587204558379201,"Ncan"
"FGF14-FGFR4","Fgf14","Fgfr4",0.226038461538462,0.773961538461538,"receptor",0.487150953121021,0.0679519028199786,0.487150953121023,"Fgfr4"
"FGF18-FGFR1","Fgf18","Fgfr1",0.993769230769231,0.993769230769231,"ligand",0.917749728819775,0.252477944754268,0.917749728819778,"Fgf18"
"FGF18-FGFR2","Fgf18","Fgfr2",1,1,"ligand",1,0.206934454538403,0.999999999999993,"Fgf18"
"FGF18-FGFR3","Fgf18","Fgfr3",0.932307692307692,0.932307692307692,"ligand",0.600932631082407,0.11275580350332,0.600932631082409,"Fgf18"
"FGF18-FGFR4","Fgf18","Fgfr4",0.616384615384615,0.616384615384615,"ligand",0.456782492259338,0.264398238364664,0.456782492259343,"Fgf18"
"FGF2-CD44","Fgf2","Cd44",1,1,"ligand",1,0.188093228341287,0.999999999999999,"Fgf2"
"FGF2-FGFR1","Fgf2","Fgfr1",0.946076923076923,0.946076923076923,"ligand",0.810574828328711,0.29461180839362,0.810574828328712,"Fgf2"
"FGF2-FGFR2","Fgf2","Fgfr2",1,1,"ligand",1,0.215818591901506,0.999999999999999,"Fgf2"
"FGF2-FGFR3","Fgf2","Fgfr3",0.521346153846154,0.521346153846154,"ligand",0.447060335059804,0.323175063391661,0.447060335059805,"Fgf2"
"FGF2-FGFR4","Fgf2","Fgfr4",0.196076923076923,0.803923076923077,"receptor",0.524330840097758,0.271653849388584,0.524330840097756,"Fgfr4"
"FGF2-FGFRL1","Fgf2","Fgfrl1",0.859730769230769,0.859730769230769,"ligand",0.699190084822098,0.26360761348281,0.699190084822102,"Fgf2"
"FGF2-GPC4","Fgf2","Gpc4",0.701730769230769,0.701730769230769,"ligand",0.484972012492298,0.324697387792811,0.484972012492296,"Fgf2"
"FGF2-NRP1","Fgf2","Nrp1",0.880692307692308,0.880692307692308,"ligand",0.701012339303156,0.242793470311468,0.70101233930315,"Fgf2"
"FGF2-SDC1","Fgf2","Sdc1",0.796269230769231,0.796269230769231,"ligand",0.639886681435633,0.313142584000279,0.639886681435632,"Fgf2"
"FGF2-SDC2","Fgf2","Sdc2",0.881,0.881,"ligand",0.713977911605232,0.244660142832352,0.713977911605228,"Fgf2"
"FGF2-SDC3","Fgf2","Sdc3",0.944653846153846,0.944653846153846,"ligand",0.759699845212292,0.192393075250288,0.759699845212293,"Fgf2"
"FGF2-SDC4","Fgf2","Sdc4",0.6485,0.6485,"ligand",0.478612605867351,0.2835617827099,0.478612605867351,"Fgf2"
"FGF6-FGFR1","Fgf6","Fgfr1",0.996153846153846,0.996153846153846,"ligand",0.806760533101225,0.136350695617805,0.80676053310122,"Fgf6"
"FGF6-FGFR2","Fgf6","Fgfr2",1,1,"ligand",1,0.164084379184763,0.999999999999995,"Fgf6"
"FGF6-FGFR3","Fgf6","Fgfr3",0.952730769230769,0.952730769230769,"ligand",0.526208094561609,0.00706324518096653,0.526208094561606,"Fgf6"
"FGF6-FGFR4","Fgf6","Fgfr4",0.910461538461538,0.910461538461538,"ligand",0.735798944985114,0.436274042190823,0.735798944985123,"Fgf6"
"FGF6-SDC4","Fgf6","Sdc4",0.971,0.971,"ligand",0.594531871519363,0.0373429624921829,0.594531871519363,"Fgf6"
"FGF7-FGFR1","Fgf7","Fgfr1",0.987576923076923,0.987576923076923,"ligand",0.860417573211453,0.194803152383117,0.860417573211456,"Fgf7"
"FGF7-FGFR2","Fgf7","Fgfr2",1,1,"ligand",1,0.210069110036535,0.999999999999992,"Fgf7"
"FGF7-FGFR3","Fgf7","Fgfr3",0.867923076923077,0.867923076923077,"ligand",0.489173806007848,0.0308424339273845,0.489173806007849,"Fgf7"
"FGF7-FGFR4","Fgf7","Fgfr4",0.584230769230769,0.584230769230769,"ligand",0.540223245139403,0.474065858549608,0.540223245139404,"Fgf7"
"FGF7-NRP1","Fgf7","Nrp1",0.972884615384615,0.972884615384615,"ligand",0.75954536658061,0.150745040935566,0.759545366580613,"Fgf7"
"FGF9-FGFR1","Fgf9","Fgfr1",0.954423076923077,0.954423076923077,"ligand",0.743793061789856,0.103903628547327,0.743793061789852,"Fgf9"
"FGF9-FGFR2","Fgf9","Fgfr2",1,1,"ligand",1,0.189230149940932,0.999999999999998,"Fgf9"
"FGF9-FGFR3","Fgf9","Fgfr3",0.812615384615385,0.812615384615385,"ligand",0.588508044742461,0.280856308600309,0.588508044742459,"Fgf9"
"FGF9-FGFR4","Fgf9","Fgfr4",0.356115384615385,0.643884615384615,"receptor",0.476663352184636,0.347219492300242,0.480892222580413,"Adora1"
"FGG-ITGA2B","Fgg","Itga2b",0.121884615384615,0.878115384615385,"receptor",0.842058141775504,0.287146185053013,0.842058141775506,"Itga2b"
"FGG-ITGA5","Fgg","Itga5",0.275615384615385,0.724384615384615,"receptor",0.52434966322472,-0.152280927736605,0.524349663224721,"Itga5"
"FGG-ITGAV","Fgg","Itgav",0.674115384615385,0.674115384615385,"ligand",0.167182843848045,0.198416197391606,0.34156564660625,"Gcgr"
"FGG-ITGB1","Fgg","Itgb1",0.850038461538462,0.850038461538462,"ligand",0.705411554082812,-0.134850221226357,0.801299024143727,"F7"
"FGG-ITGB2","Fgg","Itgb2",0.00753846153846154,0.992461538461539,"receptor",0.916067837492575,0.126702395139052,0.91606783749257,"Itgb2"
"FGL1-EGFR","Fgl1","Egfr",0.9865,0.9865,"ligand",0.577192968022094,-0.021667994984875,0.577192968022092,"Fgl1"
"FN1-C5AR1","Fn1","C5ar1",0,1,"receptor",1,0.187120723149999,1.00000000000001,"C5ar1"
"FN1-CD44","Fn1","Cd44",0.999692307692308,0.999692307692308,"ligand",0.999716074479651,0.304670249965532,0.999716074479655,"Fn1"
"FN1-COL13A1","Fn1","Col13a1",0.00276923076923077,0.997230769230769,"receptor",0.97339885931153,0.161297924819308,0.973398859311534,"Col13a1"
"FN1-FLT4","Fn1","Flt4",0.000807692307692308,0.999192307692308,"receptor",0.993394215271299,0.11674062297086,0.993394215271294,"Flt4"
"FN1-IL17RC","Fn1","Il17rc",0.00115384615384615,0.998846153846154,"receptor",0.98688961873693,0.117046192416644,0.986889618736938,"Il17rc"
"FN1-ITGA2","Fn1","Itga2",0.00211538461538462,0.997884615384615,"receptor",0.930455192391669,0.119514395217807,0.930455192391665,"Itga2"
"FN1-ITGA2B","Fn1","Itga2b",0.00557692307692308,0.994423076923077,"receptor",0.859524856454652,-0.00650469412759002,0.859524856454649,"Itga2b"
"FN1-ITGA3","Fn1","Itga3",0.00442307692307692,0.995576923076923,"receptor",0.889512003929983,0.0274823855098743,0.889512003929982,"Itga3"
"FN1-ITGA4","Fn1","Itga4",0.0379615384615385,0.962038461538462,"receptor",0.904513275365955,0.168999486862231,0.90451327536596,"Itga4"
"FN1-ITGA5","Fn1","Itga5",0.00169230769230769,0.998307692307692,"receptor",0.984669356122837,0.223923448283149,0.984669356122841,"Itga5"
"FN1-ITGA6","Fn1","Itga6",0.0164615384615385,0.983538461538462,"receptor",0.95813515752303,0.141213956854064,0.958135157523033,"Itga6"
"FN1-ITGA8","Fn1","Itga8",0.00811538461538461,0.991884615384615,"receptor",0.935242229109558,0.150918946269549,0.935242229109557,"Itga8"
"FN1-ITGA9","Fn1","Itga9",0.0421538461538462,0.957846153846154,"receptor",0.93499225084968,0.298632134008048,0.934992250849678,"Itga9"
"FN1-ITGAV","Fn1","Itgav",0.0178846153846154,0.982115384615385,"receptor",0.953731591737675,0.28616790225515,0.953731591737674,"Itgav"
"FN1-ITGB1","Fn1","Itgb1",0.326192307692308,0.673807692307692,"receptor",0.869329296159058,0.606321448388134,0.869329296159056,"Itgb1"
"FN1-ITGB3","Fn1","Itgb3",0.00238461538461538,0.997615384615385,"receptor",0.908075385439972,0.0750787376701646,0.90807538543997,"Itgb3"
"FN1-ITGB6","Fn1","Itgb6",0.000846153846153846,0.999153846153846,"receptor",0.976670005895173,0.064546626125575,0.976670005895172,"Itgb6"
"FN1-ITGB8","Fn1","Itgb8",0.0119615384615385,0.988038461538462,"receptor",0.905797283249236,0.101635320767556,0.905797283249241,"Itgb8"
"FN1-MAG","Fn1","Mag",0.000730769230769231,0.999269230769231,"receptor",0.91545246816945,-0.002017588227797,0.915452468169449,"Mag"
"FN1-NT5E","Fn1","Nt5e",0.000961538461538462,0.999038461538462,"receptor",0.959582819924395,0.0734204907587429,0.95958281992439,"Nt5e"
"FN1-PLAUR","Fn1","Plaur",7.69230769230769e-05,0.999923076923077,"receptor",0.974178367094447,0.104225452986902,0.974178367094453,"Plaur"
"FN1-ROBO4","Fn1","Robo4",0.00119230769230769,0.998807692307692,"receptor",0.969669254096584,0.0954795768012714,0.969669254096588,"Robo4"
"FN1-SDC2","Fn1","Sdc2",0.0413461538461538,0.958653846153846,"receptor",0.927280820816419,0.338785690521009,0.927280820816418,"Sdc2"
"FN1-TMPRSS6","Fn1","Tmprss6",0,1,"receptor",1,-0.130928590519696,0.999999999999996,"Tmprss6"
"FN1-TNFRSF11B","Fn1","Tnfrsf11b",0.000153846153846154,0.999846153846154,"receptor",0.992002942780825,0.138154987465008,0.992002942780837,"Tnfrsf11b"
"FST-BMPR1B","Fst","Bmpr1b",0.809423076923077,0.809423076923077,"ligand",0.631100926552633,0.342729686392016,0.63110092655263,"Fst"
"FST-BMPR2","Fst","Bmpr2",0.967038461538462,0.967038461538462,"ligand",0.807564721278865,0.203866275294804,0.807564721278867,"Fst"
"FST-HFE2","Fst","Hfe2",0.763423076923077,0.763423076923077,"ligand",0.680321282642076,0.452490846481276,0.68032128264208,"Fst"
"GAD1-GRM4","Gad1","Grm4",0.00776923076923077,0.992230769230769,"receptor",0.997303077365695,0.627793859952797,0.997303077365708,"Grm4"
"GAS6-AXL","Gas6","Axl",0.645923076923077,0.645923076923077,"ligand",0.582070654046038,0.464537246524394,0.582070654046037,"Gas6"
"GAS6-MERTK","Gas6","Mertk",0.258615384615385,0.741384615384615,"receptor",0.566371280210398,0.311241169181082,0.566371280210398,"Mertk"
"GAS6-TYRO3","Gas6","Tyro3",0.0926153846153846,0.907384615384615,"receptor",0.66530883352811,0.18169368283353,0.66530883352811,"Tyro3"
"GDF10-ACVR1B","Gdf10","Acvr1b",0.234538461538462,0.765461538461538,"receptor",0.530144322863293,0.159418629506064,0.530144322863299,"Acvr1b"
"GDF11-ACVR1B","Gdf11","Acvr1b",0.785076923076923,0.785076923076923,"ligand",0.472571517947318,0.325523056742574,0.502531637157369,"Cxcr4"
"GDF11-ACVR2A","Gdf11","Acvr2a",0.952846153846154,0.952846153846154,"ligand",0.734456209403932,0.187335727380843,0.734456209403926,"Gdf11"
"GDF11-ACVR2B","Gdf11","Acvr2b",0.251230769230769,0.748769230769231,"receptor",0.34221731397702,0.337776115541148,0.468911781691942,"Calcr"
"GDF5-ACVR1","Gdf5","Acvr1",0.972538461538462,0.972538461538462,"ligand",0.620666954112208,0.14687042140713,0.620666954112209,"Gdf5"
"GDF5-ACVR2A","Gdf5","Acvr2a",0.976615384615385,0.976615384615385,"ligand",0.608847675022293,0.0488558423568725,0.608847675022293,"Gdf5"
"GDF5-ACVR2B","Gdf5","Acvr2b",0.859115384615385,0.859115384615385,"ligand",0.354594000565603,0.143752613561443,0.360853299229878,"Fgfr2"
"GDF5-BMPR1A","Gdf5","Bmpr1a",0.993576923076923,0.993576923076923,"ligand",0.855196959021787,0.0944842150396506,0.85519695902179,"Gdf5"
"GDF5-BMPR1B","Gdf5","Bmpr1b",0.959730769230769,0.959730769230769,"ligand",0.631853233434358,0.235501758508412,0.631853233434355,"Gdf5"
"GDF5-BMPR2","Gdf5","Bmpr2",0.992423076923077,0.992423076923077,"ligand",0.779978696832482,0.10707499931703,0.779978696832483,"Gdf5"
"GDF5-ROR2","Gdf5","Ror2",0.967653846153846,0.967653846153846,"ligand",0.64655598896052,0.187650050875495,0.646555988960518,"Gdf5"
"GDF6-BMPR1A","Gdf6","Bmpr1a",1,1,"ligand",1,0.152947938538691,0.999999999999999,"Gdf6"
"GDF6-BMPR1B","Gdf6","Bmpr1b",0.998692307692308,0.998692307692308,"ligand",0.969699468805885,0.0817881221557909,0.969699468805891,"Gdf6"
"GDF6-BMPR2","Gdf6","Bmpr2",1,1,"ligand",1,0.125241097780094,0.999999999999999,"Gdf6"
"GDF9-ACVR2A","Gdf9","Acvr2a",1,1,"ligand",1,0.354320247345607,0.999999999999999,"Gdf9"
"GDF9-BMPR1A","Gdf9","Bmpr1a",1,1,"ligand",1,0.448138337839926,0.999999999999999,"Gdf9"
"GDF9-BMPR1B","Gdf9","Bmpr1b",1,1,"ligand",1,0.165482872177349,0.999999999999999,"Gdf9"
"GDF9-BMPR2","Gdf9","Bmpr2",1,1,"ligand",1,0.416833756197605,0.999999999999999,"Gdf9"
"GDF9-FXYD6","Gdf9","Fxyd6",1,1,"ligand",1,0.357067328931725,0.999999999999999,"Gdf9"
"GDF9-ORAI2","Gdf9","Orai2",1,1,"ligand",1,0.370303726287645,0.999999999999999,"Gdf9"
"GDF9-TGFBR1","Gdf9","Tgfbr1",1,1,"ligand",1,0.303808182804964,0.999999999999999,"Gdf9"
"GNAI2-ADCY1","Gnai2","Adcy1",0.0204615384615385,0.979538461538462,"receptor",0.908049413800714,0.120670759874872,0.908049413800718,"Adcy1"
"GNAI2-ADCY7","Gnai2","Adcy7",0.00138461538461538,0.998615384615385,"receptor",0.955536954438163,0.133084963034547,0.955536954438166,"Adcy7"
"GNAI2-ADCY8","Gnai2","Adcy8",0.00592307692307692,0.994076923076923,"receptor",0.971339065675203,-0.0189205541015396,0.971339065675206,"Adcy8"
"GNAI2-ADCY9","Gnai2","Adcy9",0.146153846153846,0.853846153846154,"receptor",0.830954954776745,0.519297953657399,0.836168691302331,"Nmbr"
"GNAI2-ADORA1","Gnai2","Adora1",0.00492307692307692,0.995076923076923,"receptor",0.98943248228296,0.181436346617281,0.989432482282969,"Adora1"
"GNAI2-ADRA2A","Gnai2","Adra2a",0.000692307692307692,0.999307692307692,"receptor",0.984290136004621,0.139493761168169,0.984290136004624,"Adra2a"
"GNAI2-AGTR2","Gnai2","Agtr2",0.109076923076923,0.890923076923077,"receptor",0.886925925454345,0.426952316812111,0.886925925454348,"Agtr2"
"GNAI2-C5AR1","Gnai2","C5ar1",0,1,"receptor",1,0.185474811201554,1.00000000000001,"C5ar1"
"GNAI2-CAV1","Gnai2","Cav1",0.123461538461538,0.876538461538461,"receptor",0.880198195236955,0.55304393817467,0.880198195236954,"Cav1"
"GNAI2-CNR1","Gnai2","Cnr1",0.0520384615384615,0.947961538461538,"receptor",0.845389742245658,0.0397977247746735,0.845389742245659,"Cnr1"
"GNAI2-EDNRA","Gnai2","Ednra",0.0214230769230769,0.978576923076923,"receptor",0.93116713334102,0.316014906371366,0.931167133341022,"Ednra"
"GNAI2-EDNRB","Gnai2","Ednrb",0.0401153846153846,0.959884615384615,"receptor",0.773580576944268,0.304438099181376,0.773580576944269,"Ednrb"
"GNAI2-EGFR","Gnai2","Egfr",0.0189615384615385,0.981038461538462,"receptor",0.913699554624946,0.33208969005181,0.913699554624939,"Egfr"
"GNAI2-F2R","Gnai2","F2r",0.0175769230769231,0.982423076923077,"receptor",0.922273265643081,0.290363400935135,0.922273265643081,"F2r"
"GNAI2-IGF1R","Gnai2","Igf1r",0.0983846153846154,0.901615384615385,"receptor",0.838526650466619,0.456365878090824,0.838526650466623,"Igf1r"
"GNAI2-LPAR3","Gnai2","Lpar3",0,1,"receptor",1,0.213995356027089,1,"Lpar3"
"GNAI2-OPRM1","Gnai2","Oprm1",0.00284615384615385,0.997153846153846,"receptor",0.968735608263516,-0.0319342233540018,0.968735608263514,"Oprm1"
"GNAI2-P2RY12","Gnai2","P2ry12",0.000269230769230769,0.999730769230769,"receptor",0.983307682230869,0.108408399832437,0.983307682230876,"P2ry12"
"GNAI2-PTPRU","Gnai2","Ptpru",0.00169230769230769,0.998307692307692,"receptor",0.83957389569449,0.144937218891606,0.83957389569449,"Ptpru"
"GNAI2-S1PR1","Gnai2","S1pr1",0.00219230769230769,0.997807692307692,"receptor",0.965731020964296,0.233464688061723,0.9657310209643,"S1pr1"
"GNAI2-S1PR3","Gnai2","S1pr3",0.024,0.976,"receptor",0.937335282090933,0.392535931587512,0.937335282090935,"S1pr3"
"GNAI2-TBXA2R","Gnai2","Tbxa2r",0.000615384615384615,0.999384615384615,"receptor",0.976663025865628,0.125414024984146,0.976663025865631,"Tbxa2r"
"GNAI2-UNC5B","Gnai2","Unc5b",0.00219230769230769,0.997807692307692,"receptor",0.962620093605419,0.200039100525748,0.962620093605416,"Unc5b"
"GNAS-ADCY1","Gnas","Adcy1",3.84615384615385e-05,0.999961538461538,"receptor",0.999774322931085,0.246012133856463,0.999774322931087,"Adcy1"
"GNAS-ADCY7","Gnas","Adcy7",3.84615384615385e-05,0.999961538461538,"receptor",0.998848429643048,0.105762307645759,0.998848429643049,"Adcy7"
"GNAS-ADCY8","Gnas","Adcy8",0,1,"receptor",1,0.202944158663187,1,"Adcy8"
"GNAS-ADCY9","Gnas","Adcy9",0,1,"receptor",1,0.654984600997115,1,"Adcy9"
"GNAS-ADORA1","Gnas","Adora1",0,1,"receptor",1,0.510370500868432,1,"Adora1"
"GNAS-GCGR","Gnas","Gcgr",0,1,"receptor",1,-0.333359588072253,0.999999999999999,"Gcgr"
"GNAS-PTGIR","Gnas","Ptgir",0,1,"receptor",1,0.202886673426617,0.999999999999997,"Ptgir"
"GNAS-VIPR1","Gnas","Vipr1",0,1,"receptor",1,0.180035904071648,0.999999999999994,"Vipr1"
"GPC3-CD81","Gpc3","Cd81",0.538538461538462,0.538538461538462,"ligand",0.773778048042549,0.730352618018716,0.773778048042547,"Gpc3"
"GPC3-IGF1R","Gpc3","Igf1r",0.175269230769231,0.824730769230769,"receptor",0.819062895761077,0.480945847997264,0.819062895761074,"Igf1r"
"GREM1-KDR","Grem1","Kdr",0.973769230769231,0.973769230769231,"ligand",0.70035358961133,0.105630349566252,0.700353589611327,"Grem1"
"GRP-NMBR","Grp","Nmbr",0.864807692307692,0.864807692307692,"ligand",0.382915739853043,0.630210902866383,0.630210902866381,"Nmbr"
"GSTP1-TRAF2","Gstp1","Traf2",0.0534230769230769,0.946576923076923,"receptor",0.820530907071692,0.274381529368484,0.820530907071692,"Traf2"
"HAS2-CD44","Has2","Cd44",1,1,"ligand",1,0.226980365818766,1.00000000000001,"Has2"
"HAS2-HMMR","Has2","Hmmr",0.935692307692308,0.935692307692308,"ligand",0.648401345851183,0.172227761240374,0.648401345851185,"Has2"
"HBEGF-CD44","Hbegf","Cd44",1,1,"ligand",1,0.110551237082647,0.999999999999994,"Hbegf"
"HBEGF-CD82","Hbegf","Cd82",0.844846153846154,0.844846153846154,"ligand",0.432149748974978,0.182319968875756,0.432149748974978,"Hbegf"
"HBEGF-CD9","Hbegf","Cd9",0.947192307692308,0.947192307692308,"ligand",0.662394094459576,0.153855397207626,0.66239409445957,"Hbegf"
"HBEGF-EGFR","Hbegf","Egfr",0.908384615384615,0.908384615384615,"ligand",0.567248586621755,0.186095696152262,0.567248586621753,"Hbegf"
"HBEGF-ERBB2","Hbegf","Erbb2",0.890615384615385,0.890615384615385,"ligand",0.537879953896209,0.194352024097376,0.537879953896211,"Hbegf"
"HBEGF-ERBB4","Hbegf","Erbb4",0.926961538461539,0.926961538461539,"ligand",0.733638493437976,0.202291022812995,0.733638493437975,"Hbegf"
"HBEGF-PRLR","Hbegf","Prlr",0.109115384615385,0.890884615384615,"receptor",0.308164512641631,0.241373223131441,0.46755226373512,"Wnt3"
"HGF-CD44","Hgf","Cd44",1,1,"ligand",1,0.118337360281266,0.999999999999993,"Hgf"
"HGF-MET","Hgf","Met",0.953961538461538,0.953961538461538,"ligand",0.398639733838493,0.138905486453422,0.398639733838496,"Hgf"
"HGF-SDC1","Hgf","Sdc1",0.988961538461538,0.988961538461538,"ligand",0.595414018791764,0.16076330476961,0.595414018791767,"Hgf"
"HGF-SDC2","Hgf","Sdc2",0.9935,0.9935,"ligand",0.708127371463877,0.12369061152851,0.708127371463879,"Hgf"
"HGF-ST14","Hgf","St14",0.7365,0.7365,"ligand",0.279960837326662,0.345251335999417,0.39087039163262,"Agrp"
"HMGB1-SDC1","Hmgb1","Sdc1",0.0168846153846154,0.983115384615385,"receptor",0.949619162798675,0.241563964648248,0.949619162798685,"Sdc1"
"HMGB1-THBD","Hmgb1","Thbd",0.0106538461538462,0.989346153846154,"receptor",0.948900612190857,0.308147464721688,0.948900612190858,"Thbd"
"HP-ASGR1","Hp","Asgr1",0.235769230769231,0.764230769230769,"receptor",0.331442191626291,0.0360764731333181,0.331442191626291,"Asgr1"
"HP-ITGAM","Hp","Itgam",0.420307692307692,0.579692307692308,"receptor",0.336037444971126,0.222452925689547,0.336037444971126,"Itgam"
"HP-ITGB2","Hp","Itgb2",0.2785,0.7215,"receptor",0.587868290518881,0.373916884303039,0.587868290518882,"Itgb2"
"HRAS-CAV1","Hras","Cav1",0.233923076923077,0.766076923076923,"receptor",0.732290021424144,0.246579061084561,0.732290021424144,"Cav1"
"HRAS-GRIN2D","Hras","Grin2d",0.00257692307692308,0.997423076923077,"receptor",0.984194791110759,0.2962828299139,0.98419479111076,"Grin2d"
"HRAS-INSR","Hras","Insr",0.0169230769230769,0.983076923076923,"receptor",0.934200816567957,0.233794264695179,0.934200816567964,"Insr"
"HRAS-SDC2","Hras","Sdc2",0.0989230769230769,0.901076923076923,"receptor",0.798651868655756,0.176308270620154,0.798651868655756,"Sdc2"
"HRAS-TLR2","Hras","Tlr2",0.000730769230769231,0.999269230769231,"receptor",0.94340446206024,0.0285456359023751,0.943404462060241,"Tlr2"
"HSP90AA1-CFTR","Hsp90aa1","Cftr",0.000230769230769231,0.999769230769231,"receptor",0.996504325443564,0.21807415820467,0.996504325443561,"Cftr"
"HSP90AA1-EGFR","Hsp90aa1","Egfr",0.0155384615384615,0.984461538461538,"receptor",0.917444107710383,0.0535772000723884,0.917444107710376,"Egfr"
"HSP90AA1-FGFR3","Hsp90aa1","Fgfr3",0.00884615384615385,0.991153846153846,"receptor",0.968143448397653,0.251151319019958,0.968143448397659,"Fgfr3"
"HSP90B1-ASGR1","Hsp90b1","Asgr1",3.84615384615385e-05,0.999961538461538,"receptor",0.99832479229908,0.160803359214994,0.998324792299089,"Asgr1"
"HSP90B1-ERBB2","Hsp90b1","Erbb2",0.00211538461538462,0.997884615384615,"receptor",0.964170487569582,0.220899990965793,0.964170487569576,"Erbb2"
"HSP90B1-LRP1","Hsp90b1","Lrp1",0.0210384615384615,0.978961538461538,"receptor",0.981552785069535,0.460099059264474,0.981552785069534,"Lrp1"
"HSP90B1-TLR1","Hsp90b1","Tlr1",0,1,"receptor",1,0.5108412044146,1,"Tlr1"
"HSP90B1-TLR2","Hsp90b1","Tlr2",0.000115384615384615,0.999884615384615,"receptor",0.986955028503716,0.0658628505567518,0.986955028503717,"Tlr2"
"HSP90B1-TLR4","Hsp90b1","Tlr4",7.69230769230769e-05,0.999923076923077,"receptor",0.999728130919552,0.134878305124857,0.999728130919548,"Tlr4"
"HSPA1A-GRIN2D","Hspa1a","Grin2d",0.940846153846154,0.940846153846154,"ligand",0.613412596350428,0.22879218299869,0.613412596350431,"Hspa1a"
"HSPA1A-TLR4","Hspa1a","Tlr4",0.852730769230769,0.852730769230769,"ligand",0.38207910463639,0.23937862009265,0.382079104636393,"Hspa1a"
"HSPG2-CHRM3","Hspg2","Chrm3",0.0650384615384615,0.934961538461538,"receptor",0.645976342087802,0.190475051808618,0.645976342087802,"Chrm3"
"HSPG2-COL13A1","Hspg2","Col13a1",0.0273076923076923,0.972692307692308,"receptor",0.810037085527087,0.205366056614653,0.810037085527085,"Col13a1"
"HSPG2-ITGA2","Hspg2","Itga2",0.0147692307692308,0.985230769230769,"receptor",0.801470809469752,0.21256926727061,0.801470809469753,"Itga2"
"HSPG2-ITGB1","Hspg2","Itgb1",0.936615384615385,0.936615384615385,"ligand",0.961284058187352,0.555749914218945,0.961284058187361,"Hspg2"
"HSPG2-PTPRS","Hspg2","Ptprs",0.839115384615385,0.839115384615385,"ligand",0.890225293851249,0.314392378582984,0.890225293851248,"Hspg2"
"HSPG2-SDC1","Hspg2","Sdc1",0.160076923076923,0.839923076923077,"receptor",0.766757877530871,0.472457219030572,0.76675787753087,"Sdc1"
"IBSP-ITGAV","Ibsp","Itgav",0.5015,0.5015,"ligand",0.759728589693843,0.519626503319133,0.759728589693834,"Ibsp"
"ICAM1-CAV1","Icam1","Cav1",0.981115384615385,0.981115384615385,"ligand",0.848421894530647,0.182333790409853,0.848421894530647,"Icam1"
"ICAM1-EGFR","Icam1","Egfr",0.915230769230769,0.915230769230769,"ligand",0.70437822578335,0.197922540248132,0.704378225783346,"Icam1"
"ICAM1-IL2RA","Icam1","Il2ra",0.141076923076923,0.858923076923077,"receptor",0.538970361458711,0.45485620575693,0.550024258652334,"Il7r"
"ICAM1-IL2RG","Icam1","Il2rg",0.099,0.901,"receptor",0.504834759388606,0.314785362469432,0.520178243763279,"Cd74"
"ICAM1-ITGAL","Icam1","Itgal",0.164307692307692,0.835692307692308,"receptor",0.440856969557672,0.256858677707969,0.519956877543332,"Il7r"
"ICAM1-ITGAM","Icam1","Itgam",0.0817307692307692,0.918269230769231,"receptor",0.307044560847857,0.108874470572847,0.31125753952217,"Agrp"
"ICAM1-ITGB2","Icam1","Itgb2",0.0371538461538462,0.962846153846154,"receptor",0.810272001192254,0.245947147038117,0.810272001192259,"Itgb2"
"ICAM2-ITGAL","Icam2","Itgal",0.0725,0.9275,"receptor",0.66723016379111,0.19892476945525,0.66723016379111,"Itgal"
"ICAM2-ITGAM","Icam2","Itgam",0.0338076923076923,0.966192307692308,"receptor",0.746956324440479,0.190700946102684,0.746956324440478,"Itgam"
"ICAM2-ITGB2","Icam2","Itgb2",0.0156538461538462,0.984346153846154,"receptor",0.952969712573327,0.0799270304876657,0.952969712573327,"Itgb2"
"ICAM5-ITGAL","Icam5","Itgal",0.880576923076923,0.880576923076923,"ligand",0.705703377904183,-0.0108342244900265,0.736196179852303,"Wnt7a"
"ICAM5-ITGB2","Icam5","Itgb2",0.818230769230769,0.818230769230769,"ligand",0.561032960986941,0.0742671965699905,0.641000346479232,"Wnt7a"
"IGF1-IGF1R","Igf1","Igf1r",0.387846153846154,0.612153846153846,"receptor",0.705980767687186,0.426904743243971,0.705980767687183,"Igf1r"
"IGF1-INSR","Igf1","Insr",0.0966923076923077,0.903307692307692,"receptor",0.814065540387187,0.168615638605475,0.814065540387185,"Insr"
"IGF2-IGF1R","Igf2","Igf1r",0.00469230769230769,0.995307692307692,"receptor",0.994137145662831,0.334451831774721,0.994137145662832,"Igf1r"
"IGF2-IGF2R","Igf2","Igf2r",0.00192307692307692,0.998076923076923,"receptor",0.99936843109868,0.523939549920915,0.999368431098673,"Igf2r"
"IGF2-INSR","Igf2","Insr",0.000423076923076923,0.999576923076923,"receptor",0.989997777559961,0.184238410907851,0.989997777559953,"Insr"
"IGFBP4-FZD8","Igfbp4","Fzd8",0.000423076923076923,0.999576923076923,"receptor",0.996272252405301,0.283830549824767,0.996272252405304,"Fzd8"
"IGFBP4-LRP6","Igfbp4","Lrp6",0.0195384615384615,0.980461538461538,"receptor",0.970287163488767,0.421920209845316,0.970287163488765,"Lrp6"
"IL10-IL10RB","Il10","Il10rb",0.0426153846153846,0.957384615384615,"receptor",0.788977788129099,0.201689666774364,0.788977788129094,"Il10rb"
"IL15-IL15RA","Il15","Il15ra",0.268884615384615,0.731115384615385,"receptor",0.331471873006321,0.251710770739054,0.339580061846334,"Sytl3"
"IL15-IL2RA","Il15","Il2ra",0.222038461538462,0.777961538461538,"receptor",0.329985781266447,0.377855855284824,0.377855855284823,"Il15"
"IL15-IL2RG","Il15","Il2rg",0.329192307692308,0.670807692307692,"receptor",0.331070625862749,0.283019341592762,0.419860444914535,"Sytl3"
"IL16-GRIN2D","Il16","Grin2d",0.518692307692308,0.518692307692308,"ligand",0.328854371696559,0.258068743309149,0.412101621673593,"Fgfr2"
"IL16-KCND1","Il16","Kcnd1",0.0661153846153846,0.933884615384615,"receptor",0.400990279183579,0.0855626331053608,0.403919348074393,"Artn"
"IL16-KCND2","Il16","Kcnd2",0.897230769230769,0.897230769230769,"ligand",0.661610878849739,0.0442482906313481,0.661610878849741,"Il16"
"IL16-KCNJ10","Il16","Kcnj10",0.169692307692308,0.830307692307692,"receptor",0.45195787170971,0.0889054776303954,0.506553882306673,"Shank1"
"IL16-KCNJ15","Il16","Kcnj15",0.0455769230769231,0.954423076923077,"receptor",0.591597401820494,0.218998628739043,0.591597401820498,"Kcnj15"
"IL17B-IL17RB","Il17b","Il17rb",0.0420384615384615,0.957961538461538,"receptor",0.564836482308228,0.00422323617778308,0.564836482308227,"Il17rb"
"IL18-CD48","Il18","Cd48",0.0991923076923077,0.900807692307692,"receptor",0.404172021858578,0.121211908952841,0.404172021858574,"Cd48"
"IL18-IL1RAPL1","Il18","Il1rapl1",0.889769230769231,0.889769230769231,"ligand",0.654076437799359,0.228442314776962,0.654076437799359,"Il18"
"IL18-IL1RL2","Il18","Il1rl2",0.138230769230769,0.861769230769231,"receptor",0.374290941573048,0.147967598201809,0.374290941573046,"Il1rl2"
"IL1A-IL1R1","Il1a","Il1r1",0.981615384615385,0.981615384615385,"ligand",0.656013709061189,0.019907832465601,0.656013709061186,"Il1a"
"IL1A-IL1R2","Il1a","Il1r2",0.650730769230769,0.650730769230769,"ligand",0.261940535756429,0.153903714762377,0.571864155481518,"Ntsr1"
"IL1A-IL1RAP","Il1a","Il1rap",0.992038461538462,0.992038461538462,"ligand",0.712686474384166,0.0817449943757209,0.712686474384167,"Il1a"
"IL1RN-IL1R1","Il1rn","Il1r1",0.874423076923077,0.874423076923077,"ligand",0.813681501799314,0.0228029118037465,0.813681501799316,"Il1rn"
"IL1RN-IL1R2","Il1rn","Il1r2",0.198346153846154,0.801653846153846,"receptor",0.331005439649434,0.0442324572387785,0.601115250882415,"Sytl3"
"IL1RN-IL1RL2","Il1rn","Il1rl2",0.803384615384615,0.803384615384615,"ligand",0.461028478620963,0.130472054805109,0.46102847862096,"Il1rn"
"IL2-CD53","Il2","Cd53",0.0565,0.9435,"receptor",0.655496717457689,0.142197313590256,0.65549671745769,"Cd53"
"IL2-IL2RA","Il2","Il2ra",0.0421923076923077,0.957807692307692,"receptor",0.699586608079905,0.0445050779551787,0.712217831495752,"Insl5"
"IL2-IL2RG","Il2","Il2rg",0.0144615384615385,0.985538461538462,"receptor",0.761047046502851,0.112777897447579,0.761047046502859,"Il2rg"
"IL2-NGFR","Il2","Ngfr",0.0832692307692308,0.916730769230769,"receptor",0.841053127295041,0.395874849022405,0.841053127295044,"Ngfr"
"IL34-CSF1R","Il34","Csf1r",1,1,"ligand",1,0.193135336748682,1,"Il34"
"IL4-CD53","Il4","Cd53",0.163461538461538,0.836538461538462,"receptor",0.429500359333061,0.0873661291875466,0.429500359333064,"Cd53"
"IL4-IL13RA1","Il4","Il13ra1",0.304846153846154,0.695153846153846,"receptor",0.45805754521442,0.281086696226336,0.458057545214418,"Il13ra1"
"IL4-IL2RG","Il4","Il2rg",0.0524615384615385,0.947538461538462,"receptor",0.547922495500311,0.0549395762727672,0.547922495500314,"Il2rg"
"IL7-IL2RG","Il7","Il2rg",0.824346153846154,0.824346153846154,"ligand",0.575303812125356,0.665908051392182,0.665908051392181,"Il2rg"
"IL7-IL7R","Il7","Il7r",0.0967307692307692,0.903269230769231,"receptor",0.9980846688261,0.78047069018593,0.998084668826091,"Il7r"
"INHA-ACVR1","Inha","Acvr1",0.876653846153846,0.876653846153846,"ligand",0.585635057012819,0.266565294185301,0.585635057012823,"Inha"
"INHA-ACVR1B","Inha","Acvr1b",0.623461538461539,0.623461538461539,"ligand",0.443606606310885,0.429241716114242,0.488382163695704,"Ntsr1"
"INHA-ACVR2A","Inha","Acvr2a",0.932961538461539,0.932961538461539,"ligand",0.689040290332856,0.278749695001109,0.689040290332858,"Inha"
"INHA-ACVR2B","Inha","Acvr2b",0.191269230769231,0.808730769230769,"receptor",0.411614911408995,0.286944392291198,0.447248679404943,"Ntsr1"
"INHA-TGFBR3","Inha","Tgfbr3",0.884230769230769,0.884230769230769,"ligand",0.552509605608861,0.207371811810097,0.552509605608865,"Inha"
"INHBA-ACVR1","Inhba","Acvr1",0.911269230769231,0.911269230769231,"ligand",0.667791825605173,0.257790419514897,0.667791825605173,"Inhba"
"INHBA-ACVR1B","Inhba","Acvr1b",0.793653846153846,0.793653846153846,"ligand",0.445000074193184,0.283933746342411,0.445000074193183,"Inhba"
"INHBA-ACVR2A","Inhba","Acvr2a",0.927038461538462,0.927038461538462,"ligand",0.698832200211401,0.107464046747888,0.698832200211404,"Inhba"
"INHBA-ACVR2B","Inhba","Acvr2b",0.629692307692308,0.629692307692308,"ligand",0.314219614585995,0.28831120312802,0.314219614585995,"Inhba"
"INHBA-BAMBI","Inhba","Bambi",0.876,0.876,"ligand",0.58040196889644,0.305467925204142,0.580401968896441,"Inhba"
"INHBA-ENG","Inhba","Eng",0.894538461538462,0.894538461538462,"ligand",0.586111402605767,0.233913692778723,0.586111402605765,"Inhba"
"INHBA-TGFBR3","Inhba","Tgfbr3",0.915307692307692,0.915307692307692,"ligand",0.619021723714636,0.164684354510161,0.619021723714638,"Inhba"
"INHBB-ACVR1","Inhbb","Acvr1",0.996576923076923,0.996576923076923,"ligand",0.774809278694809,0.0650481210751342,0.774809278694811,"Inhbb"
"INHBB-ACVR1B","Inhbb","Acvr1b",0.993307692307692,0.993307692307692,"ligand",0.880079398229504,0.169897450786296,0.880079398229505,"Inhbb"
"INHBB-ACVR1C","Inhbb","Acvr1c",0.748,0.748,"ligand",0.364726900647775,0.569267682990478,0.79155990497238,"Ntsr1"
"INHBB-ACVR2A","Inhbb","Acvr2a",0.999653846153846,0.999653846153846,"ligand",0.968681631158744,0.168914491738068,0.968681631158752,"Inhbb"
"INHBB-ACVR2B","Inhbb","Acvr2b",0.977730769230769,0.977730769230769,"ligand",0.665017735410625,0.120630203775549,0.665017735410629,"Inhbb"
"ITGB3BP-ITGB3","Itgb3bp","Itgb3",0.0605769230769231,0.939423076923077,"receptor",0.567222283528059,0.129592578262411,0.567222283528059,"Itgb3"
"ITGB3BP-ITGB5","Itgb3bp","Itgb5",0.690076923076923,0.690076923076923,"ligand",0.609176908052851,0.410879885960528,0.609176908052849,"Itgb3bp"
"JAG1-NOTCH1","Jag1","Notch1",0.864961538461538,0.864961538461538,"ligand",0.68611415270282,0.302841331740482,0.68611415270282,"Jag1"
"JAG1-NOTCH2","Jag1","Notch2",0.890346153846154,0.890346153846154,"ligand",0.680345130589485,0.224459989527417,0.680345130589484,"Jag1"
"JAG1-NOTCH3","Jag1","Notch3",0.731730769230769,0.731730769230769,"ligand",0.637274358026292,0.431083056088387,0.637274358026287,"Jag1"
"JAG1-NOTCH4","Jag1","Notch4",0.1285,0.8715,"receptor",0.634897588153643,0.295861671152525,0.634897588153644,"Notch4"
"JAG2-NOTCH1","Jag2","Notch1",0.791384615384615,0.791384615384615,"ligand",0.696014581342464,0.408270292290148,0.696014581342464,"Jag2"
"JAG2-NOTCH2","Jag2","Notch2",0.814615384615385,0.814615384615385,"ligand",0.669976384199269,0.247632754872361,0.669976384199262,"Jag2"
"JAG2-NOTCH3","Jag2","Notch3",0.583769230769231,0.583769230769231,"ligand",0.534646540007488,0.390998480142348,0.53464654000749,"Jag2"
"JAG2-NOTCH4","Jag2","Notch4",0.0854230769230769,0.914576923076923,"receptor",0.659982220173428,0.19151865628806,0.659982220173426,"Notch4"
"KNG1-BDKRB2","Kng1","Bdkrb2",0.00588461538461538,0.994115384615385,"receptor",0.881030275098467,-0.192347806023911,0.881030275098467,"Bdkrb2"
"KNG1-CD93","Kng1","Cd93",0.682076923076923,0.682076923076923,"ligand",0.133416545550857,0.253166445859158,0.310330226028374,"Gcgr"
"KNG1-GP1BA","Kng1","Gp1ba",0.00588461538461538,0.994115384615385,"receptor",0.957906263848339,0.202114981730125,0.957906263848336,"Gp1ba"
"KNG1-GPR135","Kng1","Gpr135",0.0148076923076923,0.985192307692308,"receptor",0.63881457774351,-0.193160272739031,0.638814577743509,"Gpr135"
"KNG1-ITGAM","Kng1","Itgam",0.0205,0.9795,"receptor",0.531962288881752,0.0619475446470037,0.531962288881755,"Itgam"
"KNG1-ITGB2","Kng1","Itgb2",0.00834615384615385,0.991653846153846,"receptor",0.873759067976621,0.120377688553486,0.873759067976613,"Itgb2"
"KNG1-PLAUR","Kng1","Plaur",0.0186538461538462,0.981346153846154,"receptor",0.654442183723368,-0.181476884379863,0.654442183723369,"Plaur"
"KNG1-SDC2","Kng1","Sdc2",0.718538461538462,0.718538461538462,"ligand",0.23305815550713,0.142274731752317,0.412390064267827,"Gcgr"
"L1CAM-CNTN1","L1cam","Cntn1",0.713307692307692,0.713307692307692,"ligand",0.959743497364195,0.838432053092012,0.959743497364189,"L1cam"
"L1CAM-EGFR","L1cam","Egfr",0.8245,0.8245,"ligand",0.517898781333399,0.142171669822695,0.526439496498041,"Wnt7a"
"L1CAM-EPHB2","L1cam","Ephb2",0.860615384615385,0.860615384615385,"ligand",0.78631217829878,0.445186251183522,0.786312178298776,"L1cam"
"L1CAM-ERBB2","L1cam","Erbb2",0.789423076923077,0.789423076923077,"ligand",0.538650085701795,0.181555359490692,0.56852526935912,"Wnt7a"
"L1CAM-ERBB3","L1cam","Erbb3",0.584038461538462,0.584038461538462,"ligand",0.356534503077534,0.280476510460768,0.42460266445763,"Nmbr"
"L1CAM-FGFR2","L1cam","Fgfr2",1,1,"ligand",1,0.175009619292942,1,"L1cam"
"L1CAM-ITGA5","L1cam","Itga5",0.671192307692308,0.671192307692308,"ligand",0.320390317906954,0.198948555526751,0.502565513895768,"Nmbr"
"L1CAM-ITGAV","L1cam","Itgav",0.875269230769231,0.875269230769231,"ligand",0.730111891941341,0.113583206347395,0.735566332181112,"Calm2"
"LAMA1-GPC1","Lama1","Gpc1",0.966038461538462,0.966038461538462,"ligand",0.64609220723868,0.139380993601395,0.646092207238678,"Lama1"
"LAMA1-ITGA1","Lama1","Itga1",0.877538461538461,0.877538461538461,"ligand",0.574272808731263,0.198439537652065,0.574272808731262,"Lama1"
"LAMA1-ITGA2","Lama1","Itga2",0.452038461538462,0.547961538461538,"receptor",0.326464680390172,0.202184205607982,0.326464680390168,"Itga2"
"LAMA1-ITGA3","Lama1","Itga3",0.477961538461538,0.522038461538462,"receptor",0.397759780018408,0.262048710963336,0.397759780018408,"Itga3"
"LAMA1-ITGA6","Lama1","Itga6",0.911923076923077,0.911923076923077,"ligand",0.47004596368629,0.151063883123906,0.470045963686292,"Lama1"
"LAMA1-ITGA7","Lama1","Itga7",0.584923076923077,0.584923076923077,"ligand",0.190968747074149,0.197340896890246,0.362096346454691,"Artn"
"LAMA1-ITGB1","Lama1","Itgb1",0.991769230769231,0.991769230769231,"ligand",0.875734824507766,0.0771531212022578,0.875734824507768,"Lama1"
"LAMA1-ITGB4","Lama1","Itgb4",0.1805,0.8195,"receptor",0.407180829548364,0.161090844660478,0.407180829548365,"Itgb4"
"LAMA1-ITGB8","Lama1","Itgb8",0.668307692307692,0.668307692307692,"ligand",0.328165877027866,0.287735214830488,0.359357020595752,"Wnt7a"
"LAMA1-NT5E","Lama1","Nt5e",0.257461538461538,0.742538461538462,"receptor",0.465862100727359,0.153352245878104,0.465862100727359,"Nt5e"
"LAMA1-SDC2","Lama1","Sdc2",0.939153846153846,0.939153846153846,"ligand",0.608699769761256,0.189775718987507,0.608699769761257,"Lama1"
"LAMA1-SDC4","Lama1","Sdc4",0.874346153846154,0.874346153846154,"ligand",0.468781116816798,0.153992336619462,0.4687811168168,"Lama1"
"LAMA1-TMPRSS6","Lama1","Tmprss6",0.209423076923077,0.790576923076923,"receptor",0.588723419131808,-0.0191065156084389,0.612742049059837,"Gcgr"
"LAMA2-ITGA1","Lama2","Itga1",0.487615384615385,0.512384615384615,"receptor",0.567782067239053,0.250553339226611,0.56778206723905,"Itga1"
"LAMA2-ITGA2","Lama2","Itga2",0.0603461538461538,0.939653846153846,"receptor",0.664189277161441,0.148632055776472,0.664189277161444,"Itga2"
"LAMA2-ITGA3","Lama2","Itga3",0.0773076923076923,0.922692307692308,"receptor",0.561949885343834,0.0907914146145519,0.561949885343834,"Itga3"
"LAMA2-ITGA6","Lama2","Itga6",0.571384615384615,0.571384615384615,"ligand",0.344920729657213,0.545528252524993,0.545528252524991,"Itga6"
"LAMA2-ITGA7","Lama2","Itga7",0.0832692307692308,0.916730769230769,"receptor",0.864654344447052,0.386322619165928,0.864654344447045,"Itga7"
"LAMA2-ITGB1","Lama2","Itgb1",0.958653846153846,0.958653846153846,"ligand",0.730206401372934,0.409197223038032,0.730206401372927,"Lama2"
"LAMA2-ITGB4","Lama2","Itgb4",0.0252307692307692,0.974769230769231,"receptor",0.767782999286148,0.104604564004248,0.767782999286149,"Itgb4"
"LAMA3-SDC2","Lama3","Sdc2",0.969769230769231,0.969769230769231,"ligand",0.76139274778121,0.254737205420269,0.761392747781208,"Lama3"
"LAMA4-ITGA3","Lama4","Itga3",0.0191538461538462,0.980846153846154,"receptor",0.76971507765204,0.148279990444956,0.769715077652034,"Itga3"
"LAMA4-ITGA6","Lama4","Itga6",0.145307692307692,0.854692307692308,"receptor",0.794684697801119,0.390345821613908,0.794684697801111,"Itga6"
"LAMA4-ITGAV","Lama4","Itgav",0.265461538461538,0.734538461538462,"receptor",0.782670796627093,0.487396319099878,0.782670796627096,"Itgav"
"LAMA4-ITGB1","Lama4","Itgb1",0.923692307692308,0.923692307692308,"ligand",0.928963919772475,0.609599249617377,0.928963919772477,"Lama4"
"LAMA5-BCAM","Lama5","Bcam",0.381846153846154,0.618153846153846,"receptor",0.741687244373713,0.64762669555434,0.74168724437371,"Bcam"
"LAMA5-ITGA2","Lama5","Itga2",0.0778076923076923,0.922192307692308,"receptor",0.608611849665972,0.244975467902432,0.608611849665976,"Itga2"
"LAMA5-ITGA3","Lama5","Itga3",0.0745769230769231,0.925423076923077,"receptor",0.612856198660601,0.300198166068699,0.612856198660601,"Itga3"
"LAMA5-ITGA6","Lama5","Itga6",0.615615384615385,0.615615384615385,"ligand",0.589398128300172,0.524852556316047,0.589398128300171,"Lama5"
"LAMA5-ITGB1","Lama5","Itgb1",0.988846153846154,0.988846153846154,"ligand",0.9489068812768,0.348218917734352,0.948906881276805,"Lama5"
"LAMA5-ITGB4","Lama5","Itgb4",0.0284615384615385,0.971538461538462,"receptor",0.66092667856244,0.178094541795431,0.660926678562442,"Itgb4"
"LAMA5-SDC1","Lama5","Sdc1",0.652653846153846,0.652653846153846,"ligand",0.63322280982376,0.456305012877449,0.63322280982376,"Lama5"
"LAMB1-ITGA1","Lamb1","Itga1",0.0763076923076923,0.923692307692308,"receptor",0.845924374112089,0.384665120786732,0.845924374112091,"Itga1"
"LAMB1-ITGA2","Lamb1","Itga2",0.0106538461538462,0.989346153846154,"receptor",0.838079904053842,0.229260513484123,0.838079904053844,"Itga2"
"LAMB1-ITGA3","Lamb1","Itga3",0.0123461538461538,0.987653846153846,"receptor",0.822636298757923,0.162377889510587,0.822636298757928,"Itga3"
"LAMB1-ITGA6","Lamb1","Itga6",0.0885769230769231,0.911423076923077,"receptor",0.880949992817849,0.422235343069219,0.880949992817848,"Itga6"
"LAMB1-ITGA7","Lamb1","Itga7",0.00988461538461538,0.990115384615385,"receptor",0.945470421198582,0.301232968939235,0.945470421198576,"Itga7"
"LAMB1-ITGAV","Lamb1","Itgav",0.168769230769231,0.831230769230769,"receptor",0.832327405708481,0.491434732551414,0.832327405708474,"Itgav"
"LAMB1-ITGB1","Lamb1","Itgb1",0.886192307692308,0.886192307692308,"ligand",0.939542198595937,0.697554149477923,0.939542198595937,"Lamb1"
"LAMB1-ITGB4","Lamb1","Itgb4",0.00284615384615385,0.997153846153846,"receptor",0.914906010236573,0.169076632612045,0.914906010236578,"Itgb4"
"LAMB3-CD151","Lamb3","Cd151",0.950115384615385,0.950115384615385,"ligand",0.615502835331526,0.186176556872398,0.615502835331529,"Lamb3"
"LAMB3-COL17A1","Lamb3","Col17a1",0.292846153846154,0.707153846153846,"receptor",0.678631183714993,0.220415863474512,0.696996871669153,"Cxcr4"
"LAMB3-ITGA2","Lamb3","Itga2",0.468653846153846,0.531346153846154,"receptor",0.267868598217539,0.322299757126162,0.402364170427346,"Agrp"
"LAMB3-ITGA3","Lamb3","Itga3",0.513769230769231,0.513769230769231,"ligand",0.467552460368585,0.297433062172803,0.467552460368583,"Lamb3"
"LAMB3-ITGA6","Lamb3","Itga6",0.961615384615385,0.961615384615385,"ligand",0.73523053583063,0.239100858726434,0.735230535830628,"Lamb3"
"LAMB3-ITGB1","Lamb3","Itgb1",0.998423076923077,0.998423076923077,"ligand",0.958896582088708,0.164108233785623,0.958896582088705,"Lamb3"
"LAMB3-ITGB4","Lamb3","Itgb4",0.187461538461538,0.812538461538462,"receptor",0.435277935632148,0.229091261051279,0.440797497316595,"Agrp"
"LAMC1-ITGA1","Lamc1","Itga1",0.0683076923076923,0.931692307692308,"receptor",0.843252015673333,0.423621517798784,0.84325201567333,"Itga1"
"LAMC1-ITGA2","Lamc1","Itga2",0.00988461538461538,0.990115384615385,"receptor",0.833859600960817,0.227577881046528,0.833859600960811,"Itga2"
"LAMC1-ITGA3","Lamc1","Itga3",0.00815384615384615,0.991846153846154,"receptor",0.842629960080031,0.234483815277637,0.842629960080034,"Itga3"
"LAMC1-ITGA6","Lamc1","Itga6",0.0727307692307692,0.927269230769231,"receptor",0.868831086963038,0.414754568213964,0.86883108696304,"Itga6"
"LAMC1-ITGA7","Lamc1","Itga7",0.0121923076923077,0.987807692307692,"receptor",0.912206676641937,0.238385841279861,0.912206676641937,"Itga7"
"LAMC1-ITGAV","Lamc1","Itgav",0.134384615384615,0.865615384615385,"receptor",0.822260719381938,0.457271577211636,0.822260719381939,"Itgav"
"LAMC1-ITGB1","Lamc1","Itgb1",0.9095,0.9095,"ligand",0.949265311352815,0.647602335924185,0.949265311352814,"Lamc1"
"LAMC1-ITGB4","Lamc1","Itgb4",0.00292307692307692,0.997076923076923,"receptor",0.91707424330332,0.154234892959959,0.917074243303313,"Itgb4"
"LAMC2-CD151","Lamc2","Cd151",0.905615384615385,0.905615384615385,"ligand",0.653440625922282,0.278377695515076,0.653440625922282,"Lamc2"
"LAMC2-COL17A1","Lamc2","Col17a1",0.180115384615385,0.819884615384615,"receptor",0.761991740653367,0.249702933042874,0.761991740653363,"Col17a1"
"LAMC2-ITGA2","Lamc2","Itga2",0.297692307692308,0.702307692307692,"receptor",0.353634716638109,0.307889056935735,0.400055569146698,"Agrp"
"LAMC2-ITGA3","Lamc2","Itga3",0.3595,0.6405,"receptor",0.413811514526876,0.418240349337615,0.473484792574322,"Hmgb1"
"LAMC2-ITGA6","Lamc2","Itga6",0.927,0.927,"ligand",0.717765309127295,0.295646266730124,0.717765309127291,"Lamc2"
"LAMC2-ITGB1","Lamc2","Itgb1",0.997615384615385,0.997615384615385,"ligand",0.975274299529936,0.207929535363346,0.975274299529936,"Lamc2"
"LAMC2-ITGB4","Lamc2","Itgb4",0.137346153846154,0.862653846153846,"receptor",0.485885609043689,0.24549489188865,0.485885609043696,"Itgb4"
"LAMC3-ITGA2","Lamc3","Itga2",0.901923076923077,0.901923076923077,"ligand",0.398042422403807,0.159602219825794,0.398042422403807,"Lamc3"
"LAMC3-ITGA3","Lamc3","Itga3",0.906884615384615,0.906884615384615,"ligand",0.41816660633025,0.158548193133101,0.418166606330252,"Lamc3"
"LAMC3-ITGA6","Lamc3","Itga6",0.987346153846154,0.987346153846154,"ligand",0.670926288485859,0.0917068704499705,0.670926288485861,"Lamc3"
"LAMC3-ITGB1","Lamc3","Itgb1",0.999576923076923,0.999576923076923,"ligand",0.94085015824707,0.103988178933882,0.940850158247067,"Lamc3"
"LAMC3-ITGB4","Lamc3","Itgb4",0.8095,0.8095,"ligand",0.362092226882159,0.261835110056689,0.39108661094105,"Fgfr2"
"LGALS3BP-ITGB1","Lgals3bp","Itgb1",0.997884615384615,0.997884615384615,"ligand",0.941477828163531,0.0693089596878084,0.941477828163525,"Lgals3bp"
"LGALS3BP-VANGL1","Lgals3bp","Vangl1",0.909076923076923,0.909076923076923,"ligand",0.588867610822666,0.193949631829743,0.588867610822663,"Lgals3bp"
"LIN7C-ABCA1","Lin7c","Abca1",0.432,0.568,"receptor",0.620628296714845,0.367015535512352,0.620628296714846,"Abca1"
"LIN7C-HTR2C","Lin7c","Htr2c",0.000846153846153846,0.999153846153846,"receptor",0.916770384271376,0.296329707864155,0.916770384271377,"Htr2c"
"LIPC-LRP1","Lipc","Lrp1",0.992615384615385,0.992615384615385,"ligand",0.958649394338703,0.227669580302013,0.9586493943387,"Lipc"
"LPL-CD44","Lpl","Cd44",1,1,"ligand",1,0.170840504650844,0.999999999999998,"Lpl"
"LPL-GPIHBP1","Lpl","Gpihbp1",0.111192307692308,0.888807692307692,"receptor",0.671767446636867,0.27941485253745,0.671767446636862,"Gpihbp1"
"LPL-LRP1","Lpl","Lrp1",0.793269230769231,0.793269230769231,"ligand",0.723151518791122,0.226484289305578,0.723151518791128,"Lpl"
"LPL-LRP2","Lpl","Lrp2",0.0230384615384615,0.976961538461538,"receptor",0.748483174569408,0.065714684419976,0.748483174569403,"Lrp2"
"LPL-SDC1","Lpl","Sdc1",0.454423076923077,0.545576923076923,"receptor",0.501996869779969,0.44575814750596,0.501996869779966,"Sdc1"
"LPL-VLDLR","Lpl","Vldlr",0.226076923076923,0.773923076923077,"receptor",0.634425841722745,0.357450896998466,0.634425841722743,"Vldlr"
"LRP1B-PLAUR","Lrp1b","Plaur",0.00153846153846154,0.998461538461539,"receptor",0.853888568895194,0.0460201788763374,0.853888568895195,"Plaur"
"LRPAP1-LDLR","Lrpap1","Ldlr",0.0615769230769231,0.938423076923077,"receptor",0.790596478181573,0.20480260655191,0.790596478181571,"Ldlr"
"LRPAP1-LRP1","Lrpap1","Lrp1",0.752230769230769,0.752230769230769,"ligand",0.789189960173729,0.503452837329226,0.789189960173725,"Lrpap1"
"LRPAP1-LRP2","Lrpap1","Lrp2",0.00742307692307692,0.992576923076923,"receptor",0.787955559660608,0.122359493977104,0.787955559660607,"Lrp2"
"LRPAP1-LRP8","Lrpap1","Lrp8",0.0391153846153846,0.960884615384615,"receptor",0.906705415757706,0.233254515067275,0.906705415757701,"Lrp8"
"LRPAP1-SORL1","Lrpap1","Sorl1",0.0526923076923077,0.947307692307692,"receptor",0.781894851980993,0.246179810169345,0.781894851980997,"Sorl1"
"LRPAP1-SORT1","Lrpap1","Sort1",0.142884615384615,0.857115384615385,"receptor",0.715464656809545,0.393703630912027,0.715464656809545,"Sort1"
"LRPAP1-VLDLR","Lrpap1","Vldlr",0.0707692307692308,0.929230769230769,"receptor",0.759062811293187,0.242059822589611,0.759062811293187,"Vldlr"
"LTBP1-ITGB5","Ltbp1","Itgb5",0.530192307692308,0.530192307692308,"ligand",0.51776506447401,0.635684952306284,0.63568495230628,"Itgb5"
"LTBP3-ITGB5","Ltbp3","Itgb5",0.215538461538462,0.784461538461538,"receptor",0.775186849118553,0.592659449694757,0.77518684911855,"Itgb5"
"LTF-GP9","Ltf","Gp9",0.529538461538462,0.529538461538462,"ligand",0.309166187654115,0.448968929198364,0.448968929198363,"Gp9"
"LTF-GPR162","Ltf","Gpr162",0.794923076923077,0.794923076923077,"ligand",0.151526065000247,0.00544099726694537,0.303851687965734,"Artn"
"LTF-LRP1","Ltf","Lrp1",0.986653846153846,0.986653846153846,"ligand",0.691613237850251,-0.129907305945653,0.691613237850249,"Ltf"
"LTF-LRP11","Ltf","Lrp11",0.836384615384615,0.836384615384615,"ligand",0.276173155828091,0.0212449632267023,0.395360526533298,"Mst1"
"LTF-TFRC","Ltf","Tfrc",0.995423076923077,0.995423076923077,"ligand",0.905601404344761,0.323493490473815,0.905601404344761,"Ltf"
"LY86-CD180","Ly86","Cd180",0.0414615384615385,0.958538461538462,"receptor",0.732653214445331,0.162551304915474,0.73265321444533,"Cd180"
"LYPD3-AGR2","Lypd3","Agr2",0.0271153846153846,0.972884615384615,"receptor",0.284802487275113,0.120445813801618,0.541689047614517,"Artn"
"MATN1-ITGA1","Matn1","Itga1",0.887615384615385,0.887615384615385,"ligand",0.36949899130843,0.166370637998782,0.490755108785108,"Col11a1"
"MATN1-ITGB1","Matn1","Itgb1",0.991038461538462,0.991038461538462,"ligand",0.759195882593257,0.0511660193791693,0.759195882593258,"Matn1"
"MATN1-PTPRD","Matn1","Ptprd",0.985846153846154,0.985846153846154,"ligand",0.700914304526766,0.042878601543161,0.700914304526767,"Matn1"
"MDK-ALK","Mdk","Alk",0.0109615384615385,0.989038461538462,"receptor",0.870513669108203,-0.0279247281688896,0.870513669108207,"Alk"
"MDK-ITGA4","Mdk","Itga4",0.0545384615384615,0.945461538461538,"receptor",0.90246471818166,0.106656421686908,0.902464718181666,"Itga4"
"MDK-ITGA6","Mdk","Itga6",0.00530769230769231,0.994692307692308,"receptor",0.974790325428676,0.278023182528578,0.974790325428672,"Itga6"
"MDK-ITGB1","Mdk","Itgb1",0.187076923076923,0.812923076923077,"receptor",0.937931494204882,0.690480304306823,0.937931494204878,"Itgb1"
"MDK-LRP1","Mdk","Lrp1",0.0720769230769231,0.927923076923077,"receptor",0.965430048191933,0.492383979303757,0.965430048191933,"Lrp1"
"MDK-LRP2","Mdk","Lrp2",0.000423076923076923,0.999576923076923,"receptor",0.982037466451528,0.0796192740738716,0.982037466451531,"Lrp2"
"MDK-PTPRB","Mdk","Ptprb",0.00226923076923077,0.997730769230769,"receptor",0.974566322507298,0.190939718213465,0.974566322507298,"Ptprb"
"MDK-PTPRZ1","Mdk","Ptprz1",0.0726538461538462,0.927346153846154,"receptor",0.864002250725334,-0.0739672551824613,0.864002250725332,"Ptprz1"
"MDK-SDC1","Mdk","Sdc1",0.00980769230769231,0.990192307692308,"receptor",0.966001949453238,0.338586799340048,0.966001949453231,"Sdc1"
"MDK-SDC3","Mdk","Sdc3",0.0706538461538462,0.929346153846154,"receptor",0.849470289181803,0.114511919707491,0.849470289181804,"Sdc3"
"MDK-SDC4","Mdk","Sdc4",0.0126923076923077,0.987307692307692,"receptor",0.902535558995386,0.221716395758705,0.902535558995391,"Sdc4"
"MDK-TSPAN1","Mdk","Tspan1",0.000807692307692308,0.999192307692308,"receptor",0.984748486424414,0.0819188992601498,0.984748486424408,"Tspan1"
"MFAP2-NOTCH1","Mfap2","Notch1",0.0617692307692308,0.938230769230769,"receptor",0.765497889510064,0.200841048298439,0.76549788951007,"Notch1"
"MFAP5-NOTCH1","Mfap5","Notch1",0.7545,0.7545,"ligand",0.609540273738088,0.379172396457744,0.609540273738091,"Mfap5"
"MFGE8-ITGAV","Mfge8","Itgav",0.282692307692308,0.717307692307692,"receptor",0.651175749373477,0.375023410170065,0.651175749373479,"Itgav"
"MFGE8-ITGB3","Mfge8","Itgb3",0.0311153846153846,0.968884615384615,"receptor",0.638301007204261,0.0430604211683679,0.63830100720426,"Itgb3"
"MFGE8-PDGFRB","Mfge8","Pdgfrb",0.244884615384615,0.755115384615385,"receptor",0.626068110800562,0.36307969959841,0.626068110800563,"Pdgfrb"
"MFNG-NOTCH1","Mfng","Notch1",0.945230769230769,0.945230769230769,"ligand",0.749941616215002,0.26172040939437,0.749941616214999,"Mfng"
"MFNG-NOTCH2","Mfng","Notch2",0.952307692307692,0.952307692307692,"ligand",0.800826477969888,0.166947901650268,0.800826477969883,"Mfng"
"MIA-CDH19","Mia","Cdh19",0.0103846153846154,0.989615384615385,"receptor",0.688287824261621,0.00721375626102777,0.688287824261611,"Cdh19"
"MIA-CDH7","Mia","Cdh7",0.139807692307692,0.860192307692308,"receptor",0.622981590414961,-0.0108895940213437,0.705595197710138,"Gpr162"
"MMP13-LRP1","Mmp13","Lrp1",0.999269230769231,0.999269230769231,"ligand",0.770955831686536,0.103775293700635,0.770955831686539,"Mmp13"
"MMP2-SDC2","Mmp2","Sdc2",0.2575,0.7425,"receptor",0.760435836097086,0.556616379304983,0.760435836097086,"Sdc2"
"MMP9-CD44","Mmp9","Cd44",1,1,"ligand",1,0.119650945605585,0.999999999999993,"Mmp9"
"MMP9-EPHB2","Mmp9","Ephb2",0.854923076923077,0.854923076923077,"ligand",0.529466776249225,0.238869080676008,0.529466776249223,"Mmp9"
"MMP9-ITGAM","Mmp9","Itgam",0.0432307692307692,0.956769230769231,"receptor",0.713222345223352,0.229046044514833,0.713222345223353,"Itgam"
"MMP9-ITGB2","Mmp9","Itgb2",0.0196538461538462,0.980346153846154,"receptor",0.935315076287979,0.157047284272915,0.935315076287975,"Itgb2"
"MMP9-LRP1","Mmp9","Lrp1",0.988846153846154,0.988846153846154,"ligand",0.864554147691721,0.210862232343093,0.864554147691722,"Mmp9"
"MST1-MST1R","Mst1","Mst1r",0.323615384615385,0.676384615384615,"receptor",0.329777672759663,0.0955852417415945,0.490708021516895,"Agrp"
"MSTN-ACVR2B","Mstn","Acvr2b",0.851923076923077,0.851923076923077,"ligand",0.486783952882302,0.315023440236474,0.486783952882306,"Mstn"
"NAMPT-INSR","Nampt","Insr",0.484538461538462,0.515461538461538,"receptor",0.48704508979814,0.453562806595416,0.487045089798138,"Insr"
"NCAM1-CACNA1C","Ncam1","Cacna1c",0.248615384615385,0.751384615384615,"receptor",0.510106883647037,0.537808327184152,0.537808327184153,"Ncam1"
"NCAM1-FGFR1","Ncam1","Fgfr1",0.254076923076923,0.745923076923077,"receptor",0.740758517921394,0.322067297884609,0.740758517921396,"Fgfr1"
"NCAM1-FGFR2","Ncam1","Fgfr2",0.992884615384615,0.992884615384615,"ligand",0.994333946510792,0.375578674498622,0.994333946510788,"Ncam1"
"NCAM1-GFRA1","Ncam1","Gfra1",0.0214230769230769,0.978576923076923,"receptor",0.913640699834465,0.303911190735898,0.913640699834458,"Gfra1"
"NCAM1-PTPRA","Ncam1","Ptpra",0.296846153846154,0.703153846153846,"receptor",0.78828993568699,0.532071674865029,0.788289935686994,"Ptpra"
"NCAM1-ROBO1","Ncam1","Robo1",0.322230769230769,0.677769230769231,"receptor",0.668409489968578,0.663634074966206,0.686155622212352,"Calm2"
"NCAM1-ROBO3","Ncam1","Robo3",0,1,"receptor",1,0.439470483226702,0.999999999999997,"Robo3"
"NCAN-CDH2","Ncan","Cdh2",0.699230769230769,0.699230769230769,"ligand",0.783979702378368,0.453436847805333,0.834260929816735,"Lingo1"
"NCAN-SDC3","Ncan","Sdc3",0.859192307692308,0.859192307692308,"ligand",0.81162597741248,0.686599438280275,0.82465345756281,"Shank1"
"NDP-FZD4","Ndp","Fzd4",0.912961538461538,0.912961538461538,"ligand",0.693825913213552,0.0113651467778727,0.693825913213551,"Ndp"
"NDP-LGR4","Ndp","Lgr4",0.972692307692308,0.972692307692308,"ligand",0.846989201311022,0.0623132883075618,0.846989201311019,"Ndp"
"NGF-KIDINS220","Ngf","Kidins220",0.995769230769231,0.995769230769231,"ligand",0.822503891226958,0.0341377884713659,0.822503891226962,"Ngf"
"NGF-MAGED1","Ngf","Maged1",0.999846153846154,0.999846153846154,"ligand",0.996088429728835,0.0614707035289738,0.996088429728838,"Ngf"
"NGF-NGFR","Ngf","Ngfr",0.923346153846154,0.923346153846154,"ligand",0.498451554160246,0.181079170526947,0.498451554160247,"Ngf"
"NGF-NTRK1","Ngf","Ntrk1",0,1,"receptor",1,0.0821903911096478,1,"Ntrk1"
"NGF-SORCS3","Ngf","Sorcs3",0.866076923076923,0.866076923076923,"ligand",0.384504477623054,0.0829857450793916,0.384504477623054,"Ngf"
"NGF-SORT1","Ngf","Sort1",0.977461538461538,0.977461538461538,"ligand",0.643661658905587,0.104764540648001,0.643661658905587,"Ngf"
"NID1-COL13A1","Nid1","Col13a1",0.0216153846153846,0.978384615384615,"receptor",0.842484499520395,0.237055137864297,0.842484499520394,"Col13a1"
"NID1-ITGA3","Nid1","Itga3",0.0163461538461538,0.983653846153846,"receptor",0.750848427734262,0.106649136309144,0.750848427734257,"Itga3"
"NID1-ITGAV","Nid1","Itgav",0.212269230769231,0.787730769230769,"receptor",0.781899532361328,0.487170954350857,0.781899532361325,"Itgav"
"NID1-ITGB1","Nid1","Itgb1",0.903538461538462,0.903538461538462,"ligand",0.91360479578551,0.582332870057372,0.913604795785513,"Nid1"
"NID1-ITGB3","Nid1","Itgb3",0.0214615384615385,0.978538461538462,"receptor",0.713250297773674,0.186295862238429,0.713250297773669,"Itgb3"
"NID1-PTPRF","Nid1","Ptprf",0.581576923076923,0.581576923076923,"ligand",0.610830687446557,0.499410613347141,0.610830687446555,"Nid1"
"NID2-COL13A1","Nid2","Col13a1",0.0332307692307692,0.966769230769231,"receptor",0.819964577187413,0.288820348080635,0.819964577187413,"Col13a1"
"NLGN1-NRXN1","Nlgn1","Nrxn1",0.261538461538462,0.738461538461539,"receptor",0.815011104266957,0.856264565431139,0.856264565431138,"Nlgn1"
"NLGN1-NRXN2","Nlgn1","Nrxn2",0.0124615384615385,0.987538461538462,"receptor",0.997877640385295,0.669807765170738,0.997877640385302,"Nrxn2"
"NLGN1-NRXN3","Nlgn1","Nrxn3",0.241538461538462,0.758461538461539,"receptor",0.755664979190106,0.803858813325316,0.803858813325316,"Nlgn1"
"NLGN2-NRXN1","Nlgn2","Nrxn1",0.846423076923077,0.846423076923077,"ligand",0.845867972383167,0.485444917189401,0.845867972383166,"Nlgn2"
"NLGN2-NRXN2","Nlgn2","Nrxn2",0.352153846153846,0.647846153846154,"receptor",0.755596750253304,0.690625816504854,0.755596750253298,"Nrxn2"
"NLGN2-NRXN3","Nlgn2","Nrxn3",0.772961538461538,0.772961538461538,"ligand",0.824582671865696,0.435986951600517,0.824582671865697,"Nlgn2"
"NLGN3-NRXN1","Nlgn3","Nrxn1",0.9445,0.9445,"ligand",0.995075457978029,0.757328047621635,0.995075457978025,"Nlgn3"
"NLGN3-NRXN2","Nlgn3","Nrxn2",0.547730769230769,0.547730769230769,"ligand",0.973385939329511,0.890774726193908,0.973385939329511,"Nlgn3"
"NLGN3-NRXN3","Nlgn3","Nrxn3",0.879961538461538,0.879961538461538,"ligand",0.9854438029344,0.611934810410694,0.985443802934392,"Nlgn3"
"NMB-NMBR","Nmb","Nmbr",0.832038461538462,0.832038461538462,"ligand",0.326852943734226,0.629025203655035,0.667535064541595,"Cxcr4"
"NOV-NOTCH1","Nov","Notch1",0.795961538461538,0.795961538461538,"ligand",0.607795167822551,0.239630094269049,0.607795167822545,"Nov"
"NOV-PLXNA1","Nov","Plxna1",0.717115384615385,0.717115384615385,"ligand",0.493310839975664,0.398613479535998,0.493310839975664,"Nov"
"NPNT-ITGA8","Npnt","Itga8",0.235076923076923,0.764923076923077,"receptor",0.643757423391027,0.382588251836582,0.643757423391028,"Itga8"
"NPNT-ITGB1","Npnt","Itgb1",0.960807692307692,0.960807692307692,"ligand",0.877995669595391,0.377462812088172,0.877995669595393,"Npnt"
"NPPA-NPR1","Nppa","Npr1",0.581384615384615,0.581384615384615,"ligand",0.219717865101788,0.340954073537673,0.340954073537673,"Npr1"
"NPPA-NPR3","Nppa","Npr3",0.527076923076923,0.527076923076923,"ligand",0.288746072254058,0.672842631189063,0.672842631189067,"Npr3"
"NPPC-NPR2","Nppc","Npr2",0.945884615384615,0.945884615384615,"ligand",0.77120342747685,0.130467554274617,0.77120342747685,"Nppc"
"NPPC-NPR3","Nppc","Npr3",0.840423076923077,0.840423076923077,"ligand",0.63999034510558,0.0394723778672485,0.639990345105584,"Nppc"
"NPY-FAP","Npy","Fap",0.588,0.588,"ligand",0.0820551510694029,0.301898655442524,0.38754035076332,"Cd63"
"NPY-MC4R","Npy","Mc4r",0.0201538461538462,0.979846153846154,"receptor",0.71364006358687,0.0425844162057514,0.713640063586868,"Mc4r"
"NPY-NPY1R","Npy","Npy1r",0.0536538461538462,0.946346153846154,"receptor",0.598742336656309,0.0763138304386258,0.598742336656308,"Npy1r"
"NRG1-ERBB2","Nrg1","Erbb2",0.444115384615385,0.555884615384615,"receptor",0.442281883370426,0.170017775754237,0.442281883370428,"Erbb2"
"NRG1-ERBB3","Nrg1","Erbb3",0.202384615384615,0.797615384615385,"receptor",0.593093315381213,0.111925048860631,0.593093315381211,"Erbb3"
"NRG1-ERBB4","Nrg1","Erbb4",0.528423076923077,0.528423076923077,"ligand",0.591833101694282,0.450434473060953,0.593519811300523,"Calm2"
"NRG1-GPC1","Nrg1","Gpc1",0.789461538461538,0.789461538461538,"ligand",0.503222661039038,0.476991961885708,0.566890860389993,"Adcy9"
"NRG2-ERBB2","Nrg2","Erbb2",0.949230769230769,0.949230769230769,"ligand",0.539928623947499,0.083685880839312,0.539928623947496,"Nrg2"
"NRG2-ERBB3","Nrg2","Erbb3",0.909230769230769,0.909230769230769,"ligand",0.405617389097084,0.177534392219329,0.405617389097083,"Nrg2"
"NRG2-ERBB4","Nrg2","Erbb4",0.972576923076923,0.972576923076923,"ligand",0.865787170560619,0.133827326745963,0.86578717056062,"Nrg2"
"NRG3-ERBB4","Nrg3","Erbb4",0.277269230769231,0.722730769230769,"receptor",0.531316277389201,0.604876344166944,0.634587401768722,"Lingo1"
"NRG4-EGFR","Nrg4","Egfr",0.971423076923077,0.971423076923077,"ligand",0.689145399658207,0.075939867932456,0.689145399658205,"Nrg4"
"NRG4-ERBB2","Nrg4","Erbb2",0.966846153846154,0.966846153846154,"ligand",0.694621256972048,0.104163433365262,0.694621256972048,"Nrg4"
"NRG4-ERBB4","Nrg4","Erbb4",0.971692307692308,0.971692307692308,"ligand",0.775544897318452,0.125681639842801,0.775544897318452,"Nrg4"
"NRTN-GFRA1","Nrtn","Gfra1",0.460807692307692,0.539192307692308,"receptor",0.371751622139304,0.364015451218808,0.378744163476999,"Rps19"
"NRTN-GFRA2","Nrtn","Gfra2",0.6345,0.6345,"ligand",0.453418414092734,0.323282004780598,0.45341841409273,"Nrtn"
"NRTN-RET","Nrtn","Ret",0.191884615384615,0.808115384615385,"receptor",0.425693166917126,0.16978975191655,0.488490836870605,"Calm1"
"NTF3-NGFR","Ntf3","Ngfr",0.922769230769231,0.922769230769231,"ligand",0.585583913407787,0.344521685146463,0.585583913407783,"Ntf3"
"NTF3-NTRK1","Ntf3","Ntrk1",0,1,"receptor",1,0.12862862566999,1,"Ntrk1"
"NTF3-NTRK2","Ntf3","Ntrk2",0.975153846153846,0.975153846153846,"ligand",0.728645385776776,0.122321469534183,0.728645385776786,"Ntf3"
"NTF3-NTRK3","Ntf3","Ntrk3",0.970230769230769,0.970230769230769,"ligand",0.779236099996113,0.168415107169001,0.779236099996109,"Ntf3"
"NTN1-DCC","Ntn1","Dcc",0.487192307692308,0.512807692307692,"receptor",0.457306053770983,0.540320276192258,0.540320276192257,"Ntn1"
"NTN1-NEO1","Ntn1","Neo1",0.945730769230769,0.945730769230769,"ligand",0.818246844887359,0.296035718598827,0.818246844887359,"Ntn1"
"NTN1-UNC5A","Ntn1","Unc5a",0.0404615384615385,0.959538461538462,"receptor",0.692544475256044,0.211566053129278,0.69254447525604,"Unc5a"
"NTN1-UNC5B","Ntn1","Unc5b",0.293461538461538,0.706538461538462,"receptor",0.511160106716642,0.28445213902023,0.511160106716643,"Unc5b"
"NTN1-UNC5C","Ntn1","Unc5c",0.660730769230769,0.660730769230769,"ligand",0.536264827963052,0.287246415776638,0.53626482796305,"Ntn1"
"NTN1-UNC5D","Ntn1","Unc5d",0.323153846153846,0.676846153846154,"receptor",0.420018317895061,0.461344911030392,0.563214225069237,"Calm2"
"NTN4-DCC","Ntn4","Dcc",0.909192307692308,0.909192307692308,"ligand",0.494996394068137,0.198219393063954,0.494996394068137,"Ntn4"
"NTN4-UNC5A","Ntn4","Unc5a",0.568730769230769,0.568730769230769,"ligand",0.234130945563268,0.337130295568386,0.499375684130739,"Ntsr1"
"NTNG1-LRRC4C","Ntng1","Lrrc4c",0.654538461538462,0.654538461538462,"ligand",0.786970148084468,0.551522522960471,0.786970148084467,"Ntng1"
"NTNG2-LRRC4","Ntng2","Lrrc4",0.872538461538461,0.872538461538461,"ligand",0.307427821877527,0.177681240105685,0.326580721260173,"Nmbr"
"NTNG2-LRRC4C","Ntng2","Lrrc4c",0.976615384615385,0.976615384615385,"ligand",0.576512057293394,0.127514393908981,0.576512057293392,"Ntng2"
"NTS-NGFR","Nts","Ngfr",0.819269230769231,0.819269230769231,"ligand",0.347882782315739,0.214734593253652,0.347882782315737,"Nts"
"NTS-NTSR1","Nts","Ntsr1",0,1,"receptor",1,0.0983394940602619,0.999999999999999,"Ntsr1"
"NTS-SORT1","Nts","Sort1",0.939538461538462,0.939538461538462,"ligand",0.561240802425339,0.13244033048583,0.561240802425344,"Nts"
"NUCB2-ERAP1","Nucb2","Erap1",0.383,0.617,"receptor",0.495307161426694,0.33741662921943,0.495307161426692,"Erap1"
"NXPH1-NRXN1","Nxph1","Nrxn1",0.934692307692308,0.934692307692308,"ligand",0.913948979558064,0.678628508941202,0.913948979558058,"Nxph1"
"NXPH1-NRXN2","Nxph1","Nrxn2",0.638346153846154,0.638346153846154,"ligand",0.720790431128564,0.929564286175513,0.929564286175513,"Nrxn2"
"NXPH1-NRXN3","Nxph1","Nrxn3",0.888115384615385,0.888115384615385,"ligand",0.888913397260562,0.562923165560774,0.888913397260563,"Nxph1"
"NXPH2-NRXN1","Nxph2","Nrxn1",0.999538461538461,0.999538461538461,"ligand",0.998031532867924,0.267218626531077,0.99803153286792,"Nxph2"
"NXPH3-NRXN1","Nxph3","Nrxn1",1,1,"ligand",1,0.283773020877401,0.999999999999997,"Nxph3"
"NXPH3-NRXN2","Nxph3","Nrxn2",1,1,"ligand",1,0.336665055716566,0.999999999999997,"Nxph3"
"NXPH3-NRXN3","Nxph3","Nrxn3",1,1,"ligand",1,0.242383534599561,0.999999999999997,"Nxph3"
"OLFM2-ROBO2","Olfm2","Robo2",0.981576923076923,0.981576923076923,"ligand",0.986955924411025,0.531399422095121,0.986955924411028,"Olfm2"
"OSTN-NPR3","Ostn","Npr3",0.914307692307692,0.914307692307692,"ligand",0.468551037003605,0.0497009487266976,0.468551037003605,"Ostn"
"P4HB-GPR162","P4hb","Gpr162",0,1,"receptor",1,-0.123893892998797,1,"Gpr162"
"PAPLN-SIRPA","Papln","Sirpa",0.999307692307692,0.999307692307692,"ligand",0.95994326013834,0.074302482803851,0.959943260138334,"Papln"
"PCSK9-VLDLR","Pcsk9","Vldlr",0.738423076923077,0.738423076923077,"ligand",0.43907181698506,0.107948564504138,0.439071816985059,"Pcsk9"
"PDAP1-PDGFRB","Pdap1","Pdgfrb",0.0371153846153846,0.962884615384615,"receptor",0.861489588295396,0.242802144722543,0.861489588295397,"Pdgfrb"
"PDGFA-PDGFRA","Pdgfa","Pdgfra",0.692692307692308,0.692692307692308,"ligand",0.603592792051219,0.437953006258637,0.603592792051223,"Pdgfa"
"PDGFA-PDGFRB","Pdgfa","Pdgfrb",0.519730769230769,0.519730769230769,"ligand",0.423142155743739,0.459185869869643,0.475797946512583,"Agrp"
"PDGFB-ART1","Pdgfb","Art1",0.339384615384615,0.660615384615385,"receptor",0.389081385998625,0.426367065633362,0.426367065633364,"Pdgfb"
"PDGFB-ITGAV","Pdgfb","Itgav",0.960384615384615,0.960384615384615,"ligand",0.760815302325282,0.215701631440265,0.760815302325282,"Pdgfb"
"PDGFB-LRP1","Pdgfb","Lrp1",0.991192307692308,0.991192307692308,"ligand",0.917490829441779,0.150159009086141,0.917490829441788,"Pdgfb"
"PDGFB-PDGFRA","Pdgfb","Pdgfra",0.969,0.969,"ligand",0.833918125368745,0.166175689724175,0.833918125368738,"Pdgfb"
"PDGFB-PDGFRB","Pdgfb","Pdgfrb",0.947115384615385,0.947115384615385,"ligand",0.758489583264753,0.216768023401973,0.758489583264747,"Pdgfb"
"PDGFB-S1PR1","Pdgfb","S1pr1",0.819653846153846,0.819653846153846,"ligand",0.524543199093357,0.362157994415015,0.524543199093356,"Pdgfb"
"PDGFC-FLT1","Pdgfc","Flt1",0.309038461538462,0.690961538461538,"receptor",0.494233585579871,0.344170672028644,0.494233585579874,"Flt1"
"PDGFC-FLT4","Pdgfc","Flt4",0.0937692307692308,0.906230769230769,"receptor",0.524243903348626,0.159422929521836,0.52424390334863,"Flt4"
"PDGFC-KDR","Pdgfc","Kdr",0.747576923076923,0.747576923076923,"ligand",0.537887078425345,0.34813489006236,0.537887078425347,"Pdgfc"
"PDGFC-PDGFRA","Pdgfc","Pdgfra",0.859230769230769,0.859230769230769,"ligand",0.725957278216653,0.420458023934543,0.725957278216649,"Pdgfc"
"PDGFC-PDGFRB","Pdgfc","Pdgfrb",0.715923076923077,0.715923076923077,"ligand",0.562456943108736,0.405639167041122,0.562456943108737,"Pdgfc"
"PDGFD-PDGFRA","Pdgfd","Pdgfra",0.968961538461538,0.968961538461538,"ligand",0.809675366166413,0.255547477059132,0.809675366166407,"Pdgfd"
"PDGFD-PDGFRB","Pdgfd","Pdgfrb",0.936538461538462,0.936538461538462,"ligand",0.662933697183107,0.226484821118639,0.662933697183112,"Pdgfd"
"PDYN-OPRM1","Pdyn","Oprm1",0.652576923076923,0.652576923076923,"ligand",0.72316245620647,0.461150906827453,0.723162456206466,"Pdyn"
"PENK-OGFR","Penk","Ogfr",0.7375,0.7375,"ligand",0.504997946070858,0.433789175479297,0.504997946070855,"Penk"
"PENK-OPRM1","Penk","Oprm1",0.0410769230769231,0.958923076923077,"receptor",0.8266314437674,0.0718382415289316,0.826631443767401,"Oprm1"
"PF4-FGFR2","Pf4","Fgfr2",0.976461538461538,0.976461538461538,"ligand",0.587136008971813,0.0413949229634427,0.587136008971813,"Pf4"
"PF4-LDLR","Pf4","Ldlr",0.118307692307692,0.881692307692308,"receptor",0.693140722774768,0.0319310032310566,0.693140722774765,"Ldlr"
"PF4-PROCR","Pf4","Procr",0.00615384615384615,0.993846153846154,"receptor",0.860245926518359,0.0282844868361705,0.860245926518358,"Procr"
"PF4-SDC2","Pf4","Sdc2",0.391115384615385,0.608884615384615,"receptor",0.529319860358931,0.115243117881775,0.52931986035893,"Sdc2"
"PF4-THBD","Pf4","Thbd",0.1865,0.8135,"receptor",0.611226817926604,0.0966946516787891,0.611226817926604,"Thbd"
"PGF-FLT1","Pgf","Flt1",0.8605,0.8605,"ligand",0.540980117411431,0.23881966722119,0.540980117411436,"Pgf"
"PGF-NRP1","Pgf","Nrp1",0.969807692307692,0.969807692307692,"ligand",0.791688261236832,0.169526687321434,0.791688261236837,"Pgf"
"PGF-NRP2","Pgf","Nrp2",0.959307692307692,0.959307692307692,"ligand",0.732667827582934,0.177831472925318,0.732667827582932,"Pgf"
"PIGF-FLT1","Pigf","Flt1",0.817230769230769,0.817230769230769,"ligand",0.509538954187436,0.234423027241852,0.509538954187438,"Pigf"
"PKM-CD44","Pkm","Cd44",0.999423076923077,0.999423076923077,"ligand",0.999922032960636,0.437493955023561,0.999922032960635,"Pkm"
"PLAT-ITGAM","Plat","Itgam",0.0159615384615385,0.984038461538462,"receptor",0.532231799339704,0.112042444558728,0.532231799339707,"Itgam"
"PLAT-ITGB2","Plat","Itgb2",0.0142692307692308,0.985730769230769,"receptor",0.905209597439613,-0.00990591018830024,0.905209597439609,"Itgb2"
"PLAT-LRP1","Plat","Lrp1",0.956038461538462,0.956038461538462,"ligand",0.918597609587897,0.391379602301532,0.918597609587896,"Plat"
"PLG-F2R","Plg","F2r",0.8065,0.8065,"ligand",0.503596997444361,0.0927602678265071,0.638323571619869,"Gcgr"
"PLG-F2RL1","Plg","F2rl1",0.131884615384615,0.868115384615385,"receptor",0.940680827296117,-0.274775811607332,0.940680827296116,"F2rl1"
"PLG-F3","Plg","F3",0.127192307692308,0.872807692307692,"receptor",0.310190954382871,-0.14357448899782,0.434801471178467,"Gucy2c"
"PLG-FLT1","Plg","Flt1",0.701115384615385,0.701115384615385,"ligand",0.273248384956913,0.142224306460249,0.420213222637934,"Gcgr"
"PLG-ITGA9","Plg","Itga9",0.844961538461538,0.844961538461538,"ligand",0.786755446666291,-0.095271191009265,0.850354784590656,"Slc2a2"
"PLG-ITGAM","Plg","Itgam",0.0583076923076923,0.941692307692308,"receptor",0.445281578946859,0.0828663022149958,0.445281578946857,"Itgam"
"PLG-ITGB1","Plg","Itgb1",0.901307692307692,0.901307692307692,"ligand",0.9242993188272,-0.261849492729855,0.924299318827204,"Plg"
"PLG-ITGB2","Plg","Itgb2",0.0301923076923077,0.969807692307692,"receptor",0.720637096806727,0.209135232825216,0.72063709680673,"Itgb2"
"PLG-PLAUR","Plg","Plaur",0.0601538461538462,0.939846153846154,"receptor",0.490282446267957,-0.216391598588185,0.504797128966761,"Agrp"
"PLG-PLGRKT","Plg","Plgrkt",0.806884615384615,0.806884615384615,"ligand",0.481737108861149,-0.0585545933032063,0.619383139688436,"Gcgr"
"PLTP-ABCA1","Pltp","Abca1",0.996538461538461,0.996538461538461,"ligand",0.989169874088562,0.27689347302319,0.989169874088561,"Pltp"
"PMCH-MCHR1","Pmch","Mchr1",0.00276923076923077,0.997230769230769,"receptor",0.743773521245963,0.910466776299304,0.91121854131565,"Nxph3"
"PNOC-OPRL1","Pnoc","Oprl1",0.678461538461538,0.678461538461538,"ligand",0.808721643767061,0.667716638196961,0.808721643767059,"Pnoc"
"PODXL-SELL","Podxl","Sell",0.0581923076923077,0.941807692307692,"receptor",0.521109130869922,0.046528336285718,0.521109130869922,"Sell"
"PODXL2-SELL","Podxl2","Sell",0.0566923076923077,0.943307692307692,"receptor",0.550166646048839,-0.137158979698476,0.566166155583395,"Insl5"
"POMC-MC4R","Pomc","Mc4r",0.0450384615384615,0.954961538461538,"receptor",0.458491098057919,0.0714915075853484,0.465993077326519,"Adcy9"
"POMC-OPRM1","Pomc","Oprm1",0.178115384615385,0.821884615384615,"receptor",0.497033789664465,0.199671193833388,0.586132284485085,"Shank1"
"PON2-HTR2A","Pon2","Htr2a",0.0284230769230769,0.971576923076923,"receptor",0.568072934023522,0.0770731603201195,0.568072934023516,"Htr2a"
"PROC-ITGAM","Proc","Itgam",0.311961538461538,0.688038461538462,"receptor",0.321098019022351,0.173691639133392,0.321098019022351,"Itgam"
"PROC-ITGB2","Proc","Itgb2",0.160730769230769,0.839269230769231,"receptor",0.472134957148476,0.337080544830267,0.472134957148474,"Itgb2"
"PROC-PROCR","Proc","Procr",0.503961538461538,0.503961538461538,"ligand",0.0719539533185213,0.273324684646416,0.464259782338717,"Artn"
"PROC-THBD","Proc","Thbd",0.831692307692308,0.831692307692308,"ligand",0.553905655569583,-0.0322522286124302,0.622536551802737,"Mst1"
"PROS1-AXL","Pros1","Axl",0.806846153846154,0.806846153846154,"ligand",0.670156939811588,0.348490343346542,0.670156939811592,"Pros1"
"PROS1-TYRO3","Pros1","Tyro3",0.154461538461538,0.845538461538462,"receptor",0.580812511853854,0.249611691807614,0.580812511853853,"Tyro3"
"PRSS23-TMEM222","Prss23","Tmem222",0.724,0.724,"ligand",0.552942868162409,0.320045849717436,0.552942868162408,"Prss23"
"PSAP-CELSR1","Psap","Celsr1",0.0234615384615385,0.976538461538462,"receptor",0.82949275081696,0.187350110055299,0.829492750816958,"Celsr1"
"PSAP-GPR37","Psap","Gpr37",0.00384615384615385,0.996153846153846,"receptor",0.771214846230307,0.193665442585894,0.771214846230313,"Gpr37"
"PSAP-LRP1","Psap","Lrp1",0.7855,0.7855,"ligand",0.85099771897554,0.530696701372548,0.850997718975541,"Psap"
"PSAP-SORT1","Psap","Sort1",0.137307692307692,0.862692307692308,"receptor",0.689354663172203,0.412622570240213,0.68935466317221,"Sort1"
"PSEN1-CD44","Psen1","Cd44",1,1,"ligand",1,0.233805383518967,0.999999999999997,"Psen1"
"PSEN1-NCSTN","Psen1","Ncstn",0.643269230769231,0.643269230769231,"ligand",0.495505446047399,0.470174112106509,0.50849159765583,"Calcr"
"PSEN1-NOTCH1","Psen1","Notch1",0.669615384615385,0.669615384615385,"ligand",0.520929243148881,0.338376200565509,0.52092924314888,"Psen1"
"PSEN1-NOTCH2","Psen1","Notch2",0.745884615384615,0.745884615384615,"ligand",0.63243779038919,0.362365136330237,0.632437790389192,"Psen1"
"PSEN1-NOTCH3","Psen1","Notch3",0.394769230769231,0.605230769230769,"receptor",0.456543645950362,0.444342058227622,0.474211161403735,"Gucy2c"
"PSEN1-NOTCH4","Psen1","Notch4",0.0554230769230769,0.944576923076923,"receptor",0.654417630543313,0.179120581884087,0.65441763054331,"Notch4"
"PTDSS1-JMJD6","Ptdss1","Jmjd6",0.645769230769231,0.645769230769231,"ligand",0.532372711792804,0.417144015572617,0.532372711792806,"Ptdss1"
"PTDSS1-SCARB1","Ptdss1","Scarb1",0.280769230769231,0.719230769230769,"receptor",0.516250977238557,0.387402630454696,0.516250977238558,"Scarb1"
"PTHLH-PTH1R","Pthlh","Pth1r",0.993153846153846,0.993153846153846,"ligand",0.719879843092114,0.0794072819359176,0.719879843092119,"Pthlh"
"PTMA-VIPR1","Ptma","Vipr1",0,1,"receptor",1,0.155034792881984,0.999999999999994,"Vipr1"
"PTN-ALK","Ptn","Alk",0.00276923076923077,0.997230769230769,"receptor",0.963290707365161,0.0768640979296619,0.963290707365154,"Alk"
"PTN-CDH10","Ptn","Cdh10",0.00219230769230769,0.997807692307692,"receptor",0.984363206334118,0.114384788846186,0.984363206334122,"Cdh10"
"PTN-PLXNB2","Ptn","Plxnb2",0.0388846153846154,0.961115384615385,"receptor",0.945885911630859,0.259819893914782,0.945885911630865,"Plxnb2"
"PTN-PTPRB","Ptn","Ptprb",0.00619230769230769,0.993807692307692,"receptor",0.89927606973206,0.0265176320209683,0.899276069732063,"Ptprb"
"PTN-PTPRS","Ptn","Ptprs",0.192576923076923,0.807423076923077,"receptor",0.937617905224089,0.428392803674662,0.937617905224095,"Ptprs"
"PTN-PTPRZ1","Ptn","Ptprz1",0.0169615384615385,0.983038461538462,"receptor",0.958587251055875,0.136439103177789,0.958587251055875,"Ptprz1"
"PTN-SDC1","Ptn","Sdc1",0.0291538461538462,0.970846153846154,"receptor",0.926152227951096,0.111433237358369,0.926152227951099,"Sdc1"
"PTN-SDC3","Ptn","Sdc3",0.0509615384615385,0.949038461538461,"receptor",0.967864353732237,0.164539897966276,0.96786435373224,"Sdc3"
"QDPR-DYSF","Qdpr","Dysf",0.0868846153846154,0.913115384615385,"receptor",0.788538398485623,0.260518145485618,0.788538398485614,"Dysf"
"RARRES2-CCRL2","Rarres2","Ccrl2",0.00780769230769231,0.992192307692308,"receptor",0.799825665227032,0.0364475858159942,0.799825665227032,"Ccrl2"
"RARRES2-CMKLR1","Rarres2","Cmklr1",0.0925769230769231,0.907423076923077,"receptor",0.598244783946705,0.213273221109979,0.598244783946703,"Cmklr1"
"RBP4-STRA6","Rbp4","Stra6",0.0115769230769231,0.988423076923077,"receptor",0.890455879253658,-0.0406795065365511,0.890455879253656,"Stra6"
"RELN-ITGA3","Reln","Itga3",0.0558846153846154,0.944115384615385,"receptor",0.685191108455634,0.178202154010655,0.685191108455636,"Itga3"
"RELN-ITGB1","Reln","Itgb1",0.918,0.918,"ligand",0.683341408004903,0.050289286612105,0.683341408004899,"Reln"
"RELN-LRP8","Reln","Lrp8",0.1185,0.8815,"receptor",0.871217585071284,0.501824370521881,0.871217585071282,"Lrp8"
"RELN-VLDLR","Reln","Vldlr",0.266692307692308,0.733307692307692,"receptor",0.54606046985509,0.272115916105934,0.546060469855089,"Vldlr"
"RGMA-BMPR1B","Rgma","Bmpr1b",0.242807692307692,0.757192307692308,"receptor",0.536758939423103,0.418093121068389,0.536758939423102,"Bmpr1b"
"RGMA-BMPR2","Rgma","Bmpr2",0.860846153846154,0.860846153846154,"ligand",0.830145571565276,0.398773688963692,0.830145571565278,"Rgma"
"RGMA-HFE2","Rgma","Hfe2",0.261269230769231,0.738730769230769,"receptor",0.655699549133446,0.397247313429216,0.655699549133447,"Hfe2"
"RGMA-NEO1","Rgma","Neo1",0.916038461538462,0.916038461538462,"ligand",0.876526409450265,0.355056633149095,0.876526409450261,"Rgma"
"RGMB-BMPR1B","Rgmb","Bmpr1b",0.182307692307692,0.817692307692308,"receptor",0.597781289630677,0.486363534383633,0.597781289630677,"Bmpr1b"
"RGMB-BMPR2","Rgmb","Bmpr2",0.790423076923077,0.790423076923077,"ligand",0.773495246762987,0.448629617335338,0.773495246762992,"Rgmb"
"RGMB-HFE2","Rgmb","Hfe2",0.193692307692308,0.806307692307692,"receptor",0.73495801066074,0.514364051837516,0.734958010660739,"Hfe2"
"RGMB-NEO1","Rgmb","Neo1",0.875192307692308,0.875192307692308,"ligand",0.847857554931456,0.422122370097586,0.847857554931457,"Rgmb"
"RIMS1-CACNA1C","Rims1","Cacna1c",0.786653846153846,0.786653846153846,"ligand",0.741047963001115,0.179413589754545,0.741047963001112,"Rims1"
"RIMS1-SLC18A2","Rims1","Slc18a2",0.0718076923076923,0.928192307692308,"receptor",0.671880517372207,0.200641803532098,0.671880517372203,"Slc18a2"
"RIMS1-SLC18A3","Rims1","Slc18a3",0.0108461538461538,0.989153846153846,"receptor",0.922088423885724,0.245290323101713,0.922088423885721,"Slc18a3"
"RIMS2-ABCA1","Rims2","Abca1",0.875038461538462,0.875038461538462,"ligand",0.706447974471064,0.149370177496972,0.791481728058505,"Nrxn2"
"RPH3A-NRXN1","Rph3a","Nrxn1",1,1,"ligand",1,0.788884934877201,0.999999999999999,"Rph3a"
"RPS19-C5AR1","Rps19","C5ar1",0,1,"receptor",1,0.194843262399938,1.00000000000001,"C5ar1"
"RSPO1-FZD8","Rspo1","Fzd8",0.820923076923077,0.820923076923077,"ligand",0.458112865597829,0.193662224588949,0.458112865597828,"Rspo1"
"RSPO1-LGR4","Rspo1","Lgr4",0.922461538461538,0.922461538461538,"ligand",0.613584766284405,0.101056548307137,0.613584766284409,"Rspo1"
"RSPO1-LGR5","Rspo1","Lgr5",0.560730769230769,0.560730769230769,"ligand",0.336383020367801,0.380664427786472,0.391845039131427,"Scgb3a2"
"RSPO1-LGR6","Rspo1","Lgr6",0.354307692307692,0.645692307692308,"receptor",0.305767697070427,0.354387613763609,0.382513480066862,"Anxa1"
"RSPO1-LRP6","Rspo1","Lrp6",0.9665,0.9665,"ligand",0.744642097407233,0.147840249750722,0.744642097407231,"Rspo1"
"RSPO1-ZNRF3","Rspo1","Znrf3",0.877461538461539,0.877461538461539,"ligand",0.572411150846228,0.194667014778728,0.572411150846228,"Rspo1"
"RSPO2-LGR4","Rspo2","Lgr4",0.901115384615385,0.901115384615385,"ligand",0.547296124630528,0.198839372895834,0.547296124630528,"Rspo2"
"RSPO2-LGR5","Rspo2","Lgr5",0.431538461538462,0.568461538461538,"receptor",0.310680836293838,0.287502194909853,0.318493298641051,"Col5a2"
"RSPO2-LGR6","Rspo2","Lgr6",0.288923076923077,0.711076923076923,"receptor",0.355021623984156,0.310835095991769,0.386782567273913,"Bgn"
"RSPO3-FZD8","Rspo3","Fzd8",0.707923076923077,0.707923076923077,"ligand",0.400556310968727,0.433512524093456,0.433512524093455,"Fzd8"
"RSPO3-LGR4","Rspo3","Lgr4",0.874923076923077,0.874923076923077,"ligand",0.544295839916409,0.311687052366925,0.544295839916411,"Rspo3"
"RSPO3-LGR5","Rspo3","Lgr5",0.259230769230769,0.740769230769231,"receptor",0.491684657206711,0.272546747796871,0.491684657206707,"Lgr5"
"RSPO3-LGR6","Rspo3","Lgr6",0.211615384615385,0.788384615384615,"receptor",0.331732516954098,0.165755404641879,0.350548990993634,"Ltbp3"
"RSPO3-LRP6","Rspo3","Lrp6",0.940653846153846,0.940653846153846,"ligand",0.742269256539202,0.285515992773731,0.742269256539203,"Rspo3"
"RSPO3-SDC4","Rspo3","Sdc4",0.828,0.828,"ligand",0.468992752803929,0.174798771196279,0.468992752803929,"Rspo3"
"RTN4-CNTNAP1","Rtn4","Cntnap1",0,1,"receptor",1,0.534284864327379,0.999999999999992,"Cntnap1"
"RTN4-GJB2","Rtn4","Gjb2",0.007,0.993,"receptor",0.919926705517813,0.0440630406382944,0.919926705517812,"Gjb2"
"RTN4-LINGO1","Rtn4","Lingo1",0,1,"receptor",1,0.51505178591462,0.999999999999999,"Lingo1"
"RTN4-NGFR","Rtn4","Ngfr",0,1,"receptor",1,0.413076832319709,1,"Ngfr"
"RTN4-RTN4R","Rtn4","Rtn4r",0,1,"receptor",1,0.375333177251966,0.999999999999994,"Rtn4r"
"RTN4-RTN4RL1","Rtn4","Rtn4rl1",0.00134615384615385,0.998653846153846,"receptor",0.96881910611727,0.08008237179765,0.968819106117267,"Rtn4rl1"
"RTN4-TNFRSF19","Rtn4","Tnfrsf19",0.0120384615384615,0.987961538461538,"receptor",0.934695167749915,0.207085754715699,0.934695167749914,"Tnfrsf19"
"S100A8-TLR4","S100a8","Tlr4",0.0232307692307692,0.976769230769231,"receptor",0.812285574237637,-0.0375462998169187,0.812285574237631,"Tlr4"
"S100A9-TLR4","S100a9","Tlr4",0.0397307692307692,0.960269230769231,"receptor",0.702976750754951,-0.0403973128845333,0.702976750754951,"Tlr4"
"SCGB3A2-MARCO","Scgb3a2","Marco",0.197769230769231,0.802230769230769,"receptor",0.296855832783581,0.00986609433257442,0.535896107496881,"Gcgr"
"SCT-VIPR1","Sct","Vipr1",0.0127692307692308,0.987230769230769,"receptor",0.729340101131143,0.12090390107462,0.729340101131146,"Vipr1"
"SCT-VIPR2","Sct","Vipr2",0.131807692307692,0.868192307692308,"receptor",0.389207840752887,0.246586203184592,0.389207840752886,"Vipr2"
"SEMA3A-NRP1","Sema3a","Nrp1",0.512653846153846,0.512653846153846,"ligand",0.442180276598269,0.490937385155784,0.490937385155784,"Nrp1"
"SEMA3A-NRP2","Sema3a","Nrp2",0.476692307692308,0.523307692307692,"receptor",0.670402736721646,0.53424638023326,0.670402736721646,"Nrp2"
"SEMA3A-PLXNA1","Sema3a","Plxna1",0.293730769230769,0.706269230769231,"receptor",0.76140586969666,0.290700493756078,0.761405869696663,"Plxna1"
"SEMA3A-PLXNA2","Sema3a","Plxna2",0.397115384615385,0.602884615384615,"receptor",0.588172067104662,0.362719374012891,0.588172067104653,"Plxna2"
"SEMA3A-PLXNA3","Sema3a","Plxna3",0.105884615384615,0.894115384615385,"receptor",0.771594014443468,0.207999212032118,0.771594014443472,"Plxna3"
"SEMA3A-PLXNA4","Sema3a","Plxna4",0.223038461538462,0.776961538461538,"receptor",0.690672320233333,0.240403982866741,0.690672320233332,"Plxna4"
"SEMA3B-NRP1","Sema3b","Nrp1",0.962769230769231,0.962769230769231,"ligand",0.819167963654644,0.149030787736802,0.819167963654647,"Sema3b"
"SEMA3B-NRP2","Sema3b","Nrp2",0.957423076923077,0.957423076923077,"ligand",0.766540929874521,0.150968053436311,0.766540929874513,"Sema3b"
"SEMA3C-NRP1","Sema3c","Nrp1",0.545269230769231,0.545269230769231,"ligand",0.443722715714823,0.493044491826571,0.493044491826569,"Nrp1"
"SEMA3C-NRP2","Sema3c","Nrp2",0.499653846153846,0.500346153846154,"receptor",0.582295719067115,0.523638882005447,0.582295719067113,"Nrp2"
"SEMA3C-PLXND1","Sema3c","Plxnd1",0.481923076923077,0.518076923076923,"receptor",0.60756392105154,0.433752289994357,0.607563921051538,"Plxnd1"
"SEMA3D-NRP1","Sema3d","Nrp1",0.859576923076923,0.859576923076923,"ligand",0.644662752788945,0.26226397031316,0.644662752788951,"Sema3d"
"SEMA3E-NRP1","Sema3e","Nrp1",0.946615384615385,0.946615384615385,"ligand",0.68597011275698,0.111038536883741,0.685970112756981,"Sema3e"
"SEMA3E-PLXND1","Sema3e","Plxnd1",0.941538461538462,0.941538461538462,"ligand",0.666488507352761,0.169591857345974,0.666488507352762,"Sema3e"
"SEMA3F-NRP1","Sema3f","Nrp1",0.9325,0.9325,"ligand",0.726941177628762,0.237133739121263,0.726941177628755,"Sema3f"
"SEMA3F-NRP2","Sema3f","Nrp2",0.914153846153846,0.914153846153846,"ligand",0.697335784476627,0.234231197834646,0.697335784476626,"Sema3f"
"SEMA3F-PLXNA1","Sema3f","Plxna1",0.861,0.861,"ligand",0.57215695096545,0.324106158939957,0.572156950965451,"Sema3f"
"SEMA3F-PLXNA3","Sema3f","Plxna3",0.677346153846154,0.677346153846154,"ligand",0.389369263087895,0.327269250272979,0.494481060000065,"Gucy2c"
"SEMA3G-NRP2","Sema3g","Nrp2",0.992461538461539,0.992461538461539,"ligand",0.774677190663062,0.0620959746639228,0.774677190663064,"Sema3g"
"SEMA4A-PLXND1","Sema4a","Plxnd1",0.948961538461538,0.948961538461538,"ligand",0.645486748359294,0.0736523159165524,0.645486748359288,"Sema4a"
"SEMA4B-DCBLD2","Sema4b","Dcbld2",0.932076923076923,0.932076923076923,"ligand",0.687508274663738,0.199685896363594,0.687508274663736,"Sema4b"
"SEMA4C-PLXNB2","Sema4c","Plxnb2",0.987230769230769,0.987230769230769,"ligand",0.826708323351435,0.169720696152241,0.826708323351438,"Sema4c"
"SEMA4D-ERBB2","Sema4d","Erbb2",0.848923076923077,0.848923076923077,"ligand",0.533692312771974,0.236048666410735,0.533692312771976,"Sema4d"
"SEMA4D-MET","Sema4d","Met",0.613115384615385,0.613115384615385,"ligand",0.416924810389831,0.302028888202619,0.464354020630154,"Artn"
"SEMA4D-PLXNB1","Sema4d","Plxnb1",0.852846153846154,0.852846153846154,"ligand",0.584192482943413,0.260068591606304,0.584192482943413,"Sema4d"
"SEMA4D-PLXNB2","Sema4d","Plxnb2",0.975115384615385,0.975115384615385,"ligand",0.759153588579898,0.127182926580841,0.759153588579899,"Sema4d"
"SEMA4F-NRP2","Sema4f","Nrp2",0.979884615384615,0.979884615384615,"ligand",0.87951513863712,0.209576067877943,0.879515138637124,"Sema4f"
"SEMA4G-PLXNB2","Sema4g","Plxnb2",0.965038461538462,0.965038461538462,"ligand",0.984622747225307,0.00252540577572157,0.984622747225306,"Sema4g"
"SEMA5A-MET","Sema5a","Met",0.0700769230769231,0.929923076923077,"receptor",0.720370812431213,0.160471220829161,0.720370812431213,"Met"
"SEMA6A-PLXNA2","Sema6a","Plxna2",0.361884615384615,0.638115384615385,"receptor",0.63141675101782,0.501436772415207,0.631416751017817,"Plxna2"
"SEMA6A-PLXNA4","Sema6a","Plxna4",0.198653846153846,0.801346153846154,"receptor",0.693030346947378,0.307766099066808,0.693030346947376,"Plxna4"
"SEMA6D-KDR","Sema6d","Kdr",0.419384615384615,0.580615384615385,"receptor",0.596534064042545,0.239887746388755,0.596534064042547,"Kdr"
"SEMA6D-PLXNA1","Sema6d","Plxna1",0.200730769230769,0.799269230769231,"receptor",0.786071242849177,0.376511795039103,0.786071242849181,"Plxna1"
"SEMA6D-TREM2","Sema6d","Trem2",0.0162307692307692,0.983769230769231,"receptor",0.709654526454813,0.0639404890880515,0.709654526454811,"Trem2"
"SEMA6D-TYROBP","Sema6d","Tyrobp",0.5295,0.5295,"ligand",0.308756853221278,0.318027551258777,0.378316509017669,"Nmbr"
"SEMA7A-ITGA1","Sema7a","Itga1",0.939807692307692,0.939807692307692,"ligand",0.645886160416585,0.208237194658604,0.645886160416584,"Sema7a"
"SEMA7A-ITGB1","Sema7a","Itgb1",0.9985,0.9985,"ligand",0.931361743715155,0.0518487824949701,0.931361743715157,"Sema7a"
"SEMA7A-PLXNC1","Sema7a","Plxnc1",0.940615384615385,0.940615384615385,"ligand",0.694946345041954,0.281617502618971,0.694946345041953,"Sema7a"
"SERPINC1-GPC1","Serpinc1","Gpc1",0.793730769230769,0.793730769230769,"ligand",0.401426778726697,0.145119919855032,0.471459598084297,"Gcgr"
"SERPINC1-LRP1","Serpinc1","Lrp1",0.843038461538462,0.843038461538462,"ligand",0.656612218407386,-0.0150789387431207,0.680491117693173,"Mst1"
"SERPINC1-SDC2","Serpinc1","Sdc2",0.659038461538462,0.659038461538462,"ligand",0.180277405470199,0.256669112033712,0.395313864790197,"Pmch"
"SERPINE1-ITGAV","Serpine1","Itgav",0.999153846153846,0.999153846153846,"ligand",0.796578413064365,0.0780964488044394,0.796578413064366,"Serpine1"
"SERPINE1-ITGB5","Serpine1","Itgb5",0.998846153846154,0.998846153846154,"ligand",0.783675331137484,0.0758604335511392,0.783675331137486,"Serpine1"
"SERPINE1-LRP1","Serpine1","Lrp1",0.999692307692308,0.999692307692308,"ligand",0.921990222953492,0.0679568487332118,0.921990222953492,"Serpine1"
"SERPINE1-LRP2","Serpine1","Lrp2",0.929192307692308,0.929192307692308,"ligand",0.324122179828658,0.0325332831573392,0.43676558139738,"Ntsr1"
"SERPINE1-PLAUR","Serpine1","Plaur",0.909384615384615,0.909384615384615,"ligand",0.343695131299169,0.198383305859475,0.463397930633842,"Calcr"
"SERPINE2-LRP1","Serpine2","Lrp1",0.749384615384615,0.749384615384615,"ligand",0.737571976663144,0.493948954913491,0.73757197666314,"Serpine2"
"SERPING1-LRP1","Serping1","Lrp1",0.9145,0.9145,"ligand",0.858294717901078,0.424976243597186,0.858294717901081,"Serping1"
"SFRP1-FZD2","Sfrp1","Fzd2",0.470692307692308,0.529307692307692,"receptor",0.643693085669965,0.50983072363156,0.643693085669966,"Fzd2"
"SFRP1-FZD6","Sfrp1","Fzd6",0.0449230769230769,0.955076923076923,"receptor",0.72647165139867,0.185928136192811,0.726471651398672,"Fzd6"
"SFTPA1-TLR2","Sftpa1","Tlr2",0.929,0.929,"ligand",0.303817842978872,0.158888336429065,0.39153481422579,"Hmgb1"
"SHANK1-ABCA1","Shank1","Abca1",0.736038461538462,0.736038461538462,"ligand",0.510745540113973,0.520512506364384,0.593410131109201,"Nmbr"
"SHANK1-SSTR2","Shank1","Sstr2",0.00803846153846154,0.991961538461538,"receptor",0.772480275058032,0.269980407707065,0.772480275058036,"Sstr2"
"SHH-BOC","Shh","Boc",0.9835,0.9835,"ligand",0.888297369202651,0.0987798493071034,0.888297369202651,"Shh"
"SHH-CDON","Shh","Cdon",0.981153846153846,0.981153846153846,"ligand",0.866610155575631,-0.0452358127194495,0.86661015557563,"Shh"
"SHH-GPC5","Shh","Gpc5",0.916769230769231,0.916769230769231,"ligand",0.589607246143665,0.0762662575296827,0.589607246143664,"Shh"
"SHH-HHIP","Shh","Hhip",0.976846153846154,0.976846153846154,"ligand",0.86602171964817,0.412027113331434,0.866021719648174,"Shh"
"SHH-LRP2","Shh","Lrp2",0.801038461538462,0.801038461538462,"ligand",0.340900376198927,0.150995094139032,0.345135110172953,"Hmgb1"
"SHH-PTCH1","Shh","Ptch1",0.995769230769231,0.995769230769231,"ligand",0.961769809244765,0.390000176735105,0.961769809244763,"Shh"
"SHH-PTCH2","Shh","Ptch2",0.831692307692308,0.831692307692308,"ligand",0.490318296957455,0.297547834803127,0.490318296957456,"Shh"
"SHH-SMO","Shh","Smo",0.993307692307692,0.993307692307692,"ligand",0.955090954970717,0.199392031908841,0.955090954970718,"Shh"
"SLIT1-GPC1","Slit1","Gpc1",0.950653846153846,0.950653846153846,"ligand",0.707194307393016,0.243498255726147,0.707194307393022,"Slit1"
"SLIT1-ROBO1","Slit1","Robo1",0.975115384615385,0.975115384615385,"ligand",0.80672498050019,0.3087800759687,0.806724980500191,"Slit1"
"SLIT1-SDC1","Slit1","Sdc1",0.862692307692308,0.862692307692308,"ligand",0.563956412910066,0.122623501599802,0.563956412910067,"Slit1"
"SLIT2-DCC","Slit2","Dcc",0.238038461538462,0.761961538461538,"receptor",0.683485335847518,0.531612053279686,0.683485335847519,"Dcc"
"SLIT2-GPC1","Slit2","Gpc1",0.653730769230769,0.653730769230769,"ligand",0.436033790774315,0.501081145247982,0.531140829636805,"Nmbr"
"SLIT2-ROBO1","Slit2","Robo1",0.736615384615385,0.736615384615385,"ligand",0.654177028126095,0.562378758276679,0.654177028126095,"Slit2"
"SLIT2-ROBO2","Slit2","Robo2",0.664269230769231,0.664269230769231,"ligand",0.505187997253975,0.507682795529744,0.51593299108928,"Calm1"
"SLIT2-ROBO4","Slit2","Robo4",0.0377692307692308,0.962230769230769,"receptor",0.780010209383997,0.118523969440534,0.780010209383998,"Robo4"
"SLIT2-SDC1","Slit2","Sdc1",0.402461538461538,0.597538461538462,"receptor",0.548296910441046,0.299995718786739,0.548296910441041,"Sdc1"
"SLIT3-ROBO2","Slit3","Robo2",0.787846153846154,0.787846153846154,"ligand",0.637542972635121,0.288189033631746,0.637542972635127,"Slit3"
"SORBS1-INSR","Sorbs1","Insr",0.589653846153846,0.589653846153846,"ligand",0.510049164525524,0.573613720618548,0.573613720618548,"Insr"
"SORBS1-ITGA1","Sorbs1","Itga1",0.462730769230769,0.537269230769231,"receptor",0.540459746396575,0.41891579467475,0.540459746396574,"Itga1"
"SORBS1-ITGB5","Sorbs1","Itgb5",0.756192307692308,0.756192307692308,"ligand",0.570172227831312,0.331537706182445,0.570172227831312,"Sorbs1"
"SPINK1-EGFR","Spink1","Egfr",0.624961538461538,0.624961538461538,"ligand",0.137220635112581,0.190583628386596,0.257205352943646,"Agrp"
"SPINK1-NRSN1","Spink1","Nrsn1",0.172538461538462,0.827461538461538,"receptor",0.414181153495024,-0.150203835630451,0.486437641756541,"Tacr3"
"SPINT1-ST14","Spint1","St14",0.324538461538462,0.675461538461538,"receptor",0.560998921816914,0.659716147155584,0.659716147155585,"Spint1"
"SPON2-ITGAM","Spon2","Itgam",0.0386923076923077,0.961307692307692,"receptor",0.581098012268249,0.0635463876652709,0.581098012268248,"Itgam"
"SPON2-ITGB2","Spon2","Itgb2",0.0178461538461538,0.982153846153846,"receptor",0.92326628595187,0.0264669570205153,0.92326628595187,"Itgb2"
"SPP1-CD44","Spp1","Cd44",0.999923076923077,0.999923076923077,"ligand",0.927549686712021,0.0563141274551566,0.92754968671202,"Spp1"
"SPP1-ITGA4","Spp1","Itga4",0.887192307692308,0.887192307692308,"ligand",0.279711112260276,0.138192802442763,0.330261888460634,"Agrp"
"SPP1-ITGA5","Spp1","Itga5",0.778153846153846,0.778153846153846,"ligand",0.215612573676187,0.297649139156491,0.438719128126313,"Cxcr5"
"SPP1-ITGA9","Spp1","Itga9",0.982730769230769,0.982730769230769,"ligand",0.368601410929573,0.16127553338861,0.368601410929571,"Spp1"
"SPP1-ITGAV","Spp1","Itgav",0.961807692307692,0.961807692307692,"ligand",0.414479811738224,0.216656683032015,0.414479811738224,"Spp1"
"SPP1-ITGB1","Spp1","Itgb1",0.995692307692308,0.995692307692308,"ligand",0.492871048092376,0.149010187156831,0.492871048092381,"Spp1"
"SPP1-S1PR1","Spp1","S1pr1",0.779384615384615,0.779384615384615,"ligand",0.155872891826414,0.246247913325168,0.502514727026478,"Gucy2c"
"SST-SSTR2","Sst","Sstr2",0.0394230769230769,0.960576923076923,"receptor",0.677159657771067,0.279345035941246,0.677159657771069,"Sstr2"
"SYTL3-NRXN1","Sytl3","Nrxn1",0.993423076923077,0.993423076923077,"ligand",0.964786237810867,-0.0114813698150997,0.964786237810877,"Sytl3"
"TAC1-TACR1","Tac1","Tacr1",0.0690384615384615,0.930961538461539,"receptor",0.719348541449256,0.361826829033368,0.719348541449257,"Tacr1"
"TAC1-TACR3","Tac1","Tacr3",0.840038461538462,0.840038461538462,"ligand",0.596885183652084,0.788244257772834,0.834660425332477,"Gpr162"
"TCN2-CNR1","Tcn2","Cnr1",0.393846153846154,0.606153846153846,"receptor",0.309999238316455,0.360986349966521,0.445808025712122,"Nmbr"
"TCN2-LRP2","Tcn2","Lrp2",0.0314615384615385,0.968538461538462,"receptor",0.605115480132125,0.154491271377027,0.605115480132121,"Lrp2"
"TCTN1-TMEM67","Tctn1","Tmem67",0.750692307692308,0.750692307692308,"ligand",0.421911193842672,0.313154093942196,0.427874485539422,"Ntsr1"
"TFPI-F3","Tfpi","F3",0.0201538461538462,0.979846153846154,"receptor",0.604396181258364,0.120926438268694,0.604396181258364,"F3"
"TFPI-LRP1","Tfpi","Lrp1",0.883269230769231,0.883269230769231,"ligand",0.83960377332244,0.452530711652155,0.839603773322439,"Tfpi"
"TFPI-SDC4","Tfpi","Sdc4",0.342961538461538,0.657038461538461,"receptor",0.457022613487982,0.377557358987411,0.45702261348798,"Sdc4"
"TFPI-VLDLR","Tfpi","Vldlr",0.195346153846154,0.804653846153846,"receptor",0.638845162354701,0.295759133965437,0.6388451623547,"Vldlr"
"TG-ASGR1","Tg","Asgr1",0.197769230769231,0.802230769230769,"receptor",0.76587977595848,0.860075137802131,0.860075137802123,"Tg"
"TG-LRP2","Tg","Lrp2",0.449961538461538,0.550038461538461,"receptor",0.334075345127638,0.544388194909847,0.544388194909845,"Tg"
"TGFA-EGFR","Tgfa","Egfr",0.909269230769231,0.909269230769231,"ligand",0.611979151156746,0.110567350113031,0.611979151156746,"Tgfa"
"TGFA-ERBB2","Tgfa","Erbb2",0.894846153846154,0.894846153846154,"ligand",0.605284393406004,0.117815878354907,0.605284393406007,"Tgfa"
"TGFA-ERBB3","Tgfa","Erbb3",0.783961538461538,0.783961538461538,"ligand",0.450390244454823,0.177031810811394,0.450390244454823,"Tgfa"
"TGFA-ERBB4","Tgfa","Erbb4",0.937153846153846,0.937153846153846,"ligand",0.866609599911546,0.185043528347123,0.866609599911543,"Tgfa"
"TGFB1-ACVRL1","Tgfb1","Acvrl1",0.927923076923077,0.927923076923077,"ligand",0.830641789681688,0.229057713222919,0.830641789681693,"Tgfb1"
"TGFB1-CAV1","Tgfb1","Cav1",0.999346153846154,0.999346153846154,"ligand",0.985585922411634,0.187671573443383,0.985585922411633,"Tgfb1"
"TGFB1-CD109","Tgfb1","Cd109",0.887384615384615,0.887384615384615,"ligand",0.752581164671732,0.189420153527725,0.752581164671725,"Tgfb1"
"TGFB1-CXCR4","Tgfb1","Cxcr4",0.280423076923077,0.719576923076923,"receptor",0.987145883433913,0.373297547672339,0.987145883433913,"Cxcr4"
"TGFB1-ENG","Tgfb1","Eng",0.984038461538462,0.984038461538462,"ligand",0.938209748636945,0.187119670551701,0.938209748636942,"Tgfb1"
"TGFB1-ITGAV","Tgfb1","Itgav",0.997269230769231,0.997269230769231,"ligand",0.94808966834202,0.165853592911699,0.948089668342021,"Tgfb1"
"TGFB1-ITGB6","Tgfb1","Itgb6",0.168576923076923,0.831423076923077,"receptor",0.332412108200486,0.270550651093502,0.542113998144181,"Agrp"
"TGFB1-ITGB8","Tgfb1","Itgb8",0.803538461538462,0.803538461538462,"ligand",0.651852079775946,0.16882297761362,0.651852079775952,"Tgfb1"
"TGFB1-SDC2","Tgfb1","Sdc2",0.995076923076923,0.995076923076923,"ligand",0.950476422520405,0.17101563906519,0.950476422520398,"Tgfb1"
"TGFB1-TGFBR1","Tgfb1","Tgfbr1",0.997461538461539,0.997461538461539,"ligand",0.979841890603924,0.170839053488896,0.979841890603927,"Tgfb1"
"TGFB1-TGFBR2","Tgfb1","Tgfbr2",0.997384615384615,0.997384615384615,"ligand",0.957663154932515,0.224677773337585,0.957663154932512,"Tgfb1"
"TGFB1-TGFBR3","Tgfb1","Tgfbr3",0.991192307692308,0.991192307692308,"ligand",0.937880959088064,0.20466878115199,0.937880959088059,"Tgfb1"
"TGFB2-ACVR1","Tgfb2","Acvr1",0.321961538461538,0.678038461538462,"receptor",0.696968972247154,0.386313081934034,0.696968972247158,"Acvr1"
"TGFB2-ENG","Tgfb2","Eng",0.270846153846154,0.729153846153846,"receptor",0.628023900000794,0.379770578655766,0.628023900000798,"Eng"
"TGFB2-TGFBR1","Tgfb2","Tgfbr1",0.565307692307692,0.565307692307692,"ligand",0.551132302221891,0.508496283309855,0.551132302221893,"Tgfb2"
"TGFB2-TGFBR2","Tgfb2","Tgfbr2",0.580923076923077,0.580923076923077,"ligand",0.596118505050356,0.639150507689063,0.639150507689066,"Tgfbr2"
"TGFB2-TGFBR3","Tgfb2","Tgfbr3",0.391730769230769,0.608269230769231,"receptor",0.633656961836922,0.43206193174975,0.633656961836924,"Tgfbr3"
"TGFB3-ACVRL1","Tgfb3","Acvrl1",0.210346153846154,0.789653846153846,"receptor",0.71075898023776,0.354863775004681,0.710758980237759,"Acvrl1"
"TGFB3-ENG","Tgfb3","Eng",0.473576923076923,0.526423076923077,"receptor",0.532604672850191,0.473963815424436,0.532604672850196,"Eng"
"TGFB3-TGFBR1","Tgfb3","Tgfbr1",0.699884615384615,0.699884615384615,"ligand",0.641849119721106,0.447540317772539,0.6418491197211,"Tgfb3"
"TGFB3-TGFBR2","Tgfb3","Tgfbr2",0.747,0.747,"ligand",0.75419109855341,0.655107881404962,0.75419109855341,"Tgfb3"
"TGFB3-TGFBR3","Tgfb3","Tgfbr3",0.567730769230769,0.567730769230769,"ligand",0.560891579851505,0.569808150997498,0.569808150997498,"Tgfbr3"
"TGM2-ITGA4","Tgm2","Itga4",0.477115384615385,0.522884615384615,"receptor",0.288254784227997,0.295362342421771,0.29536234242177,"Tgm2"
"TGM2-ITGA9","Tgm2","Itga9",0.740076923076923,0.740076923076923,"ligand",0.648432618643958,0.305568909202544,0.64843261864396,"Tgm2"
"TGM2-ITGB1","Tgm2","Itgb1",0.962961538461538,0.962961538461538,"ligand",0.955014777541057,0.329172833494086,0.955014777541056,"Tgm2"
"TGM2-ITGB3","Tgm2","Itgb3",0.0633461538461538,0.936653846153846,"receptor",0.616924525744216,0.168804330831471,0.616924525744215,"Itgb3"
"TGM2-SDC4","Tgm2","Sdc4",0.408423076923077,0.591576923076923,"receptor",0.480937490672247,0.284380150246679,0.480937490672248,"Sdc4"
"TGM2-TBXA2R","Tgm2","Tbxa2r",0.0295,0.9705,"receptor",0.782785115420819,0.123065852900772,0.782785115420817,"Tbxa2r"
"THBS1-CD36","Thbs1","Cd36",0.382846153846154,0.617153846153846,"receptor",0.368716655744835,0.182558310098179,0.376664271323839,"Agrp"
"THBS1-CD47","Thbs1","Cd47",0.822730769230769,0.822730769230769,"ligand",0.656994267876693,0.241002166062056,0.656994267876695,"Thbs1"
"THBS1-ITGA2B","Thbs1","Itga2b",0.126076923076923,0.873923076923077,"receptor",0.791014583789813,0.244940623607738,0.791014583789816,"Itga2b"
"THBS1-ITGA3","Thbs1","Itga3",0.0682307692307692,0.931769230769231,"receptor",0.603573104974744,0.227919401399447,0.603573104974748,"Itga3"
"THBS1-ITGA4","Thbs1","Itga4",0.479653846153846,0.520346153846154,"receptor",0.330517235928739,0.360560319178204,0.360560319178204,"Thbs1"
"THBS1-ITGA6","Thbs1","Itga6",0.465230769230769,0.534769230769231,"receptor",0.546020689284499,0.435967954056872,0.5460206892845,"Itga6"
"THBS1-ITGB1","Thbs1","Itgb1",0.945,0.945,"ligand",0.817766690060988,0.348695900682947,0.817766690060995,"Thbs1"
"THBS1-ITGB3","Thbs1","Itgb3",0.0693846153846154,0.930615384615385,"receptor",0.769805923211256,0.192211923071518,0.769805923211252,"Itgb3"
"THBS1-LRP1","Thbs1","Lrp1",0.865923076923077,0.865923076923077,"ligand",0.693686570390391,0.339160499816123,0.693686570390393,"Thbs1"
"THBS1-LRP5","Thbs1","Lrp5",0.238769230769231,0.761230769230769,"receptor",0.691553139236157,0.289681080687244,0.691553139236158,"Lrp5"
"THBS1-SCARB1","Thbs1","Scarb1",0.317461538461538,0.682538461538462,"receptor",0.528132631665995,0.282186471554311,0.528132631665998,"Scarb1"
"THBS1-SDC1","Thbs1","Sdc1",0.513384615384615,0.513384615384615,"ligand",0.499483728055201,0.609503710811485,0.609503710811485,"Sdc1"
"THBS1-SDC4","Thbs1","Sdc4",0.375615384615385,0.624384615384615,"receptor",0.730797705139555,0.527286953160669,0.730797705139554,"Sdc4"
"THBS1-TNFRSF11B","Thbs1","Tnfrsf11b",0.0306153846153846,0.969384615384615,"receptor",0.68374537702032,0.0295908261508408,0.683745377020326,"Tnfrsf11b"
"THBS2-CD47","Thbs2","Cd47",0.668423076923077,0.668423076923077,"ligand",0.621560707043868,0.321278671048064,0.63553499414547,"Col1a1"
"THBS2-ITGA4","Thbs2","Itga4",0.329923076923077,0.670076923076923,"receptor",0.501002162057138,0.228998653175095,0.501002162057138,"Itga4"
"THBS2-ITGA6","Thbs2","Itga6",0.306846153846154,0.693153846153846,"receptor",0.621357595576085,0.316517920935961,0.621357595576085,"Itga6"
"THBS2-ITGB1","Thbs2","Itgb1",0.909423076923077,0.909423076923077,"ligand",0.850264823993631,0.483964636324949,0.850264823993632,"Thbs2"
"THBS2-NOTCH3","Thbs2","Notch3",0.222769230769231,0.777230769230769,"receptor",0.675942271208462,0.29497225069481,0.675942271208467,"Notch3"
"THBS2-NOTCH4","Thbs2","Notch4",0.0338461538461538,0.966153846153846,"receptor",0.759228990243783,0.105186011947055,0.759228990243783,"Notch4"
"TIMP1-CD63","Timp1","Cd63",0.998384615384615,0.998384615384615,"ligand",0.991202767964914,0.337322827181341,0.991202767964912,"Timp1"
"TIMP2-ITGA3","Timp2","Itga3",0.00934615384615385,0.990653846153846,"receptor",0.812135660459238,0.0664850085785496,0.812135660459233,"Itga3"
"TIMP2-ITGB1","Timp2","Itgb1",0.851038461538462,0.851038461538462,"ligand",0.873796883818769,0.545249725858093,0.873796883818765,"Timp2"
"TIMP3-AGTR2","Timp3","Agtr2",0.919538461538462,0.919538461538462,"ligand",0.758111689908335,0.189301473252743,0.75811168990834,"Timp3"
"TIMP3-KDR","Timp3","Kdr",0.910230769230769,0.910230769230769,"ligand",0.672488971126265,0.271409971735726,0.672488971126265,"Timp3"
"TNC-CNTN1","Tnc","Cntn1",0.0930384615384615,0.906961538461538,"receptor",0.828088539572668,0.362717838329913,0.828088539572671,"Cntn1"
"TNC-EGFR","Tnc","Egfr",0.181846153846154,0.818153846153846,"receptor",0.654603536502518,0.249711748202715,0.654603536502517,"Egfr"
"TNC-ITGA2","Tnc","Itga2",0.0246153846153846,0.975384615384615,"receptor",0.75608087396875,0.0959657851732408,0.75608087396875,"Itga2"
"TNC-ITGA5","Tnc","Itga5",0.0656153846153846,0.934384615384615,"receptor",0.799500189971518,0.153284105446511,0.799500189971514,"Itga5"
"TNC-ITGA7","Tnc","Itga7",0.0352692307692308,0.964730769230769,"receptor",0.797981632031539,0.109026789882859,0.797981632031534,"Itga7"
"TNC-ITGA8","Tnc","Itga8",0.0950384615384615,0.904961538461538,"receptor",0.660542621995714,0.111719211636197,0.660542621995711,"Itga8"
"TNC-ITGA9","Tnc","Itga9",0.505423076923077,0.505423076923077,"ligand",0.413421616032652,0.623955133968803,0.623955133968799,"Itga9"
"TNC-ITGAV","Tnc","Itgav",0.278576923076923,0.721423076923077,"receptor",0.658973849703625,0.327531928724977,0.658973849703627,"Itgav"
"TNC-ITGB1","Tnc","Itgb1",0.847807692307692,0.847807692307692,"ligand",0.729858954726816,0.334955391209519,0.729858954726819,"Tnc"
"TNC-NT5E","Tnc","Nt5e",0.00638461538461538,0.993615384615385,"receptor",0.859081240013281,0.0676976333498777,0.859081240013286,"Nt5e"
"TNC-PTPRB","Tnc","Ptprb",0.0552692307692308,0.944730769230769,"receptor",0.711717357530149,0.0772961428505488,0.711717357530149,"Ptprb"
"TNC-PTPRZ1","Tnc","Ptprz1",0.156615384615385,0.843384615384615,"receptor",0.841910581488887,0.503037543680456,0.841910581488886,"Ptprz1"
"TNC-SDC1","Tnc","Sdc1",0.233192307692308,0.766807692307692,"receptor",0.689726321990283,0.301571930917504,0.689726321990281,"Sdc1"
"TNC-SDC4","Tnc","Sdc4",0.167230769230769,0.832769230769231,"receptor",0.708235379333358,0.203039764217253,0.708235379333357,"Sdc4"
"TNFSF10-TNFRSF10B","Tnfsf10","Tnfrsf10b",0.947153846153846,0.947153846153846,"ligand",0.850345588023541,0.110875841762441,0.85034558802354,"Tnfsf10"
"TNFSF10-TNFRSF11B","Tnfsf10","Tnfrsf11b",0.936230769230769,0.936230769230769,"ligand",0.829084070393353,0.120039444458239,0.829084070393351,"Tnfsf10"
"TNFSF12-TNFRSF12A","Tnfsf12","Tnfrsf12a",0.678346153846154,0.678346153846154,"ligand",0.376349696219965,0.314615570087402,0.414324799402701,"Uba52"
"TNFSF13B-TNFRSF13B","Tnfsf13b","Tnfrsf13b",0.888153846153846,0.888153846153846,"ligand",0.310577650289288,0.090455600573699,0.49284921792289,"Ntsr1"
"TNFSF9-TRAF2","Tnfsf9","Traf2",0.992576923076923,0.992576923076923,"ligand",0.880064410709134,0.0548021464951317,0.880064410709127,"Tnfsf9"
"TSLP-IL7R","Tslp","Il7r",0.0649230769230769,0.935076923076923,"receptor",0.477948189090067,0.116819904402187,0.47794818909006,"Il7r"
"UBA52-ACVR1","Uba52","Acvr1",0,1,"receptor",1,0.290393473203041,0.999999999999995,"Acvr1"
"UBA52-BMPR1B","Uba52","Bmpr1b",7.69230769230769e-05,0.999923076923077,"receptor",0.999912511993004,0.19081841332483,0.999912511992997,"Bmpr1b"
"UBA52-EGFR","Uba52","Egfr",0,1,"receptor",1,0.234724200763547,1,"Egfr"
"UBA52-ERBB2","Uba52","Erbb2",0,1,"receptor",1,0.277867038322682,1,"Erbb2"
"UBA52-FSHR","Uba52","Fshr",0,1,"receptor",1,0.858005210002888,0.999999999999996,"Fshr"
"UBA52-NOTCH1","Uba52","Notch1",0,1,"receptor",1,0.32627580421213,0.999999999999999,"Notch1"
"UBA52-TGFBR1","Uba52","Tgfbr1",0,1,"receptor",1,0.336485402007684,0.999999999999996,"Tgfbr1"
"UBA52-TGFBR2","Uba52","Tgfbr2",0,1,"receptor",1,0.360032907526253,1,"Tgfbr2"
"VCAM1-ITGA4","Vcam1","Itga4",0.342730769230769,0.657269230769231,"receptor",0.465011318701642,0.336472228080179,0.465011318701644,"Itga4"
"VCAM1-ITGA9","Vcam1","Itga9",0.691961538461539,0.691961538461539,"ligand",0.579971105840702,0.488622662265484,0.579971105840702,"Vcam1"
"VCAM1-ITGAD","Vcam1","Itgad",0,1,"receptor",1,0.201256416594019,0.999999999999996,"Itgad"
"VCAM1-ITGB1","Vcam1","Itgb1",0.936230769230769,0.936230769230769,"ligand",0.854060919492237,0.327783497057625,0.854060919492237,"Vcam1"
"VCAM1-ITGB2","Vcam1","Itgb2",0.00123076923076923,0.998769230769231,"receptor",0.936437107291902,0.0661059622775633,0.936437107291896,"Itgb2"
"VCAN-CD44","Vcan","Cd44",0.999961538461538,0.999961538461538,"ligand",0.999981613875115,0.45553794491748,0.999981613875124,"Vcan"
"VCAN-EGFR","Vcan","Egfr",0.0833846153846154,0.916615384615385,"receptor",0.786965256162317,0.380057459392609,0.786965256162318,"Egfr"
"VCAN-ITGA4","Vcan","Itga4",0.175384615384615,0.824615384615385,"receptor",0.717614446176547,0.347415334663906,0.717614446176554,"Itga4"
"VCAN-ITGB1","Vcan","Itgb1",0.779461538461538,0.779461538461538,"ligand",0.831371079915435,0.665713314281437,0.831371079915427,"Vcan"
"VCAN-SELL","Vcan","Sell",0.0234230769230769,0.976576923076923,"receptor",0.686905069084932,-0.0466751800201146,0.686905069084936,"Sell"
"VCAN-TLR1","Vcan","Tlr1",0,1,"receptor",1,0.385911030012058,1,"Tlr1"
"VCAN-TLR2","Vcan","Tlr2",0.00134615384615385,0.998653846153846,"receptor",0.919476580824789,0.10707881560522,0.919476580824791,"Tlr2"
"VEGFA-EGFR","Vegfa","Egfr",0.498,0.502,"receptor",0.385622089005855,0.450435943225536,0.481334469863745,"Rps19"
"VEGFA-EPHB2","Vegfa","Ephb2",0.534538461538462,0.534538461538462,"ligand",0.460836456712678,0.417531951259375,0.508080738407991,"Nmbr"
"VEGFA-FLT1","Vegfa","Flt1",0.249884615384615,0.750115384615385,"receptor",0.507764291367687,0.419440020332693,0.507764291367691,"Flt1"
"VEGFA-GPC1","Vegfa","Gpc1",0.862,0.862,"ligand",0.708402684956438,0.364111798327879,0.708402684956441,"Vegfa"
"VEGFA-ITGA9","Vegfa","Itga9",0.882692307692308,0.882692307692308,"ligand",0.742994203757793,0.39431697739746,0.742994203757798,"Vegfa"
"VEGFA-ITGAV","Vegfa","Itgav",0.744269230769231,0.744269230769231,"ligand",0.615460011153084,0.401245547410949,0.615460011153087,"Vegfa"
"VEGFA-ITGB1","Vegfa","Itgb1",0.988730769230769,0.988730769230769,"ligand",0.944783572309492,0.326075384912402,0.944783572309484,"Vegfa"
"VEGFA-KDR","Vegfa","Kdr",0.684230769230769,0.684230769230769,"ligand",0.621692829437864,0.416518158507727,0.621692829437863,"Vegfa"
"VEGFA-NRP1","Vegfa","Nrp1",0.750461538461539,0.750461538461539,"ligand",0.722310764666123,0.369598602750366,0.722310764666125,"Vegfa"
"VEGFA-NRP2","Vegfa","Nrp2",0.684769230769231,0.684769230769231,"ligand",0.574162532228264,0.318161097922198,0.574162532228265,"Vegfa"
"VEGFA-RET","Vegfa","Ret",0.0918076923076923,0.908192307692308,"receptor",0.611978382156445,0.204329262881313,0.611978382156448,"Ret"
"VEGFA-SIRPA","Vegfa","Sirpa",0.481884615384615,0.518115384615385,"receptor",0.472240767616911,0.385511405062538,0.472240767616916,"Sirpa"
"VEGFA-TYRO3","Vegfa","Tyro3",0.119307692307692,0.880692307692308,"receptor",0.582408414074127,0.261049740586151,0.582408414074123,"Tyro3"
"VEGFB-FLT1","Vegfb","Flt1",0.0950384615384615,0.904961538461538,"receptor",0.664149802159123,0.228325843178517,0.66414980215912,"Flt1"
"VEGFB-NRP1","Vegfb","Nrp1",0.3935,0.6065,"receptor",0.511284056682511,0.561688217964502,0.561688217964502,"Vegfb"
"VEGFB-RET","Vegfb","Ret",0.0223461538461538,0.977653846153846,"receptor",0.86134359302669,0.286022103079689,0.86134359302669,"Ret"
"VEGFB-TYRO3","Vegfb","Tyro3",0.0314615384615385,0.968538461538462,"receptor",0.759921234184925,0.203259902016528,0.759921234184932,"Tyro3"
"VEGFC-FLT1","Vegfc","Flt1",0.725653846153846,0.725653846153846,"ligand",0.550822860813161,0.390251791822212,0.550822860813161,"Vegfc"
"VEGFC-FLT4","Vegfc","Flt4",0.214615384615385,0.785384615384615,"receptor",0.445680452300103,0.23114803376796,0.445680452300103,"Flt4"
"VEGFC-ITGA9","Vegfc","Itga9",0.955461538461538,0.955461538461538,"ligand",0.731160660877813,0.222066092606145,0.731160660877812,"Vegfc"
"VEGFC-ITGB1","Vegfc","Itgb1",0.993576923076923,0.993576923076923,"ligand",0.946157868969527,0.23134031965739,0.946157868969525,"Vegfc"
"VEGFC-KDR","Vegfc","Kdr",0.905038461538462,0.905038461538462,"ligand",0.733205814329276,0.33216630427114,0.733205814329271,"Vegfc"
"VEGFC-LYVE1","Vegfc","Lyve1",0.415346153846154,0.584653846153846,"receptor",0.241240218009964,0.401616912523553,0.401616912523553,"Vegfc"
"VEGFC-NRP2","Vegfc","Nrp2",0.907653846153846,0.907653846153846,"ligand",0.65278295025866,0.255938596002587,0.652782950258659,"Vegfc"
"VEGFC-VIPR2","Vegfc","Vipr2",0.0753846153846154,0.924615384615385,"receptor",0.468387458296001,0.18644915979666,0.468387458296001,"Vipr2"
"VIM-CD44","Vim","Cd44",0.969615384615385,0.969615384615385,"ligand",0.987224345548588,0.523135190865024,0.987224345548586,"Vim"
"VIP-ADCYAP1R1","Vip","Adcyap1r1",0.991153846153846,0.991153846153846,"ligand",0.370700910335271,0.0968567897059101,0.370700910335267,"Vip"
"VIP-NPR3","Vip","Npr3",0.984576923076923,0.984576923076923,"ligand",0.401866586610278,0.0929013298466701,0.401866586610276,"Vip"
"VIP-VIPR1","Vip","Vipr1",0.440769230769231,0.559230769230769,"receptor",0.301826688102808,0.0955926937442581,0.55521231721946,"Calcr"
"VIP-VIPR2","Vip","Vipr2",0.916615384615385,0.916615384615385,"ligand",0.176819006171881,0.101171403513494,0.403939912607241,"Uba52"
"VTN-CD47","Vtn","Cd47",0.806884615384615,0.806884615384615,"ligand",0.772201235330468,0.367030357553497,0.77220123533047,"Vtn"
"VTN-ITGA2B","Vtn","Itga2b",0.0754230769230769,0.924576923076923,"receptor",0.798226251076242,0.254914155409843,0.798226251076243,"Itga2b"
"VTN-ITGA3","Vtn","Itga3",0.0584230769230769,0.941576923076923,"receptor",0.624616034937102,-0.0569945399920862,0.624616034937102,"Itga3"
"VTN-ITGA5","Vtn","Itga5",0.210615384615385,0.789384615384615,"receptor",0.553223214217344,-0.0490428138032567,0.553223214217343,"Itga5"
"VTN-ITGA8","Vtn","Itga8",0.218,0.782,"receptor",0.428081271215821,0.12004306542427,0.428081271215821,"Itga8"
"VTN-ITGAV","Vtn","Itgav",0.589230769230769,0.589230769230769,"ligand",0.268530113845059,0.342767231691541,0.402205322322322,"Apod"
"VTN-ITGB1","Vtn","Itgb1",0.851461538461538,0.851461538461538,"ligand",0.768468796771058,0.014496525114416,0.768468796771055,"Vtn"
"VTN-ITGB3","Vtn","Itgb3",0.0562307692307692,0.943769230769231,"receptor",0.718136417527812,0.179441781288301,0.718136417527809,"Itgb3"
"VTN-ITGB5","Vtn","Itgb5",0.650576923076923,0.650576923076923,"ligand",0.39509408897559,0.297342716700713,0.475819223219085,"Gjb2"
"VTN-ITGB6","Vtn","Itgb6",0.0375769230769231,0.962423076923077,"receptor",0.564429384918788,-0.0587207770570883,0.564429384918788,"Itgb6"
"VTN-ITGB8","Vtn","Itgb8",0.110230769230769,0.889769230769231,"receptor",0.535351519877031,0.030685304603896,0.535351519877032,"Itgb8"
"VTN-KDR","Vtn","Kdr",0.533576923076923,0.533576923076923,"ligand",0.365962277708893,0.367281890195419,0.397400546800049,"Apod"
"VTN-PLAUR","Vtn","Plaur",0.0116538461538462,0.988346153846154,"receptor",0.693796056525987,-0.140167764229347,0.693796056525989,"Plaur"
"VTN-PVR","Vtn","Pvr",0.0453076923076923,0.954692307692308,"receptor",0.651679162266735,-0.0696819731838123,0.651679162266734,"Pvr"
"VTN-TNFRSF11B","Vtn","Tnfrsf11b",0.0278076923076923,0.972192307692308,"receptor",0.720595951028274,-0.000769550769678449,0.720595951028272,"Tnfrsf11b"
"VWF-GP1BA","Vwf","Gp1ba",0.0332307692307692,0.966769230769231,"receptor",0.642599866285423,0.172996073023667,0.642599866285424,"Gp1ba"
"VWF-ITGA2B","Vwf","Itga2b",0.617653846153846,0.617653846153846,"ligand",0.332674029653697,0.507554294849354,0.507554294849355,"Itga2b"
"VWF-SIRPA","Vwf","Sirpa",0.848961538461538,0.848961538461538,"ligand",0.47395402275793,0.193180798043706,0.473954022757928,"Vwf"
"VWF-TNFRSF11B","Vwf","Tnfrsf11b",0.144538461538462,0.855461538461538,"receptor",0.47412287630869,0.131030043464335,0.474122876308692,"Tnfrsf11b"
"WNT2-FZD1","Wnt2","Fzd1",0.909807692307692,0.909807692307692,"ligand",0.721888783015895,0.402958599816303,0.721888783015897,"Wnt2"
"WNT2-FZD5","Wnt2","Fzd5",0.618615384615385,0.618615384615385,"ligand",0.281856868682058,0.313726058868371,0.31372605886837,"Fzd5"
"WNT2-FZD8","Wnt2","Fzd8",0.807538461538462,0.807538461538462,"ligand",0.39583424248123,0.189297433818059,0.39583424248123,"Wnt2"
"WNT2-FZD9","Wnt2","Fzd9",0.762576923076923,0.762576923076923,"ligand",0.299699725088808,0.202158837595152,0.299699725088808,"Wnt2"
"WNT2-LRP6","Wnt2","Lrp6",0.943653846153846,0.943653846153846,"ligand",0.784388095825125,0.215632130408135,0.784388095825122,"Wnt2"
"WNT3-FZD1","Wnt3","Fzd1",0.997653846153846,0.997653846153846,"ligand",0.68320835930512,0.000818343450274833,0.683208359305121,"Wnt3"
"WNT3-FZD5","Wnt3","Fzd5",0.976461538461538,0.976461538461538,"ligand",0.440789749617711,0.0148999523251816,0.574716694021275,"Wnt7a"
"WNT3-FZD8","Wnt3","Fzd8",0.992538461538462,0.992538461538462,"ligand",0.563292512132621,-0.00363179957863197,0.563292512132623,"Wnt3"
"WNT3-LRP6","Wnt3","Lrp6",0.999538461538461,0.999538461538461,"ligand",0.835723337313715,0.0349387775383769,0.835723337313722,"Wnt3"
"WNT3-RYK","Wnt3","Ryk",0.9995,0.9995,"ligand",0.904042279072292,0.0123676024571189,0.90404227907229,"Wnt3"
"WNT4-FZD2","Wnt4","Fzd2",0.953692307692308,0.953692307692308,"ligand",0.748450321528295,0.266857174839121,0.748450321528292,"Wnt4"
"WNT4-FZD6","Wnt4","Fzd6",0.699461538461538,0.699461538461538,"ligand",0.536605242649182,0.474630948629505,0.536605242649181,"Wnt4"
"WNT5A-FZD1","Wnt5a","Fzd1",0.594730769230769,0.594730769230769,"ligand",0.580471353778923,0.491828918793303,0.580471353778921,"Wnt5a"
"WNT5A-FZD2","Wnt5a","Fzd2",0.749692307692308,0.749692307692308,"ligand",0.685058931105838,0.518665979931923,0.685058931105836,"Wnt5a"
"WNT5A-FZD4","Wnt5a","Fzd4",0.233192307692308,0.766807692307692,"receptor",0.640130492317961,0.384254832348443,0.640130492317963,"Fzd4"
"WNT5A-FZD5","Wnt5a","Fzd5",0.0498846153846154,0.950115384615385,"receptor",0.605251690977195,0.159272599100356,0.605251690977201,"Fzd5"
"WNT5A-FZD6","Wnt5a","Fzd6",0.0957692307692308,0.904230769230769,"receptor",0.651406333802383,0.253923139279735,0.651406333802374,"Fzd6"
"WNT5A-FZD8","Wnt5a","Fzd8",0.188153846153846,0.811846153846154,"receptor",0.690454316286803,0.366691215787075,0.690454316286807,"Fzd8"
"WNT5A-LRP5","Wnt5a","Lrp5",0.252153846153846,0.747846153846154,"receptor",0.63994362091033,0.357099119515951,0.639943620910327,"Lrp5"
"WNT5A-MCAM","Wnt5a","Mcam",0.652115384615385,0.652115384615385,"ligand",0.568921731301551,0.351328902508025,0.568921731301549,"Wnt5a"
"WNT5A-ROR1","Wnt5a","Ror1",0.595653846153846,0.595653846153846,"ligand",0.593469460732526,0.40225813641051,0.593469460732524,"Wnt5a"
"WNT5A-ROR2","Wnt5a","Ror2",0.401115384615385,0.598884615384615,"receptor",0.587549198504541,0.467289325758281,0.587549198504542,"Ror2"
"WNT5A-RYK","Wnt5a","Ryk",0.766692307692308,0.766692307692308,"ligand",0.624794086188134,0.427180849977916,0.624794086188139,"Wnt5a"
"WNT7A-FZD10","Wnt7a","Fzd10",0.512807692307692,0.512807692307692,"ligand",0.736743006117928,0.270057352807876,0.736743006117924,"Wnt7a"
"WNT7A-FZD5","Wnt7a","Fzd5",0.805153846153846,0.805153846153846,"ligand",0.846881410365961,0.0217861119588157,0.846881410365958,"Wnt7a"
"WNT7A-FZD9","Wnt7a","Fzd9",0.945653846153846,0.945653846153846,"ligand",0.973211650061057,0.0798366112192873,0.973211650061055,"Wnt7a"
"WNT7A-LRP6","Wnt7a","Lrp6",1,1,"ligand",1,0.105072116666201,1,"Wnt7a"
"WNT7B-FZD1","Wnt7b","Fzd1",0.931346153846154,0.931346153846154,"ligand",0.660493018346929,0.236790242424033,0.660493018346931,"Wnt7b"
"WNT7B-FZD10","Wnt7b","Fzd10",0.0841538461538461,0.915846153846154,"receptor",0.383830856574682,0.185134999625416,0.453013132398357,"Nmbr"
"WNT7B-LRP5","Wnt7b","Lrp5",0.8195,0.8195,"ligand",0.523956418376755,0.258357478804816,0.523956418376757,"Wnt7b"
