x,y,annotation
15025,11525,Spinal cord
15075,11525,Spinal cord
15125,11525,Spinal cord
15175,11525,Spinal cord
15225,11525,Spinal cord
15275,11525,Spinal cord
15325,11525,Spinal cord
15375,11525,Spinal cord
15425,11525,Spinal cord
15475,11525,Spinal cord
15525,11525,Spinal cord
15575,11525,Spinal cord
15625,11525,Spinal cord
15675,11525,Spinal cord
15725,11525,Spinal cord
15775,11525,Spinal cord
15825,11525,Spinal cord
15875,11525,Spinal cord
15925,11525,Spinal cord
15975,11525,Spinal cord
16025,11525,Spinal cord
16075,11525,Spinal cord
16125,11525,Meninges
16175,11525,Meninges
16225,11525,Meninges
16275,11525,Meninges
16325,11525,Meninges
16375,11525,Meninges
16425,11525,Meninges
16475,11525,Meninges
16525,11525,Meninges
16575,11525,Meninges
16625,11525,Meninges
16675,11525,Meninges
16725,11525,Meninges
16775,11525,Meninges
16825,11525,Meninges
16875,11525,Meninges
16925,11525,Meninges
16975,11525,Meninges
17025,11525,Meninges
17075,11525,Meninges
17125,11525,Meninges
17175,11525,Meninges
17225,11525,Meninges
17275,11525,Meninges
17325,11525,Meninges
17375,11525,Meninges
17425,11525,Meninges
17475,11525,Meninges
17525,11525,Meninges
17575,11525,Meninges
17625,11525,Meninges
17675,11525,Meninges
17725,11525,Meninges
17775,11525,Meninges
17825,11525,Meninges
17875,11525,Meninges
17925,11525,Meninges
17975,11525,Meninges
18025,11525,Meninges
18075,11525,Meninges
18125,11525,Meninges
18175,11525,Meninges
18225,11525,Meninges
18275,11525,Meninges
18325,11525,Meninges
18375,11525,Meninges
18425,11525,Meninges
18475,11525,Meninges
18525,11525,Meninges
18575,11525,Meninges
18625,11525,Meninges
18675,11525,Meninges
18725,11525,Meninges
18775,11525,Meninges
18825,11525,Meninges
18875,11525,Meninges
18925,11525,Meninges
18975,11525,Meninges
19025,11525,Meninges
19075,11525,Meninges
19125,11525,Meninges
19175,11525,Meninges
19225,11525,Meninges
19275,11525,Meninges
19325,11525,Meninges
19375,11525,Spinal cord
19425,11525,Spinal cord
19475,11525,Spinal cord
19525,11525,Spinal cord
19575,11525,Spinal cord
19625,11525,Spinal cord
19675,11525,Spinal cord
19725,11525,Spinal cord
19775,11525,Spinal cord
19825,11525,Spinal cord
19875,11525,Spinal cord
19925,11525,Spinal cord
19975,11525,Spinal cord
20025,11525,Spinal cord
20075,11525,Spinal cord
20125,11525,Spinal cord
20175,11525,Spinal cord
20225,11525,Spinal cord
20275,11525,Spinal cord
20325,11525,Spinal cord
20375,11525,Spinal cord
20425,11525,Spinal cord
20475,11525,Spinal cord
20525,11525,Spinal cord
20575,11525,Spinal cord
20625,11525,Spinal cord
20675,11525,Spinal cord
20725,11525,Spinal cord
20775,11525,Spinal cord
20825,11525,Spinal cord
20875,11525,Spinal cord
20925,11525,Spinal cord
20975,11525,Spinal cord
21025,11525,Spinal cord
21075,11525,Spinal cord
21125,11525,Spinal cord
21175,11525,Spinal cord
21225,11525,Spinal cord
21275,11525,Spinal cord
21325,11525,Spinal cord
21375,11525,Spinal cord
21425,11525,Spinal cord
21475,11525,Spinal cord
21525,11525,Spinal cord
21575,11525,Spinal cord
21625,11525,Spinal cord
21675,11525,Spinal cord
21725,11525,Spinal cord
21775,11525,Spinal cord
21825,11525,Spinal cord
21875,11525,Spinal cord
21925,11525,Spinal cord
21975,11525,Spinal cord
22025,11525,Spinal cord
22075,11525,Spinal cord
22125,11525,Spinal cord
22175,11525,Spinal cord
22225,11525,Spinal cord
22275,11525,Spinal cord
22325,11525,Spinal cord
22375,11525,Spinal cord
22425,11525,Spinal cord
22475,11525,Spinal cord
22525,11525,Spinal cord
22575,11525,Spinal cord
22625,11525,Spinal cord
22675,11525,Spinal cord
22725,11525,Spinal cord
22775,11525,Spinal cord
22825,11525,Spinal cord
22875,11525,Spinal cord
22925,11525,Spinal cord
22975,11525,Spinal cord
23025,11525,Spinal cord
23075,11525,Spinal cord
23125,11525,Spinal cord
23175,11525,Spinal cord
23225,11525,Spinal cord
23275,11525,Spinal cord
23325,11525,Spinal cord
23375,11525,Spinal cord
23425,11525,Spinal cord
23475,11525,Spinal cord
23525,11525,Spinal cord
23575,11525,Spinal cord
23625,11525,Spinal cord
23675,11525,Spinal cord
23725,11525,Spinal cord
23775,11525,Spinal cord
23825,11525,Spinal cord
23875,11525,Spinal cord
23925,11525,Spinal cord
23975,11525,Spinal cord
24025,11525,Spinal cord
24075,11525,Spinal cord
24125,11525,Spinal cord
24175,11525,Spinal cord
24225,11525,Spinal cord
24275,11525,Spinal cord
24325,11525,Spinal cord
24375,11525,Spinal cord
24425,11525,Spinal cord
24475,11525,Spinal cord
24525,11525,Spinal cord
24575,11525,Spinal cord
24625,11525,Spinal cord
24675,11525,Spinal cord
24725,11525,Spinal cord
24775,11525,Spinal cord
24825,11525,Spinal cord
24875,11525,Spinal cord
24925,11525,Spinal cord
24975,11525,Spinal cord
15025,11575,Spinal cord
15075,11575,Spinal cord
15125,11575,Spinal cord
15175,11575,Spinal cord
15225,11575,Spinal cord
15275,11575,Spinal cord
15325,11575,Spinal cord
15375,11575,Spinal cord
15425,11575,Spinal cord
15475,11575,Spinal cord
15525,11575,Spinal cord
15575,11575,Spinal cord
15625,11575,Spinal cord
15675,11575,Spinal cord
15725,11575,Spinal cord
15775,11575,Spinal cord
15825,11575,Spinal cord
15875,11575,Spinal cord
15925,11575,Spinal cord
15975,11575,Spinal cord
16025,11575,Spinal cord
16075,11575,Spinal cord
16125,11575,Spinal cord
16175,11575,Spinal cord
16225,11575,Spinal cord
16275,11575,Meninges
16325,11575,Meninges
16375,11575,Meninges
16425,11575,Meninges
16475,11575,Meninges
16525,11575,Meninges
16575,11575,Meninges
16625,11575,Meninges
16675,11575,Meninges
16725,11575,Meninges
16775,11575,Meninges
16825,11575,Meninges
16875,11575,Meninges
16925,11575,Meninges
16975,11575,Meninges
17025,11575,Meninges
17075,11575,Meninges
17125,11575,Meninges
17175,11575,Meninges
17225,11575,Meninges
17275,11575,Meninges
17325,11575,Meninges
17375,11575,Meninges
17425,11575,Meninges
17475,11575,Meninges
17525,11575,Meninges
17575,11575,Meninges
17625,11575,Meninges
17675,11575,Meninges
17725,11575,Meninges
17775,11575,Meninges
17825,11575,Meninges
17875,11575,Meninges
17925,11575,Meninges
17975,11575,Meninges
18025,11575,Meninges
18075,11575,Meninges
18125,11575,Meninges
18175,11575,Meninges
18225,11575,Meninges
18275,11575,Meninges
18325,11575,Meninges
18375,11575,Meninges
18425,11575,Meninges
18475,11575,Meninges
18525,11575,Meninges
18575,11575,Meninges
18625,11575,Meninges
18675,11575,Meninges
18725,11575,Meninges
18775,11575,Meninges
18825,11575,Meninges
18875,11575,Meninges
18925,11575,Meninges
18975,11575,Meninges
19025,11575,Meninges
19075,11575,Meninges
19125,11575,Spinal cord
19175,11575,Spinal cord
19225,11575,Spinal cord
19275,11575,Spinal cord
19325,11575,Spinal cord
19375,11575,Spinal cord
19425,11575,Spinal cord
19475,11575,Spinal cord
19525,11575,Spinal cord
19575,11575,Spinal cord
19625,11575,Spinal cord
19675,11575,Spinal cord
19725,11575,Spinal cord
19775,11575,Spinal cord
19825,11575,Spinal cord
19875,11575,Spinal cord
19925,11575,Spinal cord
19975,11575,Spinal cord
20025,11575,Spinal cord
20075,11575,Spinal cord
20125,11575,Spinal cord
20175,11575,Spinal cord
20225,11575,Spinal cord
20275,11575,Spinal cord
20325,11575,Spinal cord
20375,11575,Spinal cord
20425,11575,Spinal cord
20475,11575,Spinal cord
20525,11575,Spinal cord
20575,11575,Spinal cord
20625,11575,Spinal cord
20675,11575,Spinal cord
20725,11575,Spinal cord
20775,11575,Spinal cord
20825,11575,Spinal cord
20875,11575,Spinal cord
20925,11575,Spinal cord
20975,11575,Spinal cord
21025,11575,Spinal cord
21075,11575,Spinal cord
21125,11575,Spinal cord
21175,11575,Spinal cord
21225,11575,Spinal cord
21275,11575,Spinal cord
21325,11575,Spinal cord
21375,11575,Spinal cord
21425,11575,Spinal cord
21475,11575,Spinal cord
21525,11575,Spinal cord
21575,11575,Spinal cord
21625,11575,Spinal cord
21675,11575,Spinal cord
21725,11575,Spinal cord
21775,11575,Spinal cord
21825,11575,Spinal cord
21875,11575,Spinal cord
21925,11575,Spinal cord
21975,11575,Spinal cord
22025,11575,Spinal cord
22075,11575,Spinal cord
22125,11575,Spinal cord
22175,11575,Spinal cord
22225,11575,Spinal cord
22275,11575,Spinal cord
22325,11575,Spinal cord
22375,11575,Spinal cord
22425,11575,Spinal cord
22475,11575,Spinal cord
22525,11575,Spinal cord
22575,11575,Spinal cord
22625,11575,Spinal cord
22675,11575,Spinal cord
22725,11575,Spinal cord
22775,11575,Spinal cord
22825,11575,Spinal cord
22875,11575,Spinal cord
22925,11575,Spinal cord
22975,11575,Spinal cord
23025,11575,Spinal cord
23075,11575,Spinal cord
23125,11575,Spinal cord
23175,11575,Spinal cord
23225,11575,Spinal cord
23275,11575,Spinal cord
23325,11575,Spinal cord
23375,11575,Spinal cord
23425,11575,Spinal cord
23475,11575,Spinal cord
23525,11575,Spinal cord
23575,11575,Spinal cord
23625,11575,Spinal cord
23675,11575,Spinal cord
23725,11575,Spinal cord
23775,11575,Spinal cord
23825,11575,Spinal cord
23875,11575,Spinal cord
23925,11575,Spinal cord
23975,11575,Spinal cord
24025,11575,Spinal cord
24075,11575,Spinal cord
24125,11575,Spinal cord
24175,11575,Spinal cord
24225,11575,Spinal cord
24275,11575,Spinal cord
24325,11575,Spinal cord
24375,11575,Spinal cord
24425,11575,Meninges
24475,11575,Spinal cord
24525,11575,Spinal cord
24575,11575,Spinal cord
24625,11575,Spinal cord
24675,11575,Spinal cord
24725,11575,Spinal cord
24775,11575,Spinal cord
24825,11575,Spinal cord
24875,11575,Spinal cord
24925,11575,Spinal cord
24975,11575,Spinal cord
15025,11625,Spinal cord
15075,11625,Spinal cord
15125,11625,Spinal cord
15175,11625,Spinal cord
15225,11625,Spinal cord
15275,11625,Spinal cord
15325,11625,Spinal cord
15375,11625,Spinal cord
15425,11625,Spinal cord
15475,11625,Spinal cord
15525,11625,Spinal cord
15575,11625,Spinal cord
15625,11625,Spinal cord
15675,11625,Spinal cord
15725,11625,Spinal cord
15775,11625,Spinal cord
15825,11625,Spinal cord
15875,11625,Spinal cord
15925,11625,Spinal cord
15975,11625,Spinal cord
16025,11625,Spinal cord
16075,11625,Spinal cord
16125,11625,Spinal cord
16175,11625,Spinal cord
16225,11625,Spinal cord
16275,11625,Spinal cord
16325,11625,Spinal cord
16375,11625,Spinal cord
16425,11625,Spinal cord
16475,11625,Spinal cord
16525,11625,Meninges
16575,11625,Meninges
16625,11625,Meninges
16675,11625,Meninges
16725,11625,Meninges
16775,11625,Meninges
16825,11625,Meninges
16875,11625,Meninges
16925,11625,Meninges
16975,11625,Meninges
17025,11625,Meninges
17075,11625,Meninges
17125,11625,Meninges
17175,11625,Meninges
17225,11625,Meninges
17275,11625,Meninges
17325,11625,Meninges
17375,11625,Meninges
17425,11625,Meninges
17475,11625,Meninges
17525,11625,Meninges
17575,11625,Meninges
17625,11625,Meninges
17675,11625,Meninges
17725,11625,Meninges
17775,11625,Meninges
17825,11625,Meninges
17875,11625,Meninges
17925,11625,Meninges
17975,11625,Meninges
18025,11625,Meninges
18075,11625,Meninges
18125,11625,Meninges
18175,11625,Meninges
18225,11625,Meninges
18275,11625,Meninges
18325,11625,Meninges
18375,11625,Meninges
18425,11625,Meninges
18475,11625,Meninges
18525,11625,Meninges
18575,11625,Meninges
18625,11625,Meninges
18675,11625,Meninges
18725,11625,Meninges
18775,11625,Meninges
18825,11625,Meninges
18875,11625,Meninges
18925,11625,Meninges
18975,11625,Spinal cord
19025,11625,Spinal cord
19075,11625,Spinal cord
19125,11625,Spinal cord
19175,11625,Spinal cord
19225,11625,Spinal cord
19275,11625,Spinal cord
19325,11625,Spinal cord
19375,11625,Spinal cord
19425,11625,Spinal cord
19475,11625,Spinal cord
19525,11625,Spinal cord
19575,11625,Spinal cord
19625,11625,Spinal cord
19675,11625,Spinal cord
19725,11625,Spinal cord
19775,11625,Spinal cord
19825,11625,Spinal cord
19875,11625,Spinal cord
19925,11625,Spinal cord
19975,11625,Spinal cord
20025,11625,Spinal cord
20075,11625,Spinal cord
20125,11625,Spinal cord
20175,11625,Spinal cord
20225,11625,Spinal cord
20275,11625,Spinal cord
20325,11625,Spinal cord
20375,11625,Spinal cord
20425,11625,Spinal cord
20475,11625,Spinal cord
20525,11625,Spinal cord
20575,11625,Spinal cord
20625,11625,Spinal cord
20675,11625,Spinal cord
20725,11625,Spinal cord
20775,11625,Spinal cord
20825,11625,Spinal cord
20875,11625,Spinal cord
20925,11625,Spinal cord
20975,11625,Spinal cord
21025,11625,Spinal cord
21075,11625,Spinal cord
21125,11625,Spinal cord
21175,11625,Spinal cord
21225,11625,Spinal cord
21275,11625,Spinal cord
21325,11625,Spinal cord
21375,11625,Spinal cord
21425,11625,Spinal cord
21475,11625,Spinal cord
21525,11625,Spinal cord
21575,11625,Spinal cord
21625,11625,Spinal cord
21675,11625,Spinal cord
21725,11625,Spinal cord
21775,11625,Spinal cord
21825,11625,Spinal cord
21875,11625,Spinal cord
21925,11625,Spinal cord
21975,11625,Spinal cord
22025,11625,Spinal cord
22075,11625,Spinal cord
22125,11625,Spinal cord
22175,11625,Spinal cord
22225,11625,Spinal cord
22275,11625,Spinal cord
22325,11625,Spinal cord
22375,11625,Spinal cord
22425,11625,Spinal cord
22475,11625,Spinal cord
22525,11625,Spinal cord
22575,11625,Spinal cord
22625,11625,Spinal cord
22675,11625,Spinal cord
22725,11625,Spinal cord
22775,11625,Spinal cord
22825,11625,Spinal cord
22875,11625,Spinal cord
22925,11625,Spinal cord
22975,11625,Spinal cord
23025,11625,Spinal cord
23075,11625,Spinal cord
23125,11625,Spinal cord
23175,11625,Spinal cord
23225,11625,Spinal cord
23275,11625,Spinal cord
23325,11625,Spinal cord
23375,11625,Spinal cord
23425,11625,Spinal cord
23475,11625,Spinal cord
23525,11625,Spinal cord
23575,11625,Meninges
23625,11625,Meninges
23675,11625,Meninges
23725,11625,Meninges
23775,11625,Meninges
23825,11625,Meninges
23875,11625,Meninges
23925,11625,Spinal cord
23975,11625,Spinal cord
24025,11625,Spinal cord
24075,11625,Spinal cord
24125,11625,Spinal cord
24175,11625,Spinal cord
24225,11625,Spinal cord
24275,11625,Meninges
24325,11625,Meninges
24375,11625,Spinal cord
24425,11625,Meninges
24475,11625,Spinal cord
24525,11625,Spinal cord
24575,11625,Spinal cord
24625,11625,Spinal cord
24675,11625,Spinal cord
24725,11625,Spinal cord
24775,11625,Spinal cord
24825,11625,Spinal cord
24875,11625,Spinal cord
24925,11625,Spinal cord
24975,11625,Spinal cord
15025,11675,Spinal cord
15075,11675,Spinal cord
15125,11675,Spinal cord
15175,11675,Spinal cord
15225,11675,Spinal cord
15275,11675,Spinal cord
15325,11675,Spinal cord
15375,11675,Spinal cord
15425,11675,Spinal cord
15475,11675,Spinal cord
15525,11675,Spinal cord
15575,11675,Spinal cord
15625,11675,Spinal cord
15675,11675,Spinal cord
15725,11675,Spinal cord
15775,11675,Spinal cord
15825,11675,Spinal cord
15875,11675,Spinal cord
15925,11675,Spinal cord
15975,11675,Spinal cord
16025,11675,Spinal cord
16075,11675,Spinal cord
16125,11675,Spinal cord
16175,11675,Spinal cord
16225,11675,Spinal cord
16275,11675,Spinal cord
16325,11675,Spinal cord
16375,11675,Spinal cord
16425,11675,Spinal cord
16475,11675,Spinal cord
16525,11675,Spinal cord
16575,11675,Spinal cord
16625,11675,Spinal cord
16675,11675,Spinal cord
16725,11675,Spinal cord
16775,11675,Spinal cord
16825,11675,Spinal cord
16875,11675,Spinal cord
16925,11675,Spinal cord
16975,11675,Spinal cord
17025,11675,Spinal cord
17075,11675,Spinal cord
17125,11675,Meninges
17175,11675,Spinal cord
17225,11675,Meninges
17275,11675,Meninges
17325,11675,Meninges
17375,11675,Meninges
17425,11675,Meninges
17475,11675,Meninges
17525,11675,Meninges
17575,11675,Meninges
17625,11675,Meninges
17675,11675,Meninges
17725,11675,Meninges
17775,11675,Meninges
17825,11675,Meninges
17875,11675,Meninges
17925,11675,Meninges
17975,11675,Meninges
18025,11675,Meninges
18075,11675,Meninges
18125,11675,Meninges
18175,11675,Meninges
18225,11675,Meninges
18275,11675,Meninges
18325,11675,Meninges
18375,11675,Meninges
18425,11675,Meninges
18475,11675,Meninges
18525,11675,Meninges
18575,11675,Meninges
18625,11675,Meninges
18675,11675,Meninges
18725,11675,Meninges
18775,11675,Meninges
18825,11675,Meninges
18875,11675,Meninges
18925,11675,Spinal cord
18975,11675,Spinal cord
19025,11675,Spinal cord
19075,11675,Spinal cord
19125,11675,Spinal cord
19175,11675,Spinal cord
19225,11675,Spinal cord
19275,11675,Spinal cord
19325,11675,Spinal cord
19375,11675,Spinal cord
19425,11675,Spinal cord
19475,11675,Spinal cord
19525,11675,Spinal cord
19575,11675,Spinal cord
19625,11675,Spinal cord
19675,11675,Spinal cord
19725,11675,Spinal cord
19775,11675,Spinal cord
19825,11675,Spinal cord
19875,11675,Spinal cord
19925,11675,Spinal cord
19975,11675,Spinal cord
20025,11675,Spinal cord
20075,11675,Spinal cord
20125,11675,Spinal cord
20175,11675,Spinal cord
20225,11675,Spinal cord
20275,11675,Spinal cord
20325,11675,Spinal cord
20375,11675,Spinal cord
20425,11675,Spinal cord
20475,11675,Spinal cord
20525,11675,Spinal cord
20575,11675,Spinal cord
20625,11675,Spinal cord
20675,11675,Spinal cord
20725,11675,Spinal cord
20775,11675,Spinal cord
20825,11675,Spinal cord
20875,11675,Spinal cord
20925,11675,Spinal cord
20975,11675,Spinal cord
21025,11675,Spinal cord
21075,11675,Spinal cord
21125,11675,Spinal cord
21175,11675,Spinal cord
21225,11675,Spinal cord
21275,11675,Spinal cord
21325,11675,Spinal cord
21375,11675,Spinal cord
21425,11675,Spinal cord
21475,11675,Spinal cord
21525,11675,Spinal cord
21575,11675,Spinal cord
21625,11675,Spinal cord
21675,11675,Spinal cord
21725,11675,Meninges
21775,11675,Spinal cord
21825,11675,Spinal cord
21875,11675,Spinal cord
21925,11675,Spinal cord
21975,11675,Spinal cord
22025,11675,Spinal cord
22075,11675,Spinal cord
22125,11675,Spinal cord
22175,11675,Spinal cord
22225,11675,Spinal cord
22275,11675,Spinal cord
22325,11675,Spinal cord
22375,11675,Spinal cord
22425,11675,Spinal cord
22475,11675,Spinal cord
22525,11675,Spinal cord
22575,11675,Spinal cord
22625,11675,Spinal cord
22675,11675,Spinal cord
22725,11675,Spinal cord
22775,11675,Spinal cord
22825,11675,Spinal cord
22875,11675,Spinal cord
22925,11675,Spinal cord
22975,11675,Meninges
23025,11675,Meninges
23075,11675,Spinal cord
23125,11675,Spinal cord
23175,11675,Spinal cord
23225,11675,Spinal cord
23275,11675,Meninges
23325,11675,Spinal cord
23375,11675,Spinal cord
23425,11675,Meninges
23475,11675,Meninges
23525,11675,Meninges
23575,11675,Meninges
23625,11675,Meninges
23675,11675,Meninges
23725,11675,Meninges
23775,11675,Meninges
23825,11675,Meninges
23875,11675,Meninges
23925,11675,Meninges
23975,11675,Meninges
24025,11675,Meninges
24075,11675,Meninges
24125,11675,Meninges
24175,11675,Meninges
24225,11675,Meninges
24275,11675,Meninges
24325,11675,Meninges
24375,11675,Meninges
24425,11675,Meninges
24475,11675,Meninges
24525,11675,Meninges
24575,11675,Meninges
24625,11675,Meninges
24675,11675,Meninges
24725,11675,Meninges
24775,11675,Meninges
24825,11675,Meninges
24875,11675,Meninges
24925,11675,Meninges
24975,11675,Meninges
15025,11725,Spinal cord
15075,11725,Spinal cord
15125,11725,Spinal cord
15175,11725,Spinal cord
15225,11725,Spinal cord
15275,11725,Spinal cord
15325,11725,Spinal cord
15375,11725,Spinal cord
15425,11725,Spinal cord
15475,11725,Spinal cord
15525,11725,Spinal cord
15575,11725,Spinal cord
15625,11725,Spinal cord
15675,11725,Spinal cord
15725,11725,Spinal cord
15775,11725,Spinal cord
15825,11725,Spinal cord
15875,11725,Spinal cord
15925,11725,Spinal cord
15975,11725,Spinal cord
16025,11725,Spinal cord
16075,11725,Spinal cord
16125,11725,Spinal cord
16175,11725,Spinal cord
16225,11725,Spinal cord
16275,11725,Spinal cord
16325,11725,Spinal cord
16375,11725,Spinal cord
16425,11725,Spinal cord
16475,11725,Spinal cord
16525,11725,Spinal cord
16575,11725,Spinal cord
16625,11725,Spinal cord
16675,11725,Spinal cord
16725,11725,Spinal cord
16775,11725,Spinal cord
16825,11725,Spinal cord
16875,11725,Spinal cord
16925,11725,Spinal cord
16975,11725,Spinal cord
17025,11725,Spinal cord
17075,11725,Spinal cord
17125,11725,Spinal cord
17175,11725,Spinal cord
17225,11725,Spinal cord
17275,11725,Meninges
17325,11725,Spinal cord
17375,11725,Spinal cord
17425,11725,Spinal cord
17475,11725,Spinal cord
17525,11725,Spinal cord
17575,11725,Meninges
17625,11725,Meninges
17675,11725,Spinal cord
17725,11725,Spinal cord
17775,11725,Spinal cord
17825,11725,Meninges
17875,11725,Meninges
17925,11725,Spinal cord
17975,11725,Spinal cord
18025,11725,Meninges
18075,11725,Meninges
18125,11725,Meninges
18175,11725,Meninges
18225,11725,Meninges
18275,11725,Meninges
18325,11725,Meninges
18375,11725,Meninges
18425,11725,Meninges
18475,11725,Meninges
18525,11725,Meninges
18575,11725,Meninges
18625,11725,Meninges
18675,11725,Meninges
18725,11725,Spinal cord
18775,11725,Spinal cord
18825,11725,Spinal cord
18875,11725,Spinal cord
18925,11725,Spinal cord
18975,11725,Spinal cord
19025,11725,Spinal cord
19075,11725,Spinal cord
19125,11725,Spinal cord
19175,11725,Spinal cord
19225,11725,Spinal cord
19275,11725,Spinal cord
19325,11725,Spinal cord
19375,11725,Spinal cord
19425,11725,Spinal cord
19475,11725,Spinal cord
19525,11725,Spinal cord
19575,11725,Spinal cord
19625,11725,Spinal cord
19675,11725,Spinal cord
19725,11725,Spinal cord
19775,11725,Spinal cord
19825,11725,Spinal cord
19875,11725,Spinal cord
19925,11725,Spinal cord
19975,11725,Spinal cord
20025,11725,Spinal cord
20075,11725,Spinal cord
20125,11725,Spinal cord
20175,11725,Spinal cord
20225,11725,Spinal cord
20275,11725,Spinal cord
20325,11725,Spinal cord
20375,11725,Spinal cord
20425,11725,Spinal cord
20475,11725,Spinal cord
20525,11725,Spinal cord
20575,11725,Spinal cord
20625,11725,Spinal cord
20675,11725,Spinal cord
20725,11725,Spinal cord
20775,11725,Spinal cord
20825,11725,Spinal cord
20875,11725,Spinal cord
20925,11725,Spinal cord
20975,11725,Spinal cord
21025,11725,Spinal cord
21075,11725,Spinal cord
21125,11725,Spinal cord
21175,11725,Spinal cord
21225,11725,Spinal cord
21275,11725,Spinal cord
21325,11725,Spinal cord
21375,11725,Spinal cord
21425,11725,Spinal cord
21475,11725,Spinal cord
21525,11725,Spinal cord
21575,11725,Spinal cord
21625,11725,Spinal cord
21675,11725,Spinal cord
21725,11725,Spinal cord
21775,11725,Spinal cord
21825,11725,Spinal cord
21875,11725,Spinal cord
21925,11725,Spinal cord
21975,11725,Spinal cord
22025,11725,Spinal cord
22075,11725,Spinal cord
22125,11725,Spinal cord
22175,11725,Spinal cord
22225,11725,Spinal cord
22275,11725,Spinal cord
22325,11725,Spinal cord
22375,11725,Spinal cord
22425,11725,Spinal cord
22475,11725,Spinal cord
22525,11725,Spinal cord
22575,11725,Spinal cord
22625,11725,Spinal cord
22675,11725,Spinal cord
22725,11725,Spinal cord
22775,11725,Meninges
22825,11725,Meninges
22875,11725,Meninges
22925,11725,Meninges
22975,11725,Meninges
23025,11725,Meninges
23075,11725,Meninges
23125,11725,Spinal cord
23175,11725,Spinal cord
23225,11725,Meninges
23275,11725,Meninges
23325,11725,Meninges
23375,11725,Meninges
23425,11725,Meninges
23475,11725,Meninges
23525,11725,Meninges
23575,11725,Meninges
23625,11725,Meninges
23675,11725,Meninges
23725,11725,Meninges
23775,11725,Meninges
23825,11725,Meninges
23875,11725,Meninges
23925,11725,Meninges
23975,11725,Meninges
24025,11725,Meninges
24075,11725,Meninges
24125,11725,Meninges
24175,11725,Meninges
24225,11725,Meninges
24275,11725,Meninges
24325,11725,Meninges
24375,11725,Meninges
24425,11725,Meninges
24475,11725,Meninges
24525,11725,Meninges
24575,11725,Meninges
24625,11725,Meninges
24675,11725,Meninges
24725,11725,Meninges
24775,11725,Meninges
24825,11725,Meninges
24875,11725,Meninges
24925,11725,Meninges
24975,11725,Meninges
15025,11775,Spinal cord
15075,11775,Spinal cord
15125,11775,Spinal cord
15175,11775,Spinal cord
15225,11775,Spinal cord
15275,11775,Spinal cord
15325,11775,Spinal cord
15375,11775,Spinal cord
15425,11775,Spinal cord
15475,11775,Spinal cord
15525,11775,Spinal cord
15575,11775,Spinal cord
15625,11775,Spinal cord
15675,11775,Spinal cord
15725,11775,Spinal cord
15775,11775,Spinal cord
15825,11775,Spinal cord
15875,11775,Spinal cord
15925,11775,Spinal cord
15975,11775,Spinal cord
16025,11775,Spinal cord
16075,11775,Spinal cord
16125,11775,Spinal cord
16175,11775,Spinal cord
16225,11775,Spinal cord
16275,11775,Spinal cord
16325,11775,Spinal cord
16375,11775,Spinal cord
16425,11775,Spinal cord
16475,11775,Spinal cord
16525,11775,Spinal cord
16575,11775,Spinal cord
16625,11775,Spinal cord
16675,11775,Spinal cord
16725,11775,Spinal cord
16775,11775,Spinal cord
16825,11775,Spinal cord
16875,11775,Spinal cord
16925,11775,Spinal cord
16975,11775,Spinal cord
17025,11775,Spinal cord
17075,11775,Spinal cord
17125,11775,Spinal cord
17175,11775,Spinal cord
17225,11775,Spinal cord
17275,11775,Spinal cord
17325,11775,Spinal cord
17375,11775,Spinal cord
17425,11775,Spinal cord
17475,11775,Spinal cord
17525,11775,Spinal cord
17575,11775,Spinal cord
17625,11775,Spinal cord
17675,11775,Spinal cord
17725,11775,Spinal cord
17775,11775,Spinal cord
17825,11775,Spinal cord
17875,11775,Spinal cord
17925,11775,Spinal cord
17975,11775,Spinal cord
18025,11775,Spinal cord
18075,11775,Spinal cord
18125,11775,Spinal cord
18175,11775,Spinal cord
18225,11775,Spinal cord
18275,11775,Spinal cord
18325,11775,Spinal cord
18375,11775,Spinal cord
18425,11775,Spinal cord
18475,11775,Spinal cord
18525,11775,Spinal cord
18575,11775,Spinal cord
18625,11775,Spinal cord
18675,11775,Spinal cord
18725,11775,Spinal cord
18775,11775,Spinal cord
18825,11775,Spinal cord
18875,11775,Spinal cord
18925,11775,Spinal cord
18975,11775,Spinal cord
19025,11775,Spinal cord
19075,11775,Spinal cord
19125,11775,Spinal cord
19175,11775,Spinal cord
19225,11775,Spinal cord
19275,11775,Spinal cord
19325,11775,Spinal cord
19375,11775,Spinal cord
19425,11775,Spinal cord
19475,11775,Spinal cord
19525,11775,Spinal cord
19575,11775,Spinal cord
19625,11775,Spinal cord
19675,11775,Spinal cord
19725,11775,Spinal cord
19775,11775,Spinal cord
19825,11775,Spinal cord
19875,11775,Spinal cord
19925,11775,Spinal cord
19975,11775,Spinal cord
20025,11775,Spinal cord
20075,11775,Spinal cord
20125,11775,Spinal cord
20175,11775,Spinal cord
20225,11775,Spinal cord
20275,11775,Spinal cord
20325,11775,Spinal cord
20375,11775,Spinal cord
20425,11775,Spinal cord
20475,11775,Spinal cord
20525,11775,Spinal cord
20575,11775,Spinal cord
20625,11775,Spinal cord
20675,11775,Spinal cord
20725,11775,Spinal cord
20775,11775,Spinal cord
20825,11775,Spinal cord
20875,11775,Spinal cord
20925,11775,Spinal cord
20975,11775,Spinal cord
21025,11775,Spinal cord
21075,11775,Spinal cord
21125,11775,Spinal cord
21175,11775,Spinal cord
21225,11775,Spinal cord
21275,11775,Spinal cord
21325,11775,Spinal cord
21375,11775,Spinal cord
21425,11775,Spinal cord
21475,11775,Spinal cord
21525,11775,Spinal cord
21575,11775,Spinal cord
21625,11775,Spinal cord
21675,11775,Spinal cord
21725,11775,Spinal cord
21775,11775,Spinal cord
21825,11775,Spinal cord
21875,11775,Spinal cord
21925,11775,Spinal cord
21975,11775,Spinal cord
22025,11775,Spinal cord
22075,11775,Spinal cord
22125,11775,Spinal cord
22175,11775,Spinal cord
22225,11775,Spinal cord
22275,11775,Spinal cord
22325,11775,Spinal cord
22375,11775,Spinal cord
22425,11775,Meninges
22475,11775,Spinal cord
22525,11775,Spinal cord
22575,11775,Spinal cord
22625,11775,Spinal cord
22675,11775,Meninges
22725,11775,Meninges
22775,11775,Meninges
22825,11775,Meninges
22875,11775,Meninges
22925,11775,Meninges
22975,11775,Meninges
23025,11775,Meninges
23075,11775,Meninges
23125,11775,Meninges
23175,11775,Meninges
23225,11775,Meninges
23275,11775,Meninges
23325,11775,Meninges
23375,11775,Meninges
23425,11775,Meninges
23475,11775,Meninges
23525,11775,Meninges
23575,11775,Meninges
23625,11775,Meninges
23675,11775,Meninges
23725,11775,Meninges
23775,11775,Meninges
23825,11775,Meninges
23875,11775,Meninges
23925,11775,Meninges
23975,11775,Meninges
24025,11775,Meninges
24075,11775,Meninges
24125,11775,Meninges
24175,11775,Meninges
24225,11775,Meninges
24275,11775,Meninges
24325,11775,Meninges
24375,11775,Meninges
24425,11775,Meninges
24475,11775,Meninges
24525,11775,Meninges
24575,11775,Meninges
24625,11775,Meninges
24675,11775,Meninges
24725,11775,Meninges
24775,11775,Meninges
24825,11775,Meninges
24875,11775,Meninges
24925,11775,Meninges
24975,11775,Meninges
15025,11825,Spinal cord
15075,11825,Spinal cord
15125,11825,Spinal cord
15175,11825,Spinal cord
15225,11825,Spinal cord
15275,11825,Spinal cord
15325,11825,Spinal cord
15375,11825,Spinal cord
15425,11825,Spinal cord
15475,11825,Spinal cord
15525,11825,Spinal cord
15575,11825,Spinal cord
15625,11825,Spinal cord
15675,11825,Spinal cord
15725,11825,Spinal cord
15775,11825,Spinal cord
15825,11825,Spinal cord
15875,11825,Spinal cord
15925,11825,Spinal cord
15975,11825,Spinal cord
16025,11825,Spinal cord
16075,11825,Spinal cord
16125,11825,Spinal cord
16175,11825,Spinal cord
16225,11825,Spinal cord
16275,11825,Spinal cord
16325,11825,Spinal cord
16375,11825,Spinal cord
16425,11825,Spinal cord
16475,11825,Spinal cord
16525,11825,Spinal cord
16575,11825,Spinal cord
16625,11825,Spinal cord
16675,11825,Spinal cord
16725,11825,Spinal cord
16775,11825,Spinal cord
16825,11825,Spinal cord
16875,11825,Spinal cord
16925,11825,Spinal cord
16975,11825,Spinal cord
17025,11825,Spinal cord
17075,11825,Spinal cord
17125,11825,Spinal cord
17175,11825,Spinal cord
17225,11825,Brain
17275,11825,Spinal cord
17325,11825,Spinal cord
17375,11825,Spinal cord
17425,11825,Spinal cord
17475,11825,Spinal cord
17525,11825,Brain
17575,11825,Spinal cord
17625,11825,Spinal cord
17675,11825,Spinal cord
17725,11825,Spinal cord
17775,11825,Spinal cord
17825,11825,Spinal cord
17875,11825,Spinal cord
17925,11825,Spinal cord
17975,11825,Spinal cord
18025,11825,Spinal cord
18075,11825,Spinal cord
18125,11825,Spinal cord
18175,11825,Spinal cord
18225,11825,Spinal cord
18275,11825,Spinal cord
18325,11825,Spinal cord
18375,11825,Spinal cord
18425,11825,Spinal cord
18475,11825,Spinal cord
18525,11825,Spinal cord
18575,11825,Spinal cord
18625,11825,Spinal cord
18675,11825,Spinal cord
18725,11825,Spinal cord
18775,11825,Spinal cord
18825,11825,Spinal cord
18875,11825,Spinal cord
18925,11825,Spinal cord
18975,11825,Spinal cord
19025,11825,Spinal cord
19075,11825,Spinal cord
19125,11825,Spinal cord
19175,11825,Spinal cord
19225,11825,Spinal cord
19275,11825,Spinal cord
19325,11825,Spinal cord
19375,11825,Spinal cord
19425,11825,Spinal cord
19475,11825,Spinal cord
19525,11825,Spinal cord
19575,11825,Spinal cord
19625,11825,Spinal cord
19675,11825,Spinal cord
19725,11825,Spinal cord
19775,11825,Spinal cord
19825,11825,Spinal cord
19875,11825,Spinal cord
19925,11825,Spinal cord
19975,11825,Spinal cord
20025,11825,Spinal cord
20075,11825,Spinal cord
20125,11825,Spinal cord
20175,11825,Spinal cord
20225,11825,Spinal cord
20275,11825,Spinal cord
20325,11825,Spinal cord
20375,11825,Spinal cord
20425,11825,Spinal cord
20475,11825,Spinal cord
20525,11825,Spinal cord
20575,11825,Spinal cord
20625,11825,Spinal cord
20675,11825,Spinal cord
20725,11825,Spinal cord
20775,11825,Spinal cord
20825,11825,Spinal cord
20875,11825,Spinal cord
20925,11825,Spinal cord
20975,11825,Spinal cord
21025,11825,Spinal cord
21075,11825,Spinal cord
21125,11825,Spinal cord
21175,11825,Spinal cord
21225,11825,Spinal cord
21275,11825,Spinal cord
21325,11825,Spinal cord
21375,11825,Spinal cord
21425,11825,Spinal cord
21475,11825,Spinal cord
21525,11825,Spinal cord
21575,11825,Spinal cord
21625,11825,Spinal cord
21675,11825,Spinal cord
21725,11825,Spinal cord
21775,11825,Spinal cord
21825,11825,Spinal cord
21875,11825,Spinal cord
21925,11825,Spinal cord
21975,11825,Spinal cord
22025,11825,Spinal cord
22075,11825,Spinal cord
22125,11825,Spinal cord
22175,11825,Spinal cord
22225,11825,Spinal cord
22275,11825,Spinal cord
22325,11825,Spinal cord
22375,11825,Spinal cord
22425,11825,Spinal cord
22475,11825,Meninges
22525,11825,Meninges
22575,11825,Meninges
22625,11825,Meninges
22675,11825,Meninges
22725,11825,Meninges
22775,11825,Meninges
22825,11825,Meninges
22875,11825,Meninges
22925,11825,Meninges
22975,11825,Meninges
23025,11825,Meninges
23075,11825,Meninges
23125,11825,Meninges
23175,11825,Meninges
23225,11825,Meninges
23275,11825,Meninges
23325,11825,Meninges
23375,11825,Meninges
23425,11825,Meninges
23475,11825,Meninges
23525,11825,Meninges
23575,11825,Meninges
23625,11825,Meninges
23675,11825,Meninges
23725,11825,Meninges
23775,11825,Meninges
23825,11825,Meninges
23875,11825,Meninges
23925,11825,Meninges
23975,11825,Meninges
24025,11825,Meninges
24075,11825,Meninges
24125,11825,Meninges
24175,11825,Meninges
24225,11825,Meninges
24275,11825,Meninges
24325,11825,Meninges
24375,11825,Meninges
24425,11825,Meninges
24475,11825,Meninges
24525,11825,Meninges
24575,11825,Meninges
24625,11825,Meninges
24675,11825,Meninges
24725,11825,Meninges
24775,11825,Meninges
24825,11825,Meninges
24875,11825,Meninges
24925,11825,Meninges
24975,11825,Meninges
15025,11875,Spinal cord
15075,11875,Spinal cord
15125,11875,Spinal cord
15175,11875,Spinal cord
15225,11875,Spinal cord
15275,11875,Spinal cord
15325,11875,Spinal cord
15375,11875,Spinal cord
15425,11875,Spinal cord
15475,11875,Spinal cord
15525,11875,Spinal cord
15575,11875,Spinal cord
15625,11875,Spinal cord
15675,11875,Spinal cord
15725,11875,Spinal cord
15775,11875,Spinal cord
15825,11875,Spinal cord
15875,11875,Spinal cord
15925,11875,Spinal cord
15975,11875,Spinal cord
16025,11875,Spinal cord
16075,11875,Spinal cord
16125,11875,Spinal cord
16175,11875,Spinal cord
16225,11875,Spinal cord
16275,11875,Spinal cord
16325,11875,Spinal cord
16375,11875,Spinal cord
16425,11875,Spinal cord
16475,11875,Spinal cord
16525,11875,Spinal cord
16575,11875,Spinal cord
16625,11875,Spinal cord
16675,11875,Spinal cord
16725,11875,Spinal cord
16775,11875,Spinal cord
16825,11875,Spinal cord
16875,11875,Spinal cord
16925,11875,Spinal cord
16975,11875,Spinal cord
17025,11875,Spinal cord
17075,11875,Spinal cord
17125,11875,Spinal cord
17175,11875,Spinal cord
17225,11875,Spinal cord
17275,11875,Spinal cord
17325,11875,Spinal cord
17375,11875,Spinal cord
17425,11875,Spinal cord
17475,11875,Brain
17525,11875,Spinal cord
17575,11875,Spinal cord
17625,11875,Spinal cord
17675,11875,Spinal cord
17725,11875,Spinal cord
17775,11875,Spinal cord
17825,11875,Spinal cord
17875,11875,Spinal cord
17925,11875,Spinal cord
17975,11875,Spinal cord
18025,11875,Spinal cord
18075,11875,Spinal cord
18125,11875,Spinal cord
18175,11875,Spinal cord
18225,11875,Spinal cord
18275,11875,Spinal cord
18325,11875,Spinal cord
18375,11875,Spinal cord
18425,11875,Spinal cord
18475,11875,Spinal cord
18525,11875,Spinal cord
18575,11875,Spinal cord
18625,11875,Spinal cord
18675,11875,Spinal cord
18725,11875,Spinal cord
18775,11875,Spinal cord
18825,11875,Spinal cord
18875,11875,Spinal cord
18925,11875,Spinal cord
18975,11875,Spinal cord
19025,11875,Spinal cord
19075,11875,Spinal cord
19125,11875,Spinal cord
19175,11875,Spinal cord
19225,11875,Spinal cord
19275,11875,Spinal cord
19325,11875,Spinal cord
19375,11875,Spinal cord
19425,11875,Spinal cord
19475,11875,Spinal cord
19525,11875,Spinal cord
19575,11875,Spinal cord
19625,11875,Spinal cord
19675,11875,Spinal cord
19725,11875,Spinal cord
19775,11875,Spinal cord
19825,11875,Spinal cord
19875,11875,Spinal cord
19925,11875,Spinal cord
19975,11875,Spinal cord
20025,11875,Spinal cord
20075,11875,Spinal cord
20125,11875,Spinal cord
20175,11875,Spinal cord
20225,11875,Spinal cord
20275,11875,Spinal cord
20325,11875,Spinal cord
20375,11875,Spinal cord
20425,11875,Spinal cord
20475,11875,Spinal cord
20525,11875,Spinal cord
20575,11875,Spinal cord
20625,11875,Spinal cord
20675,11875,Spinal cord
20725,11875,Spinal cord
20775,11875,Spinal cord
20825,11875,Spinal cord
20875,11875,Spinal cord
20925,11875,Spinal cord
20975,11875,Spinal cord
21025,11875,Spinal cord
21075,11875,Spinal cord
21125,11875,Spinal cord
21175,11875,Spinal cord
21225,11875,Spinal cord
21275,11875,Spinal cord
21325,11875,Spinal cord
21375,11875,Spinal cord
21425,11875,Spinal cord
21475,11875,Spinal cord
21525,11875,Spinal cord
21575,11875,Spinal cord
21625,11875,Spinal cord
21675,11875,Spinal cord
21725,11875,Spinal cord
21775,11875,Spinal cord
21825,11875,Spinal cord
21875,11875,Spinal cord
21925,11875,Spinal cord
21975,11875,Spinal cord
22025,11875,Spinal cord
22075,11875,Spinal cord
22125,11875,Meninges
22175,11875,Spinal cord
22225,11875,Meninges
22275,11875,Meninges
22325,11875,Meninges
22375,11875,Meninges
22425,11875,Meninges
22475,11875,Meninges
22525,11875,Meninges
22575,11875,Meninges
22625,11875,Meninges
22675,11875,Meninges
22725,11875,Meninges
22775,11875,Meninges
22825,11875,Meninges
22875,11875,Meninges
22925,11875,Meninges
22975,11875,Meninges
23025,11875,Meninges
23075,11875,Meninges
23125,11875,Meninges
23175,11875,Meninges
23225,11875,Meninges
23275,11875,Meninges
23325,11875,Meninges
23375,11875,Meninges
23425,11875,Meninges
23475,11875,Meninges
23525,11875,Meninges
23575,11875,Meninges
23625,11875,Meninges
23675,11875,Meninges
23725,11875,Meninges
23775,11875,Meninges
23825,11875,Meninges
23875,11875,Meninges
23925,11875,Meninges
23975,11875,Meninges
24025,11875,Meninges
24075,11875,Meninges
24125,11875,Meninges
24175,11875,Connective tissue
24225,11875,Connective tissue
24275,11875,Connective tissue
24325,11875,Meninges
24375,11875,Meninges
24425,11875,Meninges
24475,11875,Meninges
24525,11875,Meninges
24575,11875,Meninges
24625,11875,Meninges
24675,11875,Meninges
24725,11875,Meninges
24775,11875,Meninges
24825,11875,Meninges
24875,11875,Meninges
24925,11875,Meninges
24975,11875,Meninges
15025,11925,Spinal cord
15075,11925,Spinal cord
15125,11925,Spinal cord
15175,11925,Spinal cord
15225,11925,Spinal cord
15275,11925,Spinal cord
15325,11925,Spinal cord
15375,11925,Spinal cord
15425,11925,Spinal cord
15475,11925,Spinal cord
15525,11925,Spinal cord
15575,11925,Spinal cord
15625,11925,Spinal cord
15675,11925,Spinal cord
15725,11925,Spinal cord
15775,11925,Spinal cord
15825,11925,Spinal cord
15875,11925,Spinal cord
15925,11925,Spinal cord
15975,11925,Spinal cord
16025,11925,Spinal cord
16075,11925,Spinal cord
16125,11925,Spinal cord
16175,11925,Spinal cord
16225,11925,Spinal cord
16275,11925,Spinal cord
16325,11925,Spinal cord
16375,11925,Spinal cord
16425,11925,Spinal cord
16475,11925,Spinal cord
16525,11925,Spinal cord
16575,11925,Spinal cord
16625,11925,Spinal cord
16675,11925,Spinal cord
16725,11925,Spinal cord
16775,11925,Spinal cord
16825,11925,Spinal cord
16875,11925,Spinal cord
16925,11925,Spinal cord
16975,11925,Spinal cord
17025,11925,Spinal cord
17075,11925,Spinal cord
17125,11925,Spinal cord
17175,11925,Spinal cord
17225,11925,Spinal cord
17275,11925,Spinal cord
17325,11925,Spinal cord
17375,11925,Spinal cord
17425,11925,Spinal cord
17475,11925,Spinal cord
17525,11925,Spinal cord
17575,11925,Spinal cord
17625,11925,Spinal cord
17675,11925,Spinal cord
17725,11925,Spinal cord
17775,11925,Spinal cord
17825,11925,Spinal cord
17875,11925,Spinal cord
17925,11925,Spinal cord
17975,11925,Spinal cord
18025,11925,Spinal cord
18075,11925,Spinal cord
18125,11925,Spinal cord
18175,11925,Spinal cord
18225,11925,Spinal cord
18275,11925,Spinal cord
18325,11925,Spinal cord
18375,11925,Spinal cord
18425,11925,Spinal cord
18475,11925,Spinal cord
18525,11925,Spinal cord
18575,11925,Spinal cord
18625,11925,Spinal cord
18675,11925,Spinal cord
18725,11925,Spinal cord
18775,11925,Spinal cord
18825,11925,Spinal cord
18875,11925,Spinal cord
18925,11925,Spinal cord
18975,11925,Spinal cord
19025,11925,Spinal cord
19075,11925,Spinal cord
19125,11925,Spinal cord
19175,11925,Spinal cord
19225,11925,Spinal cord
19275,11925,Spinal cord
19325,11925,Spinal cord
19375,11925,Spinal cord
19425,11925,Spinal cord
19475,11925,Spinal cord
19525,11925,Spinal cord
19575,11925,Spinal cord
19625,11925,Spinal cord
19675,11925,Spinal cord
19725,11925,Spinal cord
19775,11925,Spinal cord
19825,11925,Spinal cord
19875,11925,Spinal cord
19925,11925,Spinal cord
19975,11925,Spinal cord
20025,11925,Spinal cord
20075,11925,Spinal cord
20125,11925,Spinal cord
20175,11925,Spinal cord
20225,11925,Spinal cord
20275,11925,Spinal cord
20325,11925,Spinal cord
20375,11925,Spinal cord
20425,11925,Spinal cord
20475,11925,Spinal cord
20525,11925,Spinal cord
20575,11925,Spinal cord
20625,11925,Spinal cord
20675,11925,Spinal cord
20725,11925,Spinal cord
20775,11925,Spinal cord
20825,11925,Spinal cord
20875,11925,Spinal cord
20925,11925,Spinal cord
20975,11925,Spinal cord
21025,11925,Spinal cord
21075,11925,Spinal cord
21125,11925,Spinal cord
21175,11925,Spinal cord
21225,11925,Spinal cord
21275,11925,Spinal cord
21325,11925,Spinal cord
21375,11925,Spinal cord
21425,11925,Spinal cord
21475,11925,Spinal cord
21525,11925,Spinal cord
21575,11925,Spinal cord
21625,11925,Spinal cord
21675,11925,Spinal cord
21725,11925,Spinal cord
21775,11925,Spinal cord
21825,11925,Spinal cord
21875,11925,Spinal cord
21925,11925,Spinal cord
21975,11925,Meninges
22025,11925,Meninges
22075,11925,Meninges
22125,11925,Meninges
22175,11925,Meninges
22225,11925,Meninges
22275,11925,Meninges
22325,11925,Meninges
22375,11925,Meninges
22425,11925,Meninges
22475,11925,Meninges
22525,11925,Meninges
22575,11925,Meninges
22625,11925,Meninges
22675,11925,Meninges
22725,11925,Meninges
22775,11925,Meninges
22825,11925,Meninges
22875,11925,Meninges
22925,11925,Connective tissue
22975,11925,Meninges
23025,11925,Meninges
23075,11925,Meninges
23125,11925,Meninges
23175,11925,Meninges
23225,11925,Meninges
23275,11925,Meninges
23325,11925,Meninges
23375,11925,Meninges
23425,11925,Meninges
23475,11925,Meninges
23525,11925,Meninges
23575,11925,Meninges
23625,11925,Meninges
23675,11925,Meninges
23725,11925,Meninges
23775,11925,Meninges
23825,11925,Meninges
23875,11925,Connective tissue
23925,11925,Meninges
23975,11925,Connective tissue
24025,11925,Connective tissue
24075,11925,Connective tissue
24125,11925,Connective tissue
24175,11925,Connective tissue
24225,11925,Connective tissue
24275,11925,Connective tissue
24325,11925,Connective tissue
24375,11925,Connective tissue
24425,11925,Connective tissue
24475,11925,Connective tissue
24525,11925,Connective tissue
24575,11925,Connective tissue
24625,11925,Connective tissue
24675,11925,Connective tissue
24725,11925,Connective tissue
24775,11925,Connective tissue
24825,11925,Connective tissue
24875,11925,Connective tissue
24925,11925,Connective tissue
24975,11925,Connective tissue
15025,11975,Spinal cord
15075,11975,Spinal cord
15125,11975,Spinal cord
15175,11975,Spinal cord
15225,11975,Spinal cord
15275,11975,Spinal cord
15325,11975,Spinal cord
15375,11975,Spinal cord
15425,11975,Spinal cord
15475,11975,Spinal cord
15525,11975,Spinal cord
15575,11975,Spinal cord
15625,11975,Spinal cord
15675,11975,Spinal cord
15725,11975,Spinal cord
15775,11975,Spinal cord
15825,11975,Spinal cord
15875,11975,Spinal cord
15925,11975,Spinal cord
15975,11975,Spinal cord
16025,11975,Spinal cord
16075,11975,Spinal cord
16125,11975,Spinal cord
16175,11975,Spinal cord
16225,11975,Spinal cord
16275,11975,Spinal cord
16325,11975,Spinal cord
16375,11975,Spinal cord
16425,11975,Spinal cord
16475,11975,Spinal cord
16525,11975,Spinal cord
16575,11975,Spinal cord
16625,11975,Spinal cord
16675,11975,Spinal cord
16725,11975,Spinal cord
16775,11975,Spinal cord
16825,11975,Spinal cord
16875,11975,Spinal cord
16925,11975,Spinal cord
16975,11975,Spinal cord
17025,11975,Spinal cord
17075,11975,Spinal cord
17125,11975,Spinal cord
17175,11975,Spinal cord
17225,11975,Spinal cord
17275,11975,Spinal cord
17325,11975,Spinal cord
17375,11975,Spinal cord
17425,11975,Spinal cord
17475,11975,Spinal cord
17525,11975,Spinal cord
17575,11975,Spinal cord
17625,11975,Spinal cord
17675,11975,Spinal cord
17725,11975,Spinal cord
17775,11975,Spinal cord
17825,11975,Spinal cord
17875,11975,Spinal cord
17925,11975,Spinal cord
17975,11975,Spinal cord
18025,11975,Spinal cord
18075,11975,Spinal cord
18125,11975,Spinal cord
18175,11975,Spinal cord
18225,11975,Spinal cord
18275,11975,Spinal cord
18325,11975,Spinal cord
18375,11975,Spinal cord
18425,11975,Spinal cord
18475,11975,Spinal cord
18525,11975,Spinal cord
18575,11975,Spinal cord
18625,11975,Spinal cord
18675,11975,Spinal cord
18725,11975,Spinal cord
18775,11975,Spinal cord
18825,11975,Spinal cord
18875,11975,Spinal cord
18925,11975,Spinal cord
18975,11975,Spinal cord
19025,11975,Spinal cord
19075,11975,Spinal cord
19125,11975,Spinal cord
19175,11975,Spinal cord
19225,11975,Spinal cord
19275,11975,Spinal cord
19325,11975,Spinal cord
19375,11975,Spinal cord
19425,11975,Spinal cord
19475,11975,Spinal cord
19525,11975,Spinal cord
19575,11975,Spinal cord
19625,11975,Spinal cord
19675,11975,Spinal cord
19725,11975,Spinal cord
19775,11975,Spinal cord
19825,11975,Spinal cord
19875,11975,Spinal cord
19925,11975,Spinal cord
19975,11975,Spinal cord
20025,11975,Spinal cord
20075,11975,Spinal cord
20125,11975,Spinal cord
20175,11975,Spinal cord
20225,11975,Spinal cord
20275,11975,Spinal cord
20325,11975,Spinal cord
20375,11975,Spinal cord
20425,11975,Spinal cord
20475,11975,Spinal cord
20525,11975,Spinal cord
20575,11975,Spinal cord
20625,11975,Spinal cord
20675,11975,Spinal cord
20725,11975,Spinal cord
20775,11975,Spinal cord
20825,11975,Spinal cord
20875,11975,Spinal cord
20925,11975,Spinal cord
20975,11975,Spinal cord
21025,11975,Spinal cord
21075,11975,Spinal cord
21125,11975,Spinal cord
21175,11975,Spinal cord
21225,11975,Spinal cord
21275,11975,Spinal cord
21325,11975,Spinal cord
21375,11975,Spinal cord
21425,11975,Spinal cord
21475,11975,Spinal cord
21525,11975,Spinal cord
21575,11975,Spinal cord
21625,11975,Spinal cord
21675,11975,Spinal cord
21725,11975,Spinal cord
21775,11975,Meninges
21825,11975,Meninges
21875,11975,Meninges
21925,11975,Meninges
21975,11975,Meninges
22025,11975,Meninges
22075,11975,Meninges
22125,11975,Meninges
22175,11975,Meninges
22225,11975,Meninges
22275,11975,Meninges
22325,11975,Meninges
22375,11975,Meninges
22425,11975,Meninges
22475,11975,Meninges
22525,11975,Meninges
22575,11975,Meninges
22625,11975,Meninges
22675,11975,Meninges
22725,11975,Meninges
22775,11975,Meninges
22825,11975,Meninges
22875,11975,Meninges
22925,11975,Meninges
22975,11975,Meninges
23025,11975,Meninges
23075,11975,Meninges
23125,11975,Meninges
23175,11975,Meninges
23225,11975,Meninges
23275,11975,Meninges
23325,11975,Meninges
23375,11975,Connective tissue
23425,11975,Connective tissue
23475,11975,Connective tissue
23525,11975,Connective tissue
23575,11975,Connective tissue
23625,11975,Connective tissue
23675,11975,Connective tissue
23725,11975,Connective tissue
23775,11975,Connective tissue
23825,11975,Connective tissue
23875,11975,Connective tissue
23925,11975,Connective tissue
23975,11975,Connective tissue
24025,11975,Connective tissue
24075,11975,Connective tissue
24125,11975,Connective tissue
24175,11975,Connective tissue
24225,11975,Connective tissue
24275,11975,Connective tissue
24325,11975,Connective tissue
24375,11975,Connective tissue
24425,11975,Connective tissue
24475,11975,Connective tissue
24525,11975,Connective tissue
24575,11975,Connective tissue
24625,11975,Connective tissue
24675,11975,Connective tissue
24725,11975,Connective tissue
24775,11975,Connective tissue
24825,11975,Connective tissue
24875,11975,Connective tissue
24925,11975,Connective tissue
24975,11975,Connective tissue
15025,12025,Spinal cord
15075,12025,Spinal cord
15125,12025,Spinal cord
15175,12025,Spinal cord
15225,12025,Spinal cord
15275,12025,Spinal cord
15325,12025,Spinal cord
15375,12025,Spinal cord
15425,12025,Spinal cord
15475,12025,Spinal cord
15525,12025,Spinal cord
15575,12025,Spinal cord
15625,12025,Spinal cord
15675,12025,Spinal cord
15725,12025,Spinal cord
15775,12025,Spinal cord
15825,12025,Spinal cord
15875,12025,Spinal cord
15925,12025,Spinal cord
15975,12025,Spinal cord
16025,12025,Spinal cord
16075,12025,Spinal cord
16125,12025,Spinal cord
16175,12025,Spinal cord
16225,12025,Spinal cord
16275,12025,Spinal cord
16325,12025,Spinal cord
16375,12025,Spinal cord
16425,12025,Spinal cord
16475,12025,Spinal cord
16525,12025,Spinal cord
16575,12025,Spinal cord
16625,12025,Spinal cord
16675,12025,Spinal cord
16725,12025,Spinal cord
16775,12025,Spinal cord
16825,12025,Spinal cord
16875,12025,Spinal cord
16925,12025,Spinal cord
16975,12025,Spinal cord
17025,12025,Spinal cord
17075,12025,Spinal cord
17125,12025,Spinal cord
17175,12025,Spinal cord
17225,12025,Spinal cord
17275,12025,Spinal cord
17325,12025,Spinal cord
17375,12025,Spinal cord
17425,12025,Spinal cord
17475,12025,Spinal cord
17525,12025,Spinal cord
17575,12025,Spinal cord
17625,12025,Spinal cord
17675,12025,Spinal cord
17725,12025,Spinal cord
17775,12025,Spinal cord
17825,12025,Spinal cord
17875,12025,Spinal cord
17925,12025,Spinal cord
17975,12025,Spinal cord
18025,12025,Spinal cord
18075,12025,Spinal cord
18125,12025,Spinal cord
18175,12025,Spinal cord
18225,12025,Spinal cord
18275,12025,Spinal cord
18325,12025,Spinal cord
18375,12025,Spinal cord
18425,12025,Spinal cord
18475,12025,Spinal cord
18525,12025,Spinal cord
18575,12025,Spinal cord
18625,12025,Spinal cord
18675,12025,Spinal cord
18725,12025,Spinal cord
18775,12025,Spinal cord
18825,12025,Spinal cord
18875,12025,Spinal cord
18925,12025,Spinal cord
18975,12025,Spinal cord
19025,12025,Spinal cord
19075,12025,Spinal cord
19125,12025,Spinal cord
19175,12025,Spinal cord
19225,12025,Spinal cord
19275,12025,Spinal cord
19325,12025,Spinal cord
19375,12025,Spinal cord
19425,12025,Spinal cord
19475,12025,Spinal cord
19525,12025,Spinal cord
19575,12025,Spinal cord
19625,12025,Spinal cord
19675,12025,Spinal cord
19725,12025,Spinal cord
19775,12025,Spinal cord
19825,12025,Spinal cord
19875,12025,Spinal cord
19925,12025,Spinal cord
19975,12025,Spinal cord
20025,12025,Spinal cord
20075,12025,Spinal cord
20125,12025,Spinal cord
20175,12025,Spinal cord
20225,12025,Spinal cord
20275,12025,Spinal cord
20325,12025,Spinal cord
20375,12025,Spinal cord
20425,12025,Spinal cord
20475,12025,Spinal cord
20525,12025,Spinal cord
20575,12025,Spinal cord
20625,12025,Spinal cord
20675,12025,Spinal cord
20725,12025,Spinal cord
20775,12025,Spinal cord
20825,12025,Spinal cord
20875,12025,Spinal cord
20925,12025,Spinal cord
20975,12025,Spinal cord
21025,12025,Spinal cord
21075,12025,Spinal cord
21125,12025,Spinal cord
21175,12025,Spinal cord
21225,12025,Spinal cord
21275,12025,Spinal cord
21325,12025,Spinal cord
21375,12025,Spinal cord
21425,12025,Spinal cord
21475,12025,Spinal cord
21525,12025,Meninges
21575,12025,Meninges
21625,12025,Meninges
21675,12025,Meninges
21725,12025,Meninges
21775,12025,Meninges
21825,12025,Meninges
21875,12025,Meninges
21925,12025,Meninges
21975,12025,Meninges
22025,12025,Meninges
22075,12025,Meninges
22125,12025,Meninges
22175,12025,Meninges
22225,12025,Meninges
22275,12025,Meninges
22325,12025,Meninges
22375,12025,Meninges
22425,12025,Meninges
22475,12025,Meninges
22525,12025,Meninges
22575,12025,Meninges
22625,12025,Meninges
22675,12025,Meninges
22725,12025,Meninges
22775,12025,Meninges
22825,12025,Meninges
22875,12025,Meninges
22925,12025,Meninges
22975,12025,Meninges
23025,12025,Meninges
23075,12025,Connective tissue
23125,12025,Connective tissue
23175,12025,Connective tissue
23225,12025,Connective tissue
23275,12025,Connective tissue
23325,12025,Connective tissue
23375,12025,Connective tissue
23425,12025,Connective tissue
23475,12025,Connective tissue
23525,12025,Connective tissue
23575,12025,Connective tissue
23625,12025,Connective tissue
23675,12025,Connective tissue
23725,12025,Connective tissue
23775,12025,Connective tissue
23825,12025,Connective tissue
23875,12025,Connective tissue
23925,12025,Connective tissue
23975,12025,Connective tissue
24025,12025,Connective tissue
24075,12025,Connective tissue
24125,12025,Connective tissue
24175,12025,Connective tissue
24225,12025,Connective tissue
24275,12025,Connective tissue
24325,12025,Connective tissue
24375,12025,Connective tissue
24425,12025,Cartilage primordium
24475,12025,Cartilage primordium
24525,12025,Cartilage primordium
24575,12025,Cartilage primordium
24625,12025,Cartilage primordium
24675,12025,Cartilage primordium
24725,12025,Connective tissue
24775,12025,Cartilage primordium
24825,12025,Connective tissue
24875,12025,Connective tissue
24925,12025,Connective tissue
24975,12025,Connective tissue
15025,12075,Spinal cord
15075,12075,Spinal cord
15125,12075,Spinal cord
15175,12075,Spinal cord
15225,12075,Spinal cord
15275,12075,Spinal cord
15325,12075,Spinal cord
15375,12075,Spinal cord
15425,12075,Spinal cord
15475,12075,Spinal cord
15525,12075,Spinal cord
15575,12075,Spinal cord
15625,12075,Spinal cord
15675,12075,Spinal cord
15725,12075,Spinal cord
15775,12075,Spinal cord
15825,12075,Spinal cord
15875,12075,Spinal cord
15925,12075,Spinal cord
15975,12075,Spinal cord
16025,12075,Spinal cord
16075,12075,Spinal cord
16125,12075,Spinal cord
16175,12075,Spinal cord
16225,12075,Spinal cord
16275,12075,Spinal cord
16325,12075,Spinal cord
16375,12075,Spinal cord
16425,12075,Spinal cord
16475,12075,Spinal cord
16525,12075,Spinal cord
16575,12075,Spinal cord
16625,12075,Spinal cord
16675,12075,Spinal cord
16725,12075,Spinal cord
16775,12075,Spinal cord
16825,12075,Spinal cord
16875,12075,Spinal cord
16925,12075,Spinal cord
16975,12075,Spinal cord
17025,12075,Spinal cord
17075,12075,Spinal cord
17125,12075,Spinal cord
17175,12075,Spinal cord
17225,12075,Spinal cord
17275,12075,Spinal cord
17325,12075,Spinal cord
17375,12075,Spinal cord
17425,12075,Spinal cord
17475,12075,Spinal cord
17525,12075,Spinal cord
17575,12075,Spinal cord
17625,12075,Spinal cord
17675,12075,Spinal cord
17725,12075,Spinal cord
17775,12075,Spinal cord
17825,12075,Spinal cord
17875,12075,Spinal cord
17925,12075,Spinal cord
17975,12075,Spinal cord
18025,12075,Spinal cord
18075,12075,Spinal cord
18125,12075,Spinal cord
18175,12075,Spinal cord
18225,12075,Spinal cord
18275,12075,Spinal cord
18325,12075,Spinal cord
18375,12075,Spinal cord
18425,12075,Spinal cord
18475,12075,Spinal cord
18525,12075,Spinal cord
18575,12075,Spinal cord
18625,12075,Spinal cord
18675,12075,Spinal cord
18725,12075,Spinal cord
18775,12075,Spinal cord
18825,12075,Spinal cord
18875,12075,Spinal cord
18925,12075,Spinal cord
18975,12075,Spinal cord
19025,12075,Spinal cord
19075,12075,Spinal cord
19125,12075,Spinal cord
19175,12075,Spinal cord
19225,12075,Spinal cord
19275,12075,Spinal cord
19325,12075,Spinal cord
19375,12075,Spinal cord
19425,12075,Spinal cord
19475,12075,Spinal cord
19525,12075,Spinal cord
19575,12075,Spinal cord
19625,12075,Spinal cord
19675,12075,Spinal cord
19725,12075,Spinal cord
19775,12075,Spinal cord
19825,12075,Spinal cord
19875,12075,Spinal cord
19925,12075,Spinal cord
19975,12075,Spinal cord
20025,12075,Spinal cord
20075,12075,Spinal cord
20125,12075,Spinal cord
20175,12075,Spinal cord
20225,12075,Spinal cord
20275,12075,Spinal cord
20325,12075,Spinal cord
20375,12075,Spinal cord
20425,12075,Spinal cord
20475,12075,Spinal cord
20525,12075,Spinal cord
20575,12075,Spinal cord
20625,12075,Spinal cord
20675,12075,Spinal cord
20725,12075,Spinal cord
20775,12075,Spinal cord
20825,12075,Spinal cord
20875,12075,Spinal cord
20925,12075,Spinal cord
20975,12075,Spinal cord
21025,12075,Spinal cord
21075,12075,Spinal cord
21125,12075,Spinal cord
21175,12075,Spinal cord
21225,12075,Spinal cord
21275,12075,Spinal cord
21325,12075,Meninges
21375,12075,Meninges
21425,12075,Meninges
21475,12075,Meninges
21525,12075,Meninges
21575,12075,Meninges
21625,12075,Meninges
21675,12075,Meninges
21725,12075,Meninges
21775,12075,Meninges
21825,12075,Meninges
21875,12075,Meninges
21925,12075,Meninges
21975,12075,Meninges
22025,12075,Meninges
22075,12075,Meninges
22125,12075,Meninges
22175,12075,Meninges
22225,12075,Meninges
22275,12075,Meninges
22325,12075,Meninges
22375,12075,Meninges
22425,12075,Meninges
22475,12075,Meninges
22525,12075,Meninges
22575,12075,Meninges
22625,12075,Meninges
22675,12075,Meninges
22725,12075,Meninges
22775,12075,Connective tissue
22825,12075,Connective tissue
22875,12075,Connective tissue
22925,12075,Connective tissue
22975,12075,Connective tissue
23025,12075,Connective tissue
23075,12075,Connective tissue
23125,12075,Connective tissue
23175,12075,Connective tissue
23225,12075,Connective tissue
23275,12075,Connective tissue
23325,12075,Connective tissue
23375,12075,Connective tissue
23425,12075,Connective tissue
23475,12075,Connective tissue
23525,12075,Connective tissue
23575,12075,Connective tissue
23625,12075,Connective tissue
23675,12075,Cartilage primordium
23725,12075,Cartilage primordium
23775,12075,Cartilage primordium
23825,12075,Cartilage primordium
23875,12075,Cartilage primordium
23925,12075,Cartilage primordium
23975,12075,Cartilage primordium
24025,12075,Cartilage primordium
24075,12075,Cartilage primordium
24125,12075,Connective tissue
24175,12075,Connective tissue
24225,12075,Connective tissue
24275,12075,Connective tissue
24325,12075,Connective tissue
24375,12075,Cartilage primordium
24425,12075,Cartilage primordium
24475,12075,Cartilage primordium
24525,12075,Cartilage primordium
24575,12075,Cartilage primordium
24625,12075,Cartilage primordium
24675,12075,Cartilage primordium
24725,12075,Cartilage primordium
24775,12075,Cartilage primordium
24825,12075,Cartilage primordium
24875,12075,Cartilage primordium
24925,12075,Cartilage primordium
24975,12075,Connective tissue
15025,12125,Spinal cord
15075,12125,Spinal cord
15125,12125,Spinal cord
15175,12125,Spinal cord
15225,12125,Spinal cord
15275,12125,Spinal cord
15325,12125,Spinal cord
15375,12125,Spinal cord
15425,12125,Spinal cord
15475,12125,Spinal cord
15525,12125,Spinal cord
15575,12125,Spinal cord
15625,12125,Spinal cord
15675,12125,Spinal cord
15725,12125,Spinal cord
15775,12125,Spinal cord
15825,12125,Spinal cord
15875,12125,Spinal cord
15925,12125,Spinal cord
15975,12125,Spinal cord
16025,12125,Spinal cord
16075,12125,Spinal cord
16125,12125,Spinal cord
16175,12125,Spinal cord
16225,12125,Spinal cord
16275,12125,Spinal cord
16325,12125,Spinal cord
16375,12125,Spinal cord
16425,12125,Spinal cord
16475,12125,Spinal cord
16525,12125,Spinal cord
16575,12125,Spinal cord
16625,12125,Spinal cord
16675,12125,Spinal cord
16725,12125,Spinal cord
16775,12125,Spinal cord
16825,12125,Spinal cord
16875,12125,Spinal cord
16925,12125,Spinal cord
16975,12125,Spinal cord
17025,12125,Spinal cord
17075,12125,Spinal cord
17125,12125,Spinal cord
17175,12125,Spinal cord
17225,12125,Spinal cord
17275,12125,Spinal cord
17325,12125,Spinal cord
17375,12125,Spinal cord
17425,12125,Spinal cord
17475,12125,Spinal cord
17525,12125,Spinal cord
17575,12125,Spinal cord
17625,12125,Spinal cord
17675,12125,Spinal cord
17725,12125,Spinal cord
17775,12125,Spinal cord
17825,12125,Spinal cord
17875,12125,Spinal cord
17925,12125,Spinal cord
17975,12125,Spinal cord
18025,12125,Spinal cord
18075,12125,Spinal cord
18125,12125,Spinal cord
18175,12125,Spinal cord
18225,12125,Spinal cord
18275,12125,Spinal cord
18325,12125,Spinal cord
18375,12125,Spinal cord
18425,12125,Spinal cord
18475,12125,Spinal cord
18525,12125,Spinal cord
18575,12125,Spinal cord
18625,12125,Spinal cord
18675,12125,Spinal cord
18725,12125,Spinal cord
18775,12125,Spinal cord
18825,12125,Spinal cord
18875,12125,Spinal cord
18925,12125,Spinal cord
18975,12125,Spinal cord
19025,12125,Spinal cord
19075,12125,Spinal cord
19125,12125,Spinal cord
19175,12125,Spinal cord
19225,12125,Spinal cord
19275,12125,Spinal cord
19325,12125,Spinal cord
19375,12125,Spinal cord
19425,12125,Spinal cord
19475,12125,Spinal cord
19525,12125,Spinal cord
19575,12125,Spinal cord
19625,12125,Spinal cord
19675,12125,Spinal cord
19725,12125,Spinal cord
19775,12125,Spinal cord
19825,12125,Spinal cord
19875,12125,Spinal cord
19925,12125,Spinal cord
19975,12125,Spinal cord
20025,12125,Spinal cord
20075,12125,Spinal cord
20125,12125,Spinal cord
20175,12125,Spinal cord
20225,12125,Spinal cord
20275,12125,Spinal cord
20325,12125,Spinal cord
20375,12125,Spinal cord
20425,12125,Spinal cord
20475,12125,Spinal cord
20525,12125,Spinal cord
20575,12125,Spinal cord
20625,12125,Spinal cord
20675,12125,Spinal cord
20725,12125,Spinal cord
20775,12125,Spinal cord
20825,12125,Spinal cord
20875,12125,Spinal cord
20925,12125,Spinal cord
20975,12125,Spinal cord
21025,12125,Spinal cord
21075,12125,Spinal cord
21125,12125,Spinal cord
21175,12125,Spinal cord
21225,12125,Meninges
21275,12125,Meninges
21325,12125,Meninges
21375,12125,Meninges
21425,12125,Meninges
21475,12125,Meninges
21525,12125,Meninges
21575,12125,Meninges
21625,12125,Meninges
21675,12125,Meninges
21725,12125,Meninges
21775,12125,Meninges
21825,12125,Meninges
21875,12125,Meninges
21925,12125,Meninges
21975,12125,Meninges
22025,12125,Meninges
22075,12125,Meninges
22125,12125,Meninges
22175,12125,Meninges
22225,12125,Meninges
22275,12125,Meninges
22325,12125,Meninges
22375,12125,Meninges
22425,12125,Meninges
22475,12125,Meninges
22525,12125,Meninges
22575,12125,Connective tissue
22625,12125,Connective tissue
22675,12125,Connective tissue
22725,12125,Connective tissue
22775,12125,Connective tissue
22825,12125,Connective tissue
22875,12125,Connective tissue
22925,12125,Connective tissue
22975,12125,Connective tissue
23025,12125,Connective tissue
23075,12125,Connective tissue
23125,12125,Connective tissue
23175,12125,Connective tissue
23225,12125,Cartilage primordium
23275,12125,Cartilage primordium
23325,12125,Connective tissue
23375,12125,Connective tissue
23425,12125,Connective tissue
23475,12125,Connective tissue
23525,12125,Connective tissue
23575,12125,Cartilage primordium
23625,12125,Cartilage primordium
23675,12125,Cartilage primordium
23725,12125,Cartilage primordium
23775,12125,Cartilage primordium
23825,12125,Cartilage primordium
23875,12125,Cartilage primordium
23925,12125,Cartilage primordium
23975,12125,Cartilage primordium
24025,12125,Cartilage primordium
24075,12125,Cartilage primordium
24125,12125,Cartilage primordium
24175,12125,Connective tissue
24225,12125,Connective tissue
24275,12125,Connective tissue
24325,12125,Connective tissue
24375,12125,Cartilage primordium
24425,12125,Cartilage primordium
24475,12125,Cartilage primordium
24525,12125,Cartilage primordium
24575,12125,Cartilage primordium
24625,12125,Cartilage primordium
24675,12125,Cartilage primordium
24725,12125,Cartilage primordium
24775,12125,Cartilage primordium
24825,12125,Cartilage primordium
24875,12125,Cartilage primordium
24925,12125,Cartilage primordium
24975,12125,Connective tissue
15025,12175,Spinal cord
15075,12175,Spinal cord
15125,12175,Spinal cord
15175,12175,Spinal cord
15225,12175,Spinal cord
15275,12175,Spinal cord
15325,12175,Spinal cord
15375,12175,Spinal cord
15425,12175,Spinal cord
15475,12175,Spinal cord
15525,12175,Spinal cord
15575,12175,Spinal cord
15625,12175,Spinal cord
15675,12175,Spinal cord
15725,12175,Spinal cord
15775,12175,Spinal cord
15825,12175,Spinal cord
15875,12175,Spinal cord
15925,12175,Spinal cord
15975,12175,Spinal cord
16025,12175,Spinal cord
16075,12175,Spinal cord
16125,12175,Spinal cord
16175,12175,Spinal cord
16225,12175,Spinal cord
16275,12175,Spinal cord
16325,12175,Spinal cord
16375,12175,Spinal cord
16425,12175,Spinal cord
16475,12175,Spinal cord
16525,12175,Spinal cord
16575,12175,Spinal cord
16625,12175,Spinal cord
16675,12175,Spinal cord
16725,12175,Spinal cord
16775,12175,Spinal cord
16825,12175,Spinal cord
16875,12175,Spinal cord
16925,12175,Spinal cord
16975,12175,Spinal cord
17025,12175,Spinal cord
17075,12175,Spinal cord
17125,12175,Spinal cord
17175,12175,Spinal cord
17225,12175,Spinal cord
17275,12175,Spinal cord
17325,12175,Spinal cord
17375,12175,Spinal cord
17425,12175,Spinal cord
17475,12175,Spinal cord
17525,12175,Spinal cord
17575,12175,Spinal cord
17625,12175,Spinal cord
17675,12175,Spinal cord
17725,12175,Spinal cord
17775,12175,Spinal cord
17825,12175,Spinal cord
17875,12175,Spinal cord
17925,12175,Spinal cord
17975,12175,Spinal cord
18025,12175,Spinal cord
18075,12175,Spinal cord
18125,12175,Spinal cord
18175,12175,Spinal cord
18225,12175,Spinal cord
18275,12175,Spinal cord
18325,12175,Spinal cord
18375,12175,Spinal cord
18425,12175,Spinal cord
18475,12175,Spinal cord
18525,12175,Spinal cord
18575,12175,Spinal cord
18625,12175,Spinal cord
18675,12175,Spinal cord
18725,12175,Spinal cord
18775,12175,Spinal cord
18825,12175,Spinal cord
18875,12175,Spinal cord
18925,12175,Spinal cord
18975,12175,Spinal cord
19025,12175,Spinal cord
19075,12175,Spinal cord
19125,12175,Spinal cord
19175,12175,Spinal cord
19225,12175,Spinal cord
19275,12175,Spinal cord
19325,12175,Spinal cord
19375,12175,Spinal cord
19425,12175,Spinal cord
19475,12175,Spinal cord
19525,12175,Spinal cord
19575,12175,Spinal cord
19625,12175,Spinal cord
19675,12175,Spinal cord
19725,12175,Spinal cord
19775,12175,Spinal cord
19825,12175,Spinal cord
19875,12175,Spinal cord
19925,12175,Spinal cord
19975,12175,Spinal cord
20025,12175,Spinal cord
20075,12175,Spinal cord
20125,12175,Spinal cord
20175,12175,Spinal cord
20225,12175,Spinal cord
20275,12175,Spinal cord
20325,12175,Spinal cord
20375,12175,Spinal cord
20425,12175,Spinal cord
20475,12175,Spinal cord
20525,12175,Spinal cord
20575,12175,Spinal cord
20625,12175,Spinal cord
20675,12175,Spinal cord
20725,12175,Spinal cord
20775,12175,Spinal cord
20825,12175,Spinal cord
20875,12175,Spinal cord
20925,12175,Spinal cord
20975,12175,Spinal cord
21025,12175,Spinal cord
21075,12175,Spinal cord
21125,12175,Spinal cord
21175,12175,Meninges
21225,12175,Meninges
21275,12175,Meninges
21325,12175,Meninges
21375,12175,Meninges
21425,12175,Meninges
21475,12175,Meninges
21525,12175,Meninges
21575,12175,Meninges
21625,12175,Meninges
21675,12175,Meninges
21725,12175,Meninges
21775,12175,Meninges
21825,12175,Meninges
21875,12175,Meninges
21925,12175,Meninges
21975,12175,Meninges
22025,12175,Meninges
22075,12175,Meninges
22125,12175,Meninges
22175,12175,Meninges
22225,12175,Meninges
22275,12175,Meninges
22325,12175,Meninges
22375,12175,Connective tissue
22425,12175,Connective tissue
22475,12175,Connective tissue
22525,12175,Cartilage primordium
22575,12175,Cartilage primordium
22625,12175,Connective tissue
22675,12175,Connective tissue
22725,12175,Connective tissue
22775,12175,Connective tissue
22825,12175,Connective tissue
22875,12175,Connective tissue
22925,12175,Cartilage primordium
22975,12175,Cartilage primordium
23025,12175,Cartilage primordium
23075,12175,Cartilage primordium
23125,12175,Cartilage primordium
23175,12175,Connective tissue
23225,12175,Cartilage primordium
23275,12175,Cartilage primordium
23325,12175,Cartilage primordium
23375,12175,Connective tissue
23425,12175,Connective tissue
23475,12175,Connective tissue
23525,12175,Cartilage primordium
23575,12175,Cartilage primordium
23625,12175,Cartilage primordium
23675,12175,Cartilage primordium
23725,12175,Cartilage primordium
23775,12175,Cartilage primordium
23825,12175,Cartilage primordium
23875,12175,Cartilage primordium
23925,12175,Cartilage primordium
23975,12175,Cartilage primordium
24025,12175,Cartilage primordium
24075,12175,Cartilage primordium
24125,12175,Cartilage primordium
24175,12175,Connective tissue
24225,12175,Connective tissue
24275,12175,Connective tissue
24325,12175,Connective tissue
24375,12175,Cartilage primordium
24425,12175,Cartilage primordium
24475,12175,Cartilage primordium
24525,12175,Cartilage primordium
24575,12175,Cartilage primordium
24625,12175,Cartilage primordium
24675,12175,Cartilage primordium
24725,12175,Cartilage primordium
24775,12175,Cartilage primordium
24825,12175,Cartilage primordium
24875,12175,Cartilage primordium
24925,12175,Cartilage primordium
24975,12175,Connective tissue
15025,12225,Spinal cord
15075,12225,Spinal cord
15125,12225,Spinal cord
15175,12225,Spinal cord
15225,12225,Spinal cord
15275,12225,Spinal cord
15325,12225,Spinal cord
15375,12225,Spinal cord
15425,12225,Spinal cord
15475,12225,Spinal cord
15525,12225,Spinal cord
15575,12225,Spinal cord
15625,12225,Spinal cord
15675,12225,Spinal cord
15725,12225,Spinal cord
15775,12225,Spinal cord
15825,12225,Spinal cord
15875,12225,Spinal cord
15925,12225,Spinal cord
15975,12225,Spinal cord
16025,12225,Spinal cord
16075,12225,Spinal cord
16125,12225,Spinal cord
16175,12225,Spinal cord
16225,12225,Spinal cord
16275,12225,Spinal cord
16325,12225,Spinal cord
16375,12225,Spinal cord
16425,12225,Spinal cord
16475,12225,Spinal cord
16525,12225,Spinal cord
16575,12225,Spinal cord
16625,12225,Spinal cord
16675,12225,Spinal cord
16725,12225,Spinal cord
16775,12225,Spinal cord
16825,12225,Spinal cord
16875,12225,Spinal cord
16925,12225,Spinal cord
16975,12225,Spinal cord
17025,12225,Spinal cord
17075,12225,Spinal cord
17125,12225,Spinal cord
17175,12225,Spinal cord
17225,12225,Spinal cord
17275,12225,Spinal cord
17325,12225,Spinal cord
17375,12225,Spinal cord
17425,12225,Spinal cord
17475,12225,Spinal cord
17525,12225,Spinal cord
17575,12225,Spinal cord
17625,12225,Spinal cord
17675,12225,Spinal cord
17725,12225,Spinal cord
17775,12225,Spinal cord
17825,12225,Spinal cord
17875,12225,Spinal cord
17925,12225,Spinal cord
17975,12225,Spinal cord
18025,12225,Spinal cord
18075,12225,Spinal cord
18125,12225,Spinal cord
18175,12225,Spinal cord
18225,12225,Spinal cord
18275,12225,Spinal cord
18325,12225,Spinal cord
18375,12225,Spinal cord
18425,12225,Spinal cord
18475,12225,Spinal cord
18525,12225,Spinal cord
18575,12225,Spinal cord
18625,12225,Spinal cord
18675,12225,Spinal cord
18725,12225,Spinal cord
18775,12225,Spinal cord
18825,12225,Spinal cord
18875,12225,Spinal cord
18925,12225,Spinal cord
18975,12225,Spinal cord
19025,12225,Spinal cord
19075,12225,Spinal cord
19125,12225,Spinal cord
19175,12225,Spinal cord
19225,12225,Spinal cord
19275,12225,Spinal cord
19325,12225,Spinal cord
19375,12225,Spinal cord
19425,12225,Spinal cord
19475,12225,Spinal cord
19525,12225,Spinal cord
19575,12225,Spinal cord
19625,12225,Spinal cord
19675,12225,Spinal cord
19725,12225,Spinal cord
19775,12225,Spinal cord
19825,12225,Spinal cord
19875,12225,Spinal cord
19925,12225,Spinal cord
19975,12225,Spinal cord
20025,12225,Spinal cord
20075,12225,Spinal cord
20125,12225,Spinal cord
20175,12225,Spinal cord
20225,12225,Spinal cord
20275,12225,Spinal cord
20325,12225,Spinal cord
20375,12225,Spinal cord
20425,12225,Spinal cord
20475,12225,Spinal cord
20525,12225,Spinal cord
20575,12225,Spinal cord
20625,12225,Spinal cord
20675,12225,Spinal cord
20725,12225,Spinal cord
20775,12225,Spinal cord
20825,12225,Spinal cord
20875,12225,Meninges
20925,12225,Meninges
20975,12225,Meninges
21025,12225,Meninges
21075,12225,Meninges
21125,12225,Meninges
21175,12225,Meninges
21225,12225,Meninges
21275,12225,Meninges
21325,12225,Meninges
21375,12225,Meninges
21425,12225,Meninges
21475,12225,Meninges
21525,12225,Meninges
21575,12225,Meninges
21625,12225,Meninges
21675,12225,Meninges
21725,12225,Meninges
21775,12225,Meninges
21825,12225,Meninges
21875,12225,Meninges
21925,12225,Meninges
21975,12225,Meninges
22025,12225,Meninges
22075,12225,Connective tissue
22125,12225,Connective tissue
22175,12225,Connective tissue
22225,12225,Connective tissue
22275,12225,Connective tissue
22325,12225,Connective tissue
22375,12225,Connective tissue
22425,12225,Connective tissue
22475,12225,Cartilage primordium
22525,12225,Cavity
22575,12225,Cartilage primordium
22625,12225,Connective tissue
22675,12225,Connective tissue
22725,12225,Connective tissue
22775,12225,Connective tissue
22825,12225,Cartilage primordium
22875,12225,Cartilage primordium
22925,12225,Cartilage primordium
22975,12225,Cartilage primordium
23025,12225,Cartilage primordium
23075,12225,Cartilage primordium
23125,12225,Cartilage primordium
23175,12225,Connective tissue
23225,12225,Cartilage primordium
23275,12225,Cartilage primordium
23325,12225,Cartilage primordium
23375,12225,Connective tissue
23425,12225,Connective tissue
23475,12225,Connective tissue
23525,12225,Cartilage primordium
23575,12225,Cartilage primordium
23625,12225,Cartilage primordium
23675,12225,Cartilage primordium
23725,12225,Cartilage primordium
23775,12225,Cartilage primordium
23825,12225,Cartilage primordium
23875,12225,Cartilage primordium
23925,12225,Cartilage primordium
23975,12225,Cartilage primordium
24025,12225,Cartilage primordium
24075,12225,Cartilage primordium
24125,12225,Cartilage primordium
24175,12225,Connective tissue
24225,12225,Connective tissue
24275,12225,Connective tissue
24325,12225,Connective tissue
24375,12225,Cartilage primordium
24425,12225,Cartilage primordium
24475,12225,Cartilage primordium
24525,12225,Cartilage primordium
24575,12225,Cartilage primordium
24625,12225,Cartilage primordium
24675,12225,Cartilage primordium
24725,12225,Cartilage primordium
24775,12225,Cartilage primordium
24825,12225,Cartilage primordium
24875,12225,Cartilage primordium
24925,12225,Cartilage primordium
24975,12225,Connective tissue
15025,12275,Spinal cord
15075,12275,Spinal cord
15125,12275,Spinal cord
15175,12275,Spinal cord
15225,12275,Spinal cord
15275,12275,Spinal cord
15325,12275,Spinal cord
15375,12275,Spinal cord
15425,12275,Spinal cord
15475,12275,Spinal cord
15525,12275,Spinal cord
15575,12275,Spinal cord
15625,12275,Spinal cord
15675,12275,Spinal cord
15725,12275,Spinal cord
15775,12275,Spinal cord
15825,12275,Spinal cord
15875,12275,Spinal cord
15925,12275,Spinal cord
15975,12275,Spinal cord
16025,12275,Spinal cord
16075,12275,Spinal cord
16125,12275,Spinal cord
16175,12275,Spinal cord
16225,12275,Spinal cord
16275,12275,Spinal cord
16325,12275,Spinal cord
16375,12275,Spinal cord
16425,12275,Spinal cord
16475,12275,Spinal cord
16525,12275,Spinal cord
16575,12275,Spinal cord
16625,12275,Spinal cord
16675,12275,Spinal cord
16725,12275,Spinal cord
16775,12275,Spinal cord
16825,12275,Spinal cord
16875,12275,Spinal cord
16925,12275,Spinal cord
16975,12275,Spinal cord
17025,12275,Spinal cord
17075,12275,Spinal cord
17125,12275,Spinal cord
17175,12275,Spinal cord
17225,12275,Spinal cord
17275,12275,Spinal cord
17325,12275,Spinal cord
17375,12275,Spinal cord
17425,12275,Spinal cord
17475,12275,Spinal cord
17525,12275,Spinal cord
17575,12275,Spinal cord
17625,12275,Spinal cord
17675,12275,Spinal cord
17725,12275,Spinal cord
17775,12275,Spinal cord
17825,12275,Spinal cord
17875,12275,Spinal cord
17925,12275,Spinal cord
17975,12275,Spinal cord
18025,12275,Spinal cord
18075,12275,Spinal cord
18125,12275,Spinal cord
18175,12275,Spinal cord
18225,12275,Spinal cord
18275,12275,Spinal cord
18325,12275,Spinal cord
18375,12275,Spinal cord
18425,12275,Spinal cord
18475,12275,Spinal cord
18525,12275,Spinal cord
18575,12275,Spinal cord
18625,12275,Spinal cord
18675,12275,Spinal cord
18725,12275,Spinal cord
18775,12275,Spinal cord
18825,12275,Spinal cord
18875,12275,Spinal cord
18925,12275,Spinal cord
18975,12275,Spinal cord
19025,12275,Spinal cord
19075,12275,Spinal cord
19125,12275,Spinal cord
19175,12275,Spinal cord
19225,12275,Spinal cord
19275,12275,Spinal cord
19325,12275,Spinal cord
19375,12275,Spinal cord
19425,12275,Spinal cord
19475,12275,Spinal cord
19525,12275,Spinal cord
19575,12275,Spinal cord
19625,12275,Spinal cord
19675,12275,Spinal cord
19725,12275,Spinal cord
19775,12275,Spinal cord
19825,12275,Spinal cord
19875,12275,Spinal cord
19925,12275,Spinal cord
19975,12275,Spinal cord
20025,12275,Spinal cord
20075,12275,Spinal cord
20125,12275,Spinal cord
20175,12275,Spinal cord
20225,12275,Spinal cord
20275,12275,Spinal cord
20325,12275,Spinal cord
20375,12275,Spinal cord
20425,12275,Spinal cord
20475,12275,Spinal cord
20525,12275,Meninges
20575,12275,Meninges
20625,12275,Meninges
20675,12275,Meninges
20725,12275,Meninges
20775,12275,Meninges
20825,12275,Meninges
20875,12275,Meninges
20925,12275,Meninges
20975,12275,Meninges
21025,12275,Meninges
21075,12275,Meninges
21125,12275,Meninges
21175,12275,Meninges
21225,12275,Meninges
21275,12275,Meninges
21325,12275,Meninges
21375,12275,Meninges
21425,12275,Meninges
21475,12275,Meninges
21525,12275,Meninges
21575,12275,Meninges
21625,12275,Meninges
21675,12275,Meninges
21725,12275,Meninges
21775,12275,Meninges
21825,12275,Meninges
21875,12275,Meninges
21925,12275,Meninges
21975,12275,Connective tissue
22025,12275,Connective tissue
22075,12275,Connective tissue
22125,12275,Connective tissue
22175,12275,Connective tissue
22225,12275,Connective tissue
22275,12275,Connective tissue
22325,12275,Connective tissue
22375,12275,Connective tissue
22425,12275,Cartilage primordium
22475,12275,Cartilage primordium
22525,12275,Cartilage primordium
22575,12275,Cartilage primordium
22625,12275,Connective tissue
22675,12275,Connective tissue
22725,12275,Connective tissue
22775,12275,Cartilage primordium
22825,12275,Cartilage primordium
22875,12275,Cartilage primordium
22925,12275,Cartilage primordium
22975,12275,Cartilage primordium
23025,12275,Cartilage primordium
23075,12275,Cartilage primordium
23125,12275,Cartilage primordium
23175,12275,Cartilage primordium
23225,12275,Cartilage primordium
23275,12275,Cartilage primordium
23325,12275,Cartilage primordium
23375,12275,Connective tissue
23425,12275,Connective tissue
23475,12275,Connective tissue
23525,12275,Connective tissue
23575,12275,Cartilage primordium
23625,12275,Cartilage primordium
23675,12275,Cartilage primordium
23725,12275,Cartilage primordium
23775,12275,Cartilage primordium
23825,12275,Cartilage primordium
23875,12275,Cartilage primordium
23925,12275,Cartilage primordium
23975,12275,Cartilage primordium
24025,12275,Cartilage primordium
24075,12275,Cartilage primordium
24125,12275,Cartilage primordium
24175,12275,Connective tissue
24225,12275,Connective tissue
24275,12275,Connective tissue
24325,12275,Connective tissue
24375,12275,Connective tissue
24425,12275,Cartilage primordium
24475,12275,Cartilage primordium
24525,12275,Cartilage primordium
24575,12275,Cartilage primordium
24625,12275,Cartilage primordium
24675,12275,Cartilage primordium
24725,12275,Cartilage primordium
24775,12275,Cartilage primordium
24825,12275,Cartilage primordium
24875,12275,Cartilage primordium
24925,12275,Cartilage primordium
24975,12275,Connective tissue
15025,12325,Spinal cord
15075,12325,Spinal cord
15125,12325,Spinal cord
15175,12325,Spinal cord
15225,12325,Spinal cord
15275,12325,Spinal cord
15325,12325,Spinal cord
15375,12325,Spinal cord
15425,12325,Spinal cord
15475,12325,Spinal cord
15525,12325,Spinal cord
15575,12325,Spinal cord
15625,12325,Spinal cord
15675,12325,Spinal cord
15725,12325,Spinal cord
15775,12325,Spinal cord
15825,12325,Spinal cord
15875,12325,Spinal cord
15925,12325,Spinal cord
15975,12325,Spinal cord
16025,12325,Spinal cord
16075,12325,Spinal cord
16125,12325,Spinal cord
16175,12325,Spinal cord
16225,12325,Spinal cord
16275,12325,Spinal cord
16325,12325,Spinal cord
16375,12325,Spinal cord
16425,12325,Spinal cord
16475,12325,Spinal cord
16525,12325,Spinal cord
16575,12325,Spinal cord
16625,12325,Spinal cord
16675,12325,Spinal cord
16725,12325,Spinal cord
16775,12325,Spinal cord
16825,12325,Spinal cord
16875,12325,Spinal cord
16925,12325,Spinal cord
16975,12325,Spinal cord
17025,12325,Spinal cord
17075,12325,Spinal cord
17125,12325,Spinal cord
17175,12325,Spinal cord
17225,12325,Spinal cord
17275,12325,Spinal cord
17325,12325,Spinal cord
17375,12325,Spinal cord
17425,12325,Spinal cord
17475,12325,Spinal cord
17525,12325,Spinal cord
17575,12325,Spinal cord
17625,12325,Spinal cord
17675,12325,Spinal cord
17725,12325,Spinal cord
17775,12325,Spinal cord
17825,12325,Spinal cord
17875,12325,Spinal cord
17925,12325,Spinal cord
17975,12325,Spinal cord
18025,12325,Spinal cord
18075,12325,Spinal cord
18125,12325,Spinal cord
18175,12325,Spinal cord
18225,12325,Spinal cord
18275,12325,Spinal cord
18325,12325,Spinal cord
18375,12325,Spinal cord
18425,12325,Spinal cord
18475,12325,Spinal cord
18525,12325,Spinal cord
18575,12325,Spinal cord
18625,12325,Spinal cord
18675,12325,Spinal cord
18725,12325,Spinal cord
18775,12325,Spinal cord
18825,12325,Spinal cord
18875,12325,Spinal cord
18925,12325,Spinal cord
18975,12325,Spinal cord
19025,12325,Spinal cord
19075,12325,Spinal cord
19125,12325,Spinal cord
19175,12325,Spinal cord
19225,12325,Spinal cord
19275,12325,Spinal cord
19325,12325,Spinal cord
19375,12325,Spinal cord
19425,12325,Spinal cord
19475,12325,Spinal cord
19525,12325,Spinal cord
19575,12325,Spinal cord
19625,12325,Spinal cord
19675,12325,Spinal cord
19725,12325,Spinal cord
19775,12325,Spinal cord
19825,12325,Spinal cord
19875,12325,Spinal cord
19925,12325,Spinal cord
19975,12325,Spinal cord
20025,12325,Spinal cord
20075,12325,Spinal cord
20125,12325,Spinal cord
20175,12325,Spinal cord
20225,12325,Spinal cord
20275,12325,Spinal cord
20325,12325,Spinal cord
20375,12325,Spinal cord
20425,12325,Spinal cord
20475,12325,Spinal cord
20525,12325,Meninges
20575,12325,Meninges
20625,12325,Meninges
20675,12325,Meninges
20725,12325,Meninges
20775,12325,Meninges
20825,12325,Meninges
20875,12325,Meninges
20925,12325,Meninges
20975,12325,Meninges
21025,12325,Meninges
21075,12325,Meninges
21125,12325,Meninges
21175,12325,Meninges
21225,12325,Meninges
21275,12325,Meninges
21325,12325,Meninges
21375,12325,Meninges
21425,12325,Meninges
21475,12325,Meninges
21525,12325,Meninges
21575,12325,Meninges
21625,12325,Connective tissue
21675,12325,Connective tissue
21725,12325,Connective tissue
21775,12325,Connective tissue
21825,12325,Connective tissue
21875,12325,Connective tissue
21925,12325,Connective tissue
21975,12325,Connective tissue
22025,12325,Connective tissue
22075,12325,Connective tissue
22125,12325,Connective tissue
22175,12325,Cartilage primordium
22225,12325,Cartilage primordium
22275,12325,Cartilage primordium
22325,12325,Cartilage primordium
22375,12325,Cartilage primordium
22425,12325,Cartilage primordium
22475,12325,Cartilage primordium
22525,12325,Cartilage primordium
22575,12325,Cartilage primordium
22625,12325,Connective tissue
22675,12325,Connective tissue
22725,12325,Connective tissue
22775,12325,Cartilage primordium
22825,12325,Cartilage primordium
22875,12325,Cartilage primordium
22925,12325,Cartilage primordium
22975,12325,Cartilage primordium
23025,12325,Cartilage primordium
23075,12325,Cartilage primordium
23125,12325,Cartilage primordium
23175,12325,Cartilage primordium
23225,12325,Cartilage primordium
23275,12325,Cartilage primordium
23325,12325,Cartilage primordium
23375,12325,Cartilage primordium
23425,12325,Connective tissue
23475,12325,Connective tissue
23525,12325,Connective tissue
23575,12325,Cartilage primordium
23625,12325,Cartilage primordium
23675,12325,Cartilage primordium
23725,12325,Cartilage primordium
23775,12325,Cartilage primordium
23825,12325,Cartilage primordium
23875,12325,Cartilage primordium
23925,12325,Cartilage primordium
23975,12325,Cartilage primordium
24025,12325,Cartilage primordium
24075,12325,Cartilage primordium
24125,12325,Cartilage primordium
24175,12325,Cartilage primordium
24225,12325,Connective tissue
24275,12325,Connective tissue
24325,12325,Connective tissue
24375,12325,Connective tissue
24425,12325,Connective tissue
24475,12325,Cartilage primordium
24525,12325,Cartilage primordium
24575,12325,Cartilage primordium
24625,12325,Cartilage primordium
24675,12325,Cartilage primordium
24725,12325,Cartilage primordium
24775,12325,Cartilage primordium
24825,12325,Cartilage primordium
24875,12325,Cartilage primordium
24925,12325,Cartilage primordium
24975,12325,Connective tissue
15025,12375,Spinal cord
15075,12375,Spinal cord
15125,12375,Spinal cord
15175,12375,Spinal cord
15225,12375,Spinal cord
15275,12375,Spinal cord
15325,12375,Spinal cord
15375,12375,Spinal cord
15425,12375,Spinal cord
15475,12375,Spinal cord
15525,12375,Spinal cord
15575,12375,Spinal cord
15625,12375,Spinal cord
15675,12375,Spinal cord
15725,12375,Spinal cord
15775,12375,Spinal cord
15825,12375,Spinal cord
15875,12375,Spinal cord
15925,12375,Spinal cord
15975,12375,Spinal cord
16025,12375,Spinal cord
16075,12375,Spinal cord
16125,12375,Spinal cord
16175,12375,Spinal cord
16225,12375,Spinal cord
16275,12375,Spinal cord
16325,12375,Spinal cord
16375,12375,Spinal cord
16425,12375,Spinal cord
16475,12375,Spinal cord
16525,12375,Spinal cord
16575,12375,Spinal cord
16625,12375,Spinal cord
16675,12375,Spinal cord
16725,12375,Spinal cord
16775,12375,Spinal cord
16825,12375,Spinal cord
16875,12375,Spinal cord
16925,12375,Spinal cord
16975,12375,Spinal cord
17025,12375,Spinal cord
17075,12375,Spinal cord
17125,12375,Spinal cord
17175,12375,Spinal cord
17225,12375,Spinal cord
17275,12375,Spinal cord
17325,12375,Spinal cord
17375,12375,Spinal cord
17425,12375,Spinal cord
17475,12375,Spinal cord
17525,12375,Spinal cord
17575,12375,Spinal cord
17625,12375,Spinal cord
17675,12375,Spinal cord
17725,12375,Spinal cord
17775,12375,Spinal cord
17825,12375,Spinal cord
17875,12375,Spinal cord
17925,12375,Spinal cord
17975,12375,Spinal cord
18025,12375,Spinal cord
18075,12375,Spinal cord
18125,12375,Spinal cord
18175,12375,Spinal cord
18225,12375,Spinal cord
18275,12375,Spinal cord
18325,12375,Spinal cord
18375,12375,Spinal cord
18425,12375,Spinal cord
18475,12375,Spinal cord
18525,12375,Spinal cord
18575,12375,Spinal cord
18625,12375,Spinal cord
18675,12375,Spinal cord
18725,12375,Spinal cord
18775,12375,Spinal cord
18825,12375,Spinal cord
18875,12375,Spinal cord
18925,12375,Spinal cord
18975,12375,Spinal cord
19025,12375,Spinal cord
19075,12375,Spinal cord
19125,12375,Spinal cord
19175,12375,Spinal cord
19225,12375,Spinal cord
19275,12375,Spinal cord
19325,12375,Spinal cord
19375,12375,Spinal cord
19425,12375,Spinal cord
19475,12375,Spinal cord
19525,12375,Spinal cord
19575,12375,Spinal cord
19625,12375,Spinal cord
19675,12375,Spinal cord
19725,12375,Spinal cord
19775,12375,Meninges
19825,12375,Spinal cord
19875,12375,Spinal cord
19925,12375,Spinal cord
19975,12375,Spinal cord
20025,12375,Spinal cord
20075,12375,Spinal cord
20125,12375,Spinal cord
20175,12375,Meninges
20225,12375,Meninges
20275,12375,Meninges
20325,12375,Meninges
20375,12375,Meninges
20425,12375,Meninges
20475,12375,Meninges
20525,12375,Meninges
20575,12375,Meninges
20625,12375,Meninges
20675,12375,Meninges
20725,12375,Meninges
20775,12375,Meninges
20825,12375,Meninges
20875,12375,Meninges
20925,12375,Meninges
20975,12375,Meninges
21025,12375,Meninges
21075,12375,Meninges
21125,12375,Meninges
21175,12375,Meninges
21225,12375,Meninges
21275,12375,Meninges
21325,12375,Meninges
21375,12375,Meninges
21425,12375,Connective tissue
21475,12375,Connective tissue
21525,12375,Connective tissue
21575,12375,Connective tissue
21625,12375,Connective tissue
21675,12375,Connective tissue
21725,12375,Connective tissue
21775,12375,Connective tissue
21825,12375,Connective tissue
21875,12375,Connective tissue
21925,12375,Connective tissue
21975,12375,Connective tissue
22025,12375,Connective tissue
22075,12375,Connective tissue
22125,12375,Cartilage primordium
22175,12375,Cartilage primordium
22225,12375,Cartilage primordium
22275,12375,Cartilage primordium
22325,12375,Cartilage primordium
22375,12375,Cartilage primordium
22425,12375,Cartilage primordium
22475,12375,Cartilage primordium
22525,12375,Cartilage primordium
22575,12375,Cartilage primordium
22625,12375,Connective tissue
22675,12375,Connective tissue
22725,12375,Connective tissue
22775,12375,Connective tissue
22825,12375,Cartilage primordium
22875,12375,Cartilage primordium
22925,12375,Cartilage primordium
22975,12375,Cartilage primordium
23025,12375,Cartilage primordium
23075,12375,Cartilage primordium
23125,12375,Cartilage primordium
23175,12375,Cartilage primordium
23225,12375,Cartilage primordium
23275,12375,Cartilage primordium
23325,12375,Cartilage primordium
23375,12375,Cartilage primordium
23425,12375,Connective tissue
23475,12375,Connective tissue
23525,12375,Connective tissue
23575,12375,Cartilage primordium
23625,12375,Cartilage primordium
23675,12375,Cartilage primordium
23725,12375,Cartilage primordium
23775,12375,Cartilage primordium
23825,12375,Cartilage primordium
23875,12375,Cartilage primordium
23925,12375,Cartilage primordium
23975,12375,Cartilage primordium
24025,12375,Cartilage primordium
24075,12375,Cartilage primordium
24125,12375,Cartilage primordium
24175,12375,Connective tissue
24225,12375,Connective tissue
24275,12375,Connective tissue
24325,12375,Connective tissue
24375,12375,Connective tissue
24425,12375,Connective tissue
24475,12375,Connective tissue
24525,12375,Connective tissue
24575,12375,Connective tissue
24625,12375,Connective tissue
24675,12375,Connective tissue
24725,12375,Connective tissue
24775,12375,Cartilage primordium
24825,12375,Cartilage primordium
24875,12375,Cartilage primordium
24925,12375,Connective tissue
24975,12375,Connective tissue
15025,12425,Meninges
15075,12425,Meninges
15125,12425,Meninges
15175,12425,Spinal cord
15225,12425,Spinal cord
15275,12425,Spinal cord
15325,12425,Spinal cord
15375,12425,Spinal cord
15425,12425,Spinal cord
15475,12425,Spinal cord
15525,12425,Spinal cord
15575,12425,Spinal cord
15625,12425,Spinal cord
15675,12425,Spinal cord
15725,12425,Spinal cord
15775,12425,Spinal cord
15825,12425,Spinal cord
15875,12425,Spinal cord
15925,12425,Spinal cord
15975,12425,Spinal cord
16025,12425,Spinal cord
16075,12425,Spinal cord
16125,12425,Spinal cord
16175,12425,Spinal cord
16225,12425,Spinal cord
16275,12425,Spinal cord
16325,12425,Spinal cord
16375,12425,Spinal cord
16425,12425,Spinal cord
16475,12425,Spinal cord
16525,12425,Spinal cord
16575,12425,Spinal cord
16625,12425,Spinal cord
16675,12425,Spinal cord
16725,12425,Spinal cord
16775,12425,Spinal cord
16825,12425,Spinal cord
16875,12425,Spinal cord
16925,12425,Spinal cord
16975,12425,Spinal cord
17025,12425,Spinal cord
17075,12425,Spinal cord
17125,12425,Spinal cord
17175,12425,Spinal cord
17225,12425,Spinal cord
17275,12425,Spinal cord
17325,12425,Spinal cord
17375,12425,Spinal cord
17425,12425,Spinal cord
17475,12425,Spinal cord
17525,12425,Spinal cord
17575,12425,Spinal cord
17625,12425,Spinal cord
17675,12425,Spinal cord
17725,12425,Spinal cord
17775,12425,Spinal cord
17825,12425,Spinal cord
17875,12425,Spinal cord
17925,12425,Spinal cord
17975,12425,Spinal cord
18025,12425,Spinal cord
18075,12425,Spinal cord
18125,12425,Spinal cord
18175,12425,Spinal cord
18225,12425,Spinal cord
18275,12425,Spinal cord
18325,12425,Spinal cord
18375,12425,Spinal cord
18425,12425,Spinal cord
18475,12425,Spinal cord
18525,12425,Spinal cord
18575,12425,Spinal cord
18625,12425,Spinal cord
18675,12425,Spinal cord
18725,12425,Spinal cord
18775,12425,Spinal cord
18825,12425,Spinal cord
18875,12425,Spinal cord
18925,12425,Spinal cord
18975,12425,Spinal cord
19025,12425,Spinal cord
19075,12425,Spinal cord
19125,12425,Spinal cord
19175,12425,Spinal cord
19225,12425,Spinal cord
19275,12425,Spinal cord
19325,12425,Spinal cord
19375,12425,Spinal cord
19425,12425,Spinal cord
19475,12425,Spinal cord
19525,12425,Spinal cord
19575,12425,Spinal cord
19625,12425,Spinal cord
19675,12425,Spinal cord
19725,12425,Spinal cord
19775,12425,Meninges
19825,12425,Spinal cord
19875,12425,Spinal cord
19925,12425,Spinal cord
19975,12425,Spinal cord
20025,12425,Spinal cord
20075,12425,Meninges
20125,12425,Meninges
20175,12425,Meninges
20225,12425,Meninges
20275,12425,Meninges
20325,12425,Meninges
20375,12425,Meninges
20425,12425,Meninges
20475,12425,Meninges
20525,12425,Meninges
20575,12425,Meninges
20625,12425,Meninges
20675,12425,Meninges
20725,12425,Meninges
20775,12425,Meninges
20825,12425,Meninges
20875,12425,Meninges
20925,12425,Meninges
20975,12425,Meninges
21025,12425,Meninges
21075,12425,Meninges
21125,12425,Meninges
21175,12425,Meninges
21225,12425,Connective tissue
21275,12425,Connective tissue
21325,12425,Connective tissue
21375,12425,Connective tissue
21425,12425,Connective tissue
21475,12425,Connective tissue
21525,12425,Connective tissue
21575,12425,Connective tissue
21625,12425,Connective tissue
21675,12425,Connective tissue
21725,12425,Connective tissue
21775,12425,Connective tissue
21825,12425,Connective tissue
21875,12425,Connective tissue
21925,12425,Connective tissue
21975,12425,Connective tissue
22025,12425,Connective tissue
22075,12425,Cartilage primordium
22125,12425,Cartilage primordium
22175,12425,Cartilage primordium
22225,12425,Cartilage primordium
22275,12425,Cartilage primordium
22325,12425,Cartilage primordium
22375,12425,Cartilage primordium
22425,12425,Cartilage primordium
22475,12425,Cartilage primordium
22525,12425,Cartilage primordium
22575,12425,Cartilage primordium
22625,12425,Connective tissue
22675,12425,Connective tissue
22725,12425,Connective tissue
22775,12425,Connective tissue
22825,12425,Cartilage primordium
22875,12425,Cartilage primordium
22925,12425,Cartilage primordium
22975,12425,Cartilage primordium
23025,12425,Cartilage primordium
23075,12425,Cartilage primordium
23125,12425,Cartilage primordium
23175,12425,Cartilage primordium
23225,12425,Cartilage primordium
23275,12425,Cartilage primordium
23325,12425,Cartilage primordium
23375,12425,Cartilage primordium
23425,12425,Connective tissue
23475,12425,Connective tissue
23525,12425,Connective tissue
23575,12425,Connective tissue
23625,12425,Connective tissue
23675,12425,Cartilage primordium
23725,12425,Cartilage primordium
23775,12425,Cartilage primordium
23825,12425,Cavity
23875,12425,Cavity
23925,12425,Connective tissue
23975,12425,Connective tissue
24025,12425,Connective tissue
24075,12425,Connective tissue
24125,12425,Connective tissue
24175,12425,Connective tissue
24225,12425,Connective tissue
24275,12425,Connective tissue
24325,12425,Connective tissue
24375,12425,Connective tissue
24425,12425,Connective tissue
24475,12425,Connective tissue
24525,12425,Connective tissue
24575,12425,Connective tissue
24625,12425,Connective tissue
24675,12425,Connective tissue
24725,12425,Connective tissue
24775,12425,Connective tissue
24825,12425,Connective tissue
24875,12425,Connective tissue
24925,12425,Connective tissue
24975,12425,Connective tissue
15025,12475,Meninges
15075,12475,Meninges
15125,12475,Meninges
15175,12475,Meninges
15225,12475,Meninges
15275,12475,Meninges
15325,12475,Spinal cord
15375,12475,Spinal cord
15425,12475,Spinal cord
15475,12475,Meninges
15525,12475,Spinal cord
15575,12475,Spinal cord
15625,12475,Spinal cord
15675,12475,Spinal cord
15725,12475,Spinal cord
15775,12475,Spinal cord
15825,12475,Spinal cord
15875,12475,Spinal cord
15925,12475,Spinal cord
15975,12475,Spinal cord
16025,12475,Spinal cord
16075,12475,Spinal cord
16125,12475,Spinal cord
16175,12475,Spinal cord
16225,12475,Spinal cord
16275,12475,Spinal cord
16325,12475,Spinal cord
16375,12475,Spinal cord
16425,12475,Spinal cord
16475,12475,Spinal cord
16525,12475,Spinal cord
16575,12475,Spinal cord
16625,12475,Spinal cord
16675,12475,Spinal cord
16725,12475,Spinal cord
16775,12475,Spinal cord
16825,12475,Spinal cord
16875,12475,Spinal cord
16925,12475,Spinal cord
16975,12475,Spinal cord
17025,12475,Spinal cord
17075,12475,Spinal cord
17125,12475,Spinal cord
17175,12475,Spinal cord
17225,12475,Spinal cord
17275,12475,Spinal cord
17325,12475,Spinal cord
17375,12475,Spinal cord
17425,12475,Spinal cord
17475,12475,Spinal cord
17525,12475,Spinal cord
17575,12475,Spinal cord
17625,12475,Spinal cord
17675,12475,Spinal cord
17725,12475,Spinal cord
17775,12475,Spinal cord
17825,12475,Spinal cord
17875,12475,Spinal cord
17925,12475,Spinal cord
17975,12475,Spinal cord
18025,12475,Spinal cord
18075,12475,Spinal cord
18125,12475,Spinal cord
18175,12475,Spinal cord
18225,12475,Spinal cord
18275,12475,Spinal cord
18325,12475,Spinal cord
18375,12475,Spinal cord
18425,12475,Spinal cord
18475,12475,Spinal cord
18525,12475,Spinal cord
18575,12475,Spinal cord
18625,12475,Spinal cord
18675,12475,Spinal cord
18725,12475,Spinal cord
18775,12475,Spinal cord
18825,12475,Spinal cord
18875,12475,Spinal cord
18925,12475,Spinal cord
18975,12475,Spinal cord
19025,12475,Spinal cord
19075,12475,Spinal cord
19125,12475,Spinal cord
19175,12475,Spinal cord
19225,12475,Spinal cord
19275,12475,Spinal cord
19325,12475,Spinal cord
19375,12475,Spinal cord
19425,12475,Spinal cord
19475,12475,Spinal cord
19525,12475,Spinal cord
19575,12475,Spinal cord
19625,12475,Spinal cord
19675,12475,Spinal cord
19725,12475,Spinal cord
19775,12475,Spinal cord
19825,12475,Meninges
19875,12475,Meninges
19925,12475,Meninges
19975,12475,Meninges
20025,12475,Meninges
20075,12475,Meninges
20125,12475,Meninges
20175,12475,Meninges
20225,12475,Meninges
20275,12475,Meninges
20325,12475,Meninges
20375,12475,Meninges
20425,12475,Meninges
20475,12475,Meninges
20525,12475,Meninges
20575,12475,Meninges
20625,12475,Meninges
20675,12475,Meninges
20725,12475,Meninges
20775,12475,Meninges
20825,12475,Meninges
20875,12475,Meninges
20925,12475,Meninges
20975,12475,Meninges
21025,12475,Meninges
21075,12475,Connective tissue
21125,12475,Connective tissue
21175,12475,Connective tissue
21225,12475,Connective tissue
21275,12475,Connective tissue
21325,12475,Connective tissue
21375,12475,Connective tissue
21425,12475,Connective tissue
21475,12475,Connective tissue
21525,12475,Cartilage primordium
21575,12475,Cartilage primordium
21625,12475,Cartilage primordium
21675,12475,Cartilage primordium
21725,12475,Cartilage primordium
21775,12475,Cartilage primordium
21825,12475,Cartilage primordium
21875,12475,Connective tissue
21925,12475,Connective tissue
21975,12475,Connective tissue
22025,12475,Connective tissue
22075,12475,Cartilage primordium
22125,12475,Cartilage primordium
22175,12475,Cartilage primordium
22225,12475,Cartilage primordium
22275,12475,Cartilage primordium
22325,12475,Cartilage primordium
22375,12475,Cartilage primordium
22425,12475,Cartilage primordium
22475,12475,Cartilage primordium
22525,12475,Cartilage primordium
22575,12475,Cartilage primordium
22625,12475,Connective tissue
22675,12475,Connective tissue
22725,12475,Connective tissue
22775,12475,Connective tissue
22825,12475,Cartilage primordium
22875,12475,Cartilage primordium
22925,12475,Cartilage primordium
22975,12475,Cartilage primordium
23025,12475,Cartilage primordium
23075,12475,Cartilage primordium
23125,12475,Cartilage primordium
23175,12475,Cartilage primordium
23225,12475,Cartilage primordium
23275,12475,Cartilage primordium
23325,12475,Cartilage primordium
23375,12475,Cartilage primordium
23425,12475,Connective tissue
23475,12475,Connective tissue
23525,12475,Connective tissue
23575,12475,Connective tissue
23625,12475,Connective tissue
23675,12475,Connective tissue
23725,12475,Connective tissue
23775,12475,Connective tissue
23825,12475,Connective tissue
23875,12475,Connective tissue
23925,12475,Connective tissue
23975,12475,Connective tissue
24025,12475,Connective tissue
24075,12475,Connective tissue
24125,12475,Connective tissue
24175,12475,Connective tissue
24225,12475,Connective tissue
24275,12475,Connective tissue
24325,12475,Connective tissue
24375,12475,Connective tissue
24425,12475,Connective tissue
24475,12475,Connective tissue
24525,12475,Connective tissue
24575,12475,Connective tissue
24625,12475,Pancreas
24675,12475,Connective tissue
24725,12475,Cavity
24775,12475,Pancreas
24825,12475,Connective tissue
24875,12475,Connective tissue
24925,12475,Connective tissue
24975,12475,Connective tissue
15025,12525,Meninges
15075,12525,Meninges
15125,12525,Meninges
15175,12525,Meninges
15225,12525,Meninges
15275,12525,Meninges
15325,12525,Meninges
15375,12525,Meninges
15425,12525,Meninges
15475,12525,Spinal cord
15525,12525,Spinal cord
15575,12525,Spinal cord
15625,12525,Spinal cord
15675,12525,Spinal cord
15725,12525,Spinal cord
15775,12525,Spinal cord
15825,12525,Spinal cord
15875,12525,Spinal cord
15925,12525,Spinal cord
15975,12525,Spinal cord
16025,12525,Spinal cord
16075,12525,Spinal cord
16125,12525,Spinal cord
16175,12525,Spinal cord
16225,12525,Spinal cord
16275,12525,Spinal cord
16325,12525,Spinal cord
16375,12525,Spinal cord
16425,12525,Spinal cord
16475,12525,Spinal cord
16525,12525,Spinal cord
16575,12525,Spinal cord
16625,12525,Spinal cord
16675,12525,Spinal cord
16725,12525,Spinal cord
16775,12525,Spinal cord
16825,12525,Spinal cord
16875,12525,Spinal cord
16925,12525,Spinal cord
16975,12525,Spinal cord
17025,12525,Spinal cord
17075,12525,Spinal cord
17125,12525,Spinal cord
17175,12525,Spinal cord
17225,12525,Spinal cord
17275,12525,Spinal cord
17325,12525,Spinal cord
17375,12525,Spinal cord
17425,12525,Spinal cord
17475,12525,Spinal cord
17525,12525,Spinal cord
17575,12525,Spinal cord
17625,12525,Spinal cord
17675,12525,Spinal cord
17725,12525,Spinal cord
17775,12525,Spinal cord
17825,12525,Spinal cord
17875,12525,Spinal cord
17925,12525,Spinal cord
17975,12525,Spinal cord
18025,12525,Spinal cord
18075,12525,Spinal cord
18125,12525,Spinal cord
18175,12525,Spinal cord
18225,12525,Spinal cord
18275,12525,Spinal cord
18325,12525,Spinal cord
18375,12525,Spinal cord
18425,12525,Spinal cord
18475,12525,Spinal cord
18525,12525,Spinal cord
18575,12525,Spinal cord
18625,12525,Spinal cord
18675,12525,Spinal cord
18725,12525,Spinal cord
18775,12525,Spinal cord
18825,12525,Spinal cord
18875,12525,Spinal cord
18925,12525,Spinal cord
18975,12525,Spinal cord
19025,12525,Spinal cord
19075,12525,Spinal cord
19125,12525,Spinal cord
19175,12525,Spinal cord
19225,12525,Spinal cord
19275,12525,Spinal cord
19325,12525,Spinal cord
19375,12525,Spinal cord
19425,12525,Spinal cord
19475,12525,Spinal cord
19525,12525,Spinal cord
19575,12525,Spinal cord
19625,12525,Meninges
19675,12525,Spinal cord
19725,12525,Spinal cord
19775,12525,Meninges
19825,12525,Meninges
19875,12525,Meninges
19925,12525,Meninges
19975,12525,Meninges
20025,12525,Meninges
20075,12525,Meninges
20125,12525,Meninges
20175,12525,Meninges
20225,12525,Meninges
20275,12525,Meninges
20325,12525,Meninges
20375,12525,Meninges
20425,12525,Meninges
20475,12525,Meninges
20525,12525,Meninges
20575,12525,Meninges
20625,12525,Meninges
20675,12525,Meninges
20725,12525,Meninges
20775,12525,Meninges
20825,12525,Meninges
20875,12525,Meninges
20925,12525,Meninges
20975,12525,Connective tissue
21025,12525,Connective tissue
21075,12525,Connective tissue
21125,12525,Connective tissue
21175,12525,Connective tissue
21225,12525,Connective tissue
21275,12525,Connective tissue
21325,12525,Connective tissue
21375,12525,Connective tissue
21425,12525,Cartilage primordium
21475,12525,Cartilage primordium
21525,12525,Cartilage primordium
21575,12525,Cartilage primordium
21625,12525,Cartilage primordium
21675,12525,Cartilage primordium
21725,12525,Cartilage primordium
21775,12525,Cartilage primordium
21825,12525,Cartilage primordium
21875,12525,Cartilage primordium
21925,12525,Connective tissue
21975,12525,Connective tissue
22025,12525,Connective tissue
22075,12525,Cartilage primordium
22125,12525,Cartilage primordium
22175,12525,Cartilage primordium
22225,12525,Cartilage primordium
22275,12525,Cartilage primordium
22325,12525,Cartilage primordium
22375,12525,Cartilage primordium
22425,12525,Cartilage primordium
22475,12525,Cartilage primordium
22525,12525,Cartilage primordium
22575,12525,Cartilage primordium
22625,12525,Connective tissue
22675,12525,Connective tissue
22725,12525,Connective tissue
22775,12525,Connective tissue
22825,12525,Connective tissue
22875,12525,Cartilage primordium
22925,12525,Cartilage primordium
22975,12525,Cartilage primordium
23025,12525,Cartilage primordium
23075,12525,Cartilage primordium
23125,12525,Cartilage primordium
23175,12525,Cartilage primordium
23225,12525,Cartilage primordium
23275,12525,Connective tissue
23325,12525,Connective tissue
23375,12525,Connective tissue
23425,12525,Connective tissue
23475,12525,Connective tissue
23525,12525,Connective tissue
23575,12525,Connective tissue
23625,12525,Connective tissue
23675,12525,Connective tissue
23725,12525,Connective tissue
23775,12525,Connective tissue
23825,12525,Connective tissue
23875,12525,Connective tissue
23925,12525,Connective tissue
23975,12525,Connective tissue
24025,12525,Connective tissue
24075,12525,Connective tissue
24125,12525,Connective tissue
24175,12525,Connective tissue
24225,12525,Connective tissue
24275,12525,Connective tissue
24325,12525,Connective tissue
24375,12525,Connective tissue
24425,12525,Connective tissue
24475,12525,Connective tissue
24525,12525,Cartilage
24575,12525,Connective tissue
24625,12525,Connective tissue
24675,12525,Connective tissue
24725,12525,Connective tissue
24775,12525,Connective tissue
24825,12525,Pancreas
24875,12525,Connective tissue
24925,12525,Connective tissue
24975,12525,Connective tissue
15025,12575,Meninges
15075,12575,Meninges
15125,12575,Meninges
15175,12575,Meninges
15225,12575,Meninges
15275,12575,Meninges
15325,12575,Meninges
15375,12575,Meninges
15425,12575,Meninges
15475,12575,Meninges
15525,12575,Meninges
15575,12575,Meninges
15625,12575,Meninges
15675,12575,Meninges
15725,12575,Spinal cord
15775,12575,Spinal cord
15825,12575,Spinal cord
15875,12575,Spinal cord
15925,12575,Spinal cord
15975,12575,Spinal cord
16025,12575,Spinal cord
16075,12575,Spinal cord
16125,12575,Spinal cord
16175,12575,Spinal cord
16225,12575,Spinal cord
16275,12575,Spinal cord
16325,12575,Spinal cord
16375,12575,Spinal cord
16425,12575,Spinal cord
16475,12575,Spinal cord
16525,12575,Spinal cord
16575,12575,Spinal cord
16625,12575,Spinal cord
16675,12575,Spinal cord
16725,12575,Spinal cord
16775,12575,Spinal cord
16825,12575,Spinal cord
16875,12575,Spinal cord
16925,12575,Spinal cord
16975,12575,Spinal cord
17025,12575,Spinal cord
17075,12575,Spinal cord
17125,12575,Spinal cord
17175,12575,Spinal cord
17225,12575,Spinal cord
17275,12575,Spinal cord
17325,12575,Spinal cord
17375,12575,Spinal cord
17425,12575,Spinal cord
17475,12575,Spinal cord
17525,12575,Spinal cord
17575,12575,Spinal cord
17625,12575,Spinal cord
17675,12575,Spinal cord
17725,12575,Spinal cord
17775,12575,Spinal cord
17825,12575,Spinal cord
17875,12575,Spinal cord
17925,12575,Spinal cord
17975,12575,Spinal cord
18025,12575,Spinal cord
18075,12575,Spinal cord
18125,12575,Spinal cord
18175,12575,Spinal cord
18225,12575,Spinal cord
18275,12575,Spinal cord
18325,12575,Spinal cord
18375,12575,Spinal cord
18425,12575,Spinal cord
18475,12575,Spinal cord
18525,12575,Spinal cord
18575,12575,Spinal cord
18625,12575,Spinal cord
18675,12575,Spinal cord
18725,12575,Spinal cord
18775,12575,Spinal cord
18825,12575,Spinal cord
18875,12575,Spinal cord
18925,12575,Spinal cord
18975,12575,Spinal cord
19025,12575,Spinal cord
19075,12575,Spinal cord
19125,12575,Spinal cord
19175,12575,Spinal cord
19225,12575,Spinal cord
19275,12575,Spinal cord
19325,12575,Spinal cord
19375,12575,Spinal cord
19425,12575,Spinal cord
19475,12575,Spinal cord
19525,12575,Spinal cord
19575,12575,Meninges
19625,12575,Meninges
19675,12575,Meninges
19725,12575,Meninges
19775,12575,Meninges
19825,12575,Meninges
19875,12575,Meninges
19925,12575,Meninges
19975,12575,Meninges
20025,12575,Meninges
20075,12575,Meninges
20125,12575,Meninges
20175,12575,Meninges
20225,12575,Meninges
20275,12575,Meninges
20325,12575,Meninges
20375,12575,Meninges
20425,12575,Meninges
20475,12575,Meninges
20525,12575,Meninges
20575,12575,Meninges
20625,12575,Meninges
20675,12575,Meninges
20725,12575,Meninges
20775,12575,Connective tissue
20825,12575,Connective tissue
20875,12575,Connective tissue
20925,12575,Connective tissue
20975,12575,Connective tissue
21025,12575,Connective tissue
21075,12575,Connective tissue
21125,12575,Connective tissue
21175,12575,Connective tissue
21225,12575,Connective tissue
21275,12575,Connective tissue
21325,12575,Connective tissue
21375,12575,Cartilage primordium
21425,12575,Cartilage primordium
21475,12575,Cartilage primordium
21525,12575,Cartilage primordium
21575,12575,Cartilage primordium
21625,12575,Cartilage primordium
21675,12575,Cartilage primordium
21725,12575,Cartilage primordium
21775,12575,Cartilage primordium
21825,12575,Cartilage primordium
21875,12575,Cartilage primordium
21925,12575,Connective tissue
21975,12575,Connective tissue
22025,12575,Connective tissue
22075,12575,Cartilage primordium
22125,12575,Cartilage primordium
22175,12575,Cartilage primordium
22225,12575,Cartilage primordium
22275,12575,Cartilage primordium
22325,12575,Cartilage primordium
22375,12575,Cartilage primordium
22425,12575,Cartilage primordium
22475,12575,Cartilage primordium
22525,12575,Cartilage primordium
22575,12575,Cartilage primordium
22625,12575,Cartilage primordium
22675,12575,Connective tissue
22725,12575,Connective tissue
22775,12575,Connective tissue
22825,12575,Connective tissue
22875,12575,Connective tissue
22925,12575,Cartilage primordium
22975,12575,Cartilage primordium
23025,12575,Cartilage primordium
23075,12575,Cartilage primordium
23125,12575,Connective tissue
23175,12575,Connective tissue
23225,12575,Connective tissue
23275,12575,Connective tissue
23325,12575,Connective tissue
23375,12575,Connective tissue
23425,12575,Connective tissue
23475,12575,Connective tissue
23525,12575,Connective tissue
23575,12575,Connective tissue
23625,12575,Connective tissue
23675,12575,Connective tissue
23725,12575,Connective tissue
23775,12575,Connective tissue
23825,12575,Connective tissue
23875,12575,Connective tissue
23925,12575,Connective tissue
23975,12575,Connective tissue
24025,12575,Connective tissue
24075,12575,Connective tissue
24125,12575,Connective tissue
24175,12575,Connective tissue
24225,12575,Connective tissue
24275,12575,Connective tissue
24325,12575,Connective tissue
24375,12575,Connective tissue
24425,12575,Connective tissue
24475,12575,Connective tissue
24525,12575,Connective tissue
24575,12575,Connective tissue
24625,12575,Connective tissue
24675,12575,Connective tissue
24725,12575,Connective tissue
24775,12575,Connective tissue
24825,12575,Pancreas
24875,12575,Spinal cord
24925,12575,Spinal cord
24975,12575,Spinal cord
15025,12625,Meninges
15075,12625,Meninges
15125,12625,Meninges
15175,12625,Meninges
15225,12625,Meninges
15275,12625,Meninges
15325,12625,Meninges
15375,12625,Meninges
15425,12625,Meninges
15475,12625,Meninges
15525,12625,Meninges
15575,12625,Meninges
15625,12625,Meninges
15675,12625,Meninges
15725,12625,Meninges
15775,12625,Meninges
15825,12625,Meninges
15875,12625,Meninges
15925,12625,Spinal cord
15975,12625,Spinal cord
16025,12625,Spinal cord
16075,12625,Meninges
16125,12625,Spinal cord
16175,12625,Spinal cord
16225,12625,Spinal cord
16275,12625,Spinal cord
16325,12625,Spinal cord
16375,12625,Spinal cord
16425,12625,Spinal cord
16475,12625,Spinal cord
16525,12625,Spinal cord
16575,12625,Spinal cord
16625,12625,Spinal cord
16675,12625,Spinal cord
16725,12625,Spinal cord
16775,12625,Spinal cord
16825,12625,Spinal cord
16875,12625,Spinal cord
16925,12625,Spinal cord
16975,12625,Spinal cord
17025,12625,Spinal cord
17075,12625,Spinal cord
17125,12625,Spinal cord
17175,12625,Spinal cord
17225,12625,Spinal cord
17275,12625,Spinal cord
17325,12625,Spinal cord
17375,12625,Spinal cord
17425,12625,Spinal cord
17475,12625,Spinal cord
17525,12625,Spinal cord
17575,12625,Spinal cord
17625,12625,Spinal cord
17675,12625,Spinal cord
17725,12625,Spinal cord
17775,12625,Spinal cord
17825,12625,Spinal cord
17875,12625,Spinal cord
17925,12625,Spinal cord
17975,12625,Spinal cord
18025,12625,Spinal cord
18075,12625,Spinal cord
18125,12625,Spinal cord
18175,12625,Spinal cord
18225,12625,Spinal cord
18275,12625,Spinal cord
18325,12625,Spinal cord
18375,12625,Spinal cord
18425,12625,Spinal cord
18475,12625,Spinal cord
18525,12625,Spinal cord
18575,12625,Spinal cord
18625,12625,Spinal cord
18675,12625,Spinal cord
18725,12625,Spinal cord
18775,12625,Spinal cord
18825,12625,Spinal cord
18875,12625,Spinal cord
18925,12625,Spinal cord
18975,12625,Spinal cord
19025,12625,Spinal cord
19075,12625,Spinal cord
19125,12625,Spinal cord
19175,12625,Spinal cord
19225,12625,Spinal cord
19275,12625,Meninges
19325,12625,Spinal cord
19375,12625,Meninges
19425,12625,Meninges
19475,12625,Meninges
19525,12625,Meninges
19575,12625,Meninges
19625,12625,Meninges
19675,12625,Meninges
19725,12625,Meninges
19775,12625,Meninges
19825,12625,Meninges
19875,12625,Meninges
19925,12625,Meninges
19975,12625,Meninges
20025,12625,Meninges
20075,12625,Meninges
20125,12625,Meninges
20175,12625,Meninges
20225,12625,Meninges
20275,12625,Meninges
20325,12625,Meninges
20375,12625,Meninges
20425,12625,Meninges
20475,12625,Meninges
20525,12625,Meninges
20575,12625,Connective tissue
20625,12625,Connective tissue
20675,12625,Connective tissue
20725,12625,Connective tissue
20775,12625,Connective tissue
20825,12625,Connective tissue
20875,12625,Connective tissue
20925,12625,Connective tissue
20975,12625,Connective tissue
21025,12625,Cartilage primordium
21075,12625,Cartilage primordium
21125,12625,Connective tissue
21175,12625,Connective tissue
21225,12625,Connective tissue
21275,12625,Connective tissue
21325,12625,Connective tissue
21375,12625,Cartilage primordium
21425,12625,Cartilage primordium
21475,12625,Cartilage primordium
21525,12625,Cartilage primordium
21575,12625,Cartilage primordium
21625,12625,Cartilage primordium
21675,12625,Cartilage primordium
21725,12625,Cartilage primordium
21775,12625,Cartilage primordium
21825,12625,Cartilage primordium
21875,12625,Cartilage primordium
21925,12625,Connective tissue
21975,12625,Connective tissue
22025,12625,Connective tissue
22075,12625,Cartilage primordium
22125,12625,Cartilage primordium
22175,12625,Cartilage primordium
22225,12625,Cartilage primordium
22275,12625,Cartilage primordium
22325,12625,Cartilage primordium
22375,12625,Cartilage primordium
22425,12625,Cartilage primordium
22475,12625,Cartilage primordium
22525,12625,Cartilage primordium
22575,12625,Cartilage primordium
22625,12625,Connective tissue
22675,12625,Connective tissue
22725,12625,Connective tissue
22775,12625,Connective tissue
22825,12625,Connective tissue
22875,12625,Connective tissue
22925,12625,Connective tissue
22975,12625,Connective tissue
23025,12625,Connective tissue
23075,12625,Connective tissue
23125,12625,Connective tissue
23175,12625,Connective tissue
23225,12625,Connective tissue
23275,12625,Connective tissue
23325,12625,Connective tissue
23375,12625,Connective tissue
23425,12625,Connective tissue
23475,12625,Connective tissue
23525,12625,Connective tissue
23575,12625,Connective tissue
23625,12625,Connective tissue
23675,12625,Connective tissue
23725,12625,Connective tissue
23775,12625,Connective tissue
23825,12625,Connective tissue
23875,12625,Connective tissue
23925,12625,Connective tissue
23975,12625,Connective tissue
24025,12625,Connective tissue
24075,12625,Connective tissue
24125,12625,Connective tissue
24175,12625,Connective tissue
24225,12625,Connective tissue
24275,12625,Connective tissue
24325,12625,Connective tissue
24375,12625,Connective tissue
24425,12625,Connective tissue
24475,12625,Connective tissue
24525,12625,Connective tissue
24575,12625,Connective tissue
24625,12625,Connective tissue
24675,12625,Connective tissue
24725,12625,Connective tissue
24775,12625,Connective tissue
24825,12625,Connective tissue
24875,12625,Connective tissue
24925,12625,Spinal cord
24975,12625,Spinal cord
15025,12675,Meninges
15075,12675,Meninges
15125,12675,Meninges
15175,12675,Meninges
15225,12675,Meninges
15275,12675,Meninges
15325,12675,Meninges
15375,12675,Meninges
15425,12675,Meninges
15475,12675,Meninges
15525,12675,Meninges
15575,12675,Meninges
15625,12675,Meninges
15675,12675,Meninges
15725,12675,Meninges
15775,12675,Meninges
15825,12675,Meninges
15875,12675,Meninges
15925,12675,Meninges
15975,12675,Meninges
16025,12675,Meninges
16075,12675,Meninges
16125,12675,Meninges
16175,12675,Meninges
16225,12675,Spinal cord
16275,12675,Spinal cord
16325,12675,Spinal cord
16375,12675,Spinal cord
16425,12675,Spinal cord
16475,12675,Spinal cord
16525,12675,Meninges
16575,12675,Spinal cord
16625,12675,Spinal cord
16675,12675,Spinal cord
16725,12675,Meninges
16775,12675,Spinal cord
16825,12675,Spinal cord
16875,12675,Spinal cord
16925,12675,Spinal cord
16975,12675,Spinal cord
17025,12675,Spinal cord
17075,12675,Spinal cord
17125,12675,Spinal cord
17175,12675,Spinal cord
17225,12675,Spinal cord
17275,12675,Spinal cord
17325,12675,Spinal cord
17375,12675,Spinal cord
17425,12675,Spinal cord
17475,12675,Spinal cord
17525,12675,Spinal cord
17575,12675,Spinal cord
17625,12675,Spinal cord
17675,12675,Spinal cord
17725,12675,Spinal cord
17775,12675,Spinal cord
17825,12675,Spinal cord
17875,12675,Spinal cord
17925,12675,Spinal cord
17975,12675,Spinal cord
18025,12675,Spinal cord
18075,12675,Spinal cord
18125,12675,Spinal cord
18175,12675,Spinal cord
18225,12675,Spinal cord
18275,12675,Spinal cord
18325,12675,Spinal cord
18375,12675,Spinal cord
18425,12675,Spinal cord
18475,12675,Spinal cord
18525,12675,Spinal cord
18575,12675,Spinal cord
18625,12675,Spinal cord
18675,12675,Spinal cord
18725,12675,Spinal cord
18775,12675,Spinal cord
18825,12675,Spinal cord
18875,12675,Spinal cord
18925,12675,Spinal cord
18975,12675,Spinal cord
19025,12675,Spinal cord
19075,12675,Spinal cord
19125,12675,Meninges
19175,12675,Meninges
19225,12675,Meninges
19275,12675,Meninges
19325,12675,Meninges
19375,12675,Meninges
19425,12675,Meninges
19475,12675,Meninges
19525,12675,Meninges
19575,12675,Meninges
19625,12675,Meninges
19675,12675,Meninges
19725,12675,Meninges
19775,12675,Meninges
19825,12675,Meninges
19875,12675,Meninges
19925,12675,Meninges
19975,12675,Meninges
20025,12675,Meninges
20075,12675,Meninges
20125,12675,Meninges
20175,12675,Meninges
20225,12675,Meninges
20275,12675,Meninges
20325,12675,Meninges
20375,12675,Meninges
20425,12675,Connective tissue
20475,12675,Connective tissue
20525,12675,Connective tissue
20575,12675,Connective tissue
20625,12675,Connective tissue
20675,12675,Connective tissue
20725,12675,Connective tissue
20775,12675,Connective tissue
20825,12675,Cartilage primordium
20875,12675,Cartilage primordium
20925,12675,Cartilage primordium
20975,12675,Cartilage primordium
21025,12675,Cartilage primordium
21075,12675,Cartilage primordium
21125,12675,Cartilage primordium
21175,12675,Connective tissue
21225,12675,Connective tissue
21275,12675,Connective tissue
21325,12675,Connective tissue
21375,12675,Cartilage primordium
21425,12675,Cartilage primordium
21475,12675,Cartilage primordium
21525,12675,Cartilage primordium
21575,12675,Cartilage primordium
21625,12675,Cartilage primordium
21675,12675,Cartilage primordium
21725,12675,Cartilage primordium
21775,12675,Cartilage primordium
21825,12675,Cartilage primordium
21875,12675,Cartilage primordium
21925,12675,Cartilage primordium
21975,12675,Connective tissue
22025,12675,Connective tissue
22075,12675,Connective tissue
22125,12675,Cartilage primordium
22175,12675,Cartilage primordium
22225,12675,Cartilage primordium
22275,12675,Cartilage primordium
22325,12675,Cartilage primordium
22375,12675,Cartilage primordium
22425,12675,Cartilage primordium
22475,12675,Cartilage primordium
22525,12675,Cartilage primordium
22575,12675,Connective tissue
22625,12675,Connective tissue
22675,12675,Connective tissue
22725,12675,Connective tissue
22775,12675,Connective tissue
22825,12675,Connective tissue
22875,12675,Connective tissue
22925,12675,Connective tissue
22975,12675,Connective tissue
23025,12675,Connective tissue
23075,12675,Connective tissue
23125,12675,Connective tissue
23175,12675,Connective tissue
23225,12675,Connective tissue
23275,12675,Lung
23325,12675,Connective tissue
23375,12675,Connective tissue
23425,12675,Connective tissue
23475,12675,Connective tissue
23525,12675,Connective tissue
23575,12675,Connective tissue
23625,12675,Connective tissue
23675,12675,Lung
23725,12675,Lung
23775,12675,Lung
23825,12675,Lung
23875,12675,Lung
23925,12675,Lung
23975,12675,Lung
24025,12675,Lung
24075,12675,Connective tissue
24125,12675,Connective tissue
24175,12675,Connective tissue
24225,12675,Connective tissue
24275,12675,Connective tissue
24325,12675,Connective tissue
24375,12675,Connective tissue
24425,12675,Connective tissue
24475,12675,Connective tissue
24525,12675,Connective tissue
24575,12675,Connective tissue
24625,12675,Connective tissue
24675,12675,Connective tissue
24725,12675,Connective tissue
24775,12675,Connective tissue
24825,12675,Connective tissue
24875,12675,Connective tissue
24925,12675,Connective tissue
24975,12675,Connective tissue
15025,12725,Cavity
15075,12725,Cavity
15125,12725,Meninges
15175,12725,Meninges
15225,12725,Meninges
15275,12725,Meninges
15325,12725,Meninges
15375,12725,Meninges
15425,12725,Meninges
15475,12725,Meninges
15525,12725,Meninges
15575,12725,Meninges
15625,12725,Meninges
15675,12725,Meninges
15725,12725,Meninges
15775,12725,Meninges
15825,12725,Meninges
15875,12725,Meninges
15925,12725,Meninges
15975,12725,Meninges
16025,12725,Meninges
16075,12725,Meninges
16125,12725,Connective tissue
16175,12725,Meninges
16225,12725,Meninges
16275,12725,Meninges
16325,12725,Meninges
16375,12725,Meninges
16425,12725,Spinal cord
16475,12725,Spinal cord
16525,12725,Meninges
16575,12725,Meninges
16625,12725,Spinal cord
16675,12725,Spinal cord
16725,12725,Spinal cord
16775,12725,Spinal cord
16825,12725,Spinal cord
16875,12725,Meninges
16925,12725,Spinal cord
16975,12725,Spinal cord
17025,12725,Spinal cord
17075,12725,Spinal cord
17125,12725,Spinal cord
17175,12725,Spinal cord
17225,12725,Meninges
17275,12725,Spinal cord
17325,12725,Spinal cord
17375,12725,Spinal cord
17425,12725,Spinal cord
17475,12725,Spinal cord
17525,12725,Spinal cord
17575,12725,Spinal cord
17625,12725,Spinal cord
17675,12725,Spinal cord
17725,12725,Spinal cord
17775,12725,Spinal cord
17825,12725,Spinal cord
17875,12725,Spinal cord
17925,12725,Spinal cord
17975,12725,Spinal cord
18025,12725,Spinal cord
18075,12725,Spinal cord
18125,12725,Spinal cord
18175,12725,Spinal cord
18225,12725,Spinal cord
18275,12725,Spinal cord
18325,12725,Spinal cord
18375,12725,Spinal cord
18425,12725,Spinal cord
18475,12725,Spinal cord
18525,12725,Spinal cord
18575,12725,Spinal cord
18625,12725,Spinal cord
18675,12725,Spinal cord
18725,12725,Meninges
18775,12725,Spinal cord
18825,12725,Spinal cord
18875,12725,Spinal cord
18925,12725,Meninges
18975,12725,Meninges
19025,12725,Meninges
19075,12725,Meninges
19125,12725,Meninges
19175,12725,Meninges
19225,12725,Meninges
19275,12725,Meninges
19325,12725,Meninges
19375,12725,Meninges
19425,12725,Meninges
19475,12725,Meninges
19525,12725,Meninges
19575,12725,Meninges
19625,12725,Meninges
19675,12725,Meninges
19725,12725,Meninges
19775,12725,Meninges
19825,12725,Meninges
19875,12725,Meninges
19925,12725,Meninges
19975,12725,Meninges
20025,12725,Meninges
20075,12725,Meninges
20125,12725,Meninges
20175,12725,Meninges
20225,12725,Connective tissue
20275,12725,Connective tissue
20325,12725,Connective tissue
20375,12725,Connective tissue
20425,12725,Connective tissue
20475,12725,Connective tissue
20525,12725,Connective tissue
20575,12725,Connective tissue
20625,12725,Connective tissue
20675,12725,Connective tissue
20725,12725,Connective tissue
20775,12725,Cartilage primordium
20825,12725,Cartilage primordium
20875,12725,Cartilage primordium
20925,12725,Cartilage primordium
20975,12725,Cartilage primordium
21025,12725,Cartilage primordium
21075,12725,Cartilage primordium
21125,12725,Cartilage primordium
21175,12725,Cartilage primordium
21225,12725,Connective tissue
21275,12725,Connective tissue
21325,12725,Connective tissue
21375,12725,Connective tissue
21425,12725,Cartilage primordium
21475,12725,Cartilage primordium
21525,12725,Cartilage primordium
21575,12725,Cartilage primordium
21625,12725,Cartilage primordium
21675,12725,Cartilage primordium
21725,12725,Cartilage primordium
21775,12725,Cartilage primordium
21825,12725,Cartilage primordium
21875,12725,Cartilage primordium
21925,12725,Cartilage primordium
21975,12725,Connective tissue
22025,12725,Connective tissue
22075,12725,Connective tissue
22125,12725,Connective tissue
22175,12725,Cartilage primordium
22225,12725,Cartilage primordium
22275,12725,Cartilage primordium
22325,12725,Cartilage primordium
22375,12725,Cartilage primordium
22425,12725,Connective tissue
22475,12725,Connective tissue
22525,12725,Connective tissue
22575,12725,Connective tissue
22625,12725,Connective tissue
22675,12725,Connective tissue
22725,12725,Connective tissue
22775,12725,Connective tissue
22825,12725,Connective tissue
22875,12725,Connective tissue
22925,12725,Connective tissue
22975,12725,Connective tissue
23025,12725,Connective tissue
23075,12725,Lung
23125,12725,Lung
23175,12725,Lung
23225,12725,Lung
23275,12725,Lung
23325,12725,Lung
23375,12725,Connective tissue
23425,12725,Connective tissue
23475,12725,Lung
23525,12725,Lung
23575,12725,Lung
23625,12725,Lung
23675,12725,Lung
23725,12725,Lung
23775,12725,Lung
23825,12725,Lung
23875,12725,Lung
23925,12725,Lung
23975,12725,Lung
24025,12725,Lung
24075,12725,Lung
24125,12725,Lung
24175,12725,Lung
24225,12725,Lung
24275,12725,Lung
24325,12725,Lung
24375,12725,Lung
24425,12725,Connective tissue
24475,12725,Connective tissue
24525,12725,Lung
24575,12725,Lung
24625,12725,Pancreas
24675,12725,Lung
24725,12725,Pancreas
24775,12725,Pancreas
24825,12725,Lung
24875,12725,Lung
24925,12725,Lung
24975,12725,Lung
15025,12775,Cavity
15075,12775,Cavity
15125,12775,Cavity
15175,12775,Cavity
15225,12775,Cavity
15275,12775,Meninges
15325,12775,Meninges
15375,12775,Meninges
15425,12775,Meninges
15475,12775,Meninges
15525,12775,Meninges
15575,12775,Meninges
15625,12775,Meninges
15675,12775,Meninges
15725,12775,Meninges
15775,12775,Meninges
15825,12775,Meninges
15875,12775,Meninges
15925,12775,Meninges
15975,12775,Meninges
16025,12775,Meninges
16075,12775,Meninges
16125,12775,Meninges
16175,12775,Meninges
16225,12775,Meninges
16275,12775,Meninges
16325,12775,Meninges
16375,12775,Meninges
16425,12775,Meninges
16475,12775,Meninges
16525,12775,Meninges
16575,12775,Meninges
16625,12775,Meninges
16675,12775,Meninges
16725,12775,Meninges
16775,12775,Meninges
16825,12775,Spinal cord
16875,12775,Meninges
16925,12775,Spinal cord
16975,12775,Spinal cord
17025,12775,Spinal cord
17075,12775,Spinal cord
17125,12775,Spinal cord
17175,12775,Spinal cord
17225,12775,Meninges
17275,12775,Spinal cord
17325,12775,Spinal cord
17375,12775,Spinal cord
17425,12775,Spinal cord
17475,12775,Spinal cord
17525,12775,Spinal cord
17575,12775,Spinal cord
17625,12775,Spinal cord
17675,12775,Spinal cord
17725,12775,Spinal cord
17775,12775,Spinal cord
17825,12775,Spinal cord
17875,12775,Spinal cord
17925,12775,Spinal cord
17975,12775,Spinal cord
18025,12775,Spinal cord
18075,12775,Spinal cord
18125,12775,Spinal cord
18175,12775,Spinal cord
18225,12775,Spinal cord
18275,12775,Spinal cord
18325,12775,Spinal cord
18375,12775,Spinal cord
18425,12775,Spinal cord
18475,12775,Spinal cord
18525,12775,Spinal cord
18575,12775,Spinal cord
18625,12775,Spinal cord
18675,12775,Meninges
18725,12775,Meninges
18775,12775,Meninges
18825,12775,Meninges
18875,12775,Meninges
18925,12775,Meninges
18975,12775,Meninges
19025,12775,Meninges
19075,12775,Meninges
19125,12775,Meninges
19175,12775,Meninges
19225,12775,Meninges
19275,12775,Meninges
19325,12775,Meninges
19375,12775,Meninges
19425,12775,Meninges
19475,12775,Meninges
19525,12775,Meninges
19575,12775,Meninges
19625,12775,Meninges
19675,12775,Meninges
19725,12775,Meninges
19775,12775,Meninges
19825,12775,Meninges
19875,12775,Meninges
19925,12775,Meninges
19975,12775,Meninges
20025,12775,Meninges
20075,12775,Connective tissue
20125,12775,Connective tissue
20175,12775,Connective tissue
20225,12775,Connective tissue
20275,12775,Connective tissue
20325,12775,Connective tissue
20375,12775,Connective tissue
20425,12775,Connective tissue
20475,12775,Connective tissue
20525,12775,Connective tissue
20575,12775,Connective tissue
20625,12775,Connective tissue
20675,12775,Connective tissue
20725,12775,Connective tissue
20775,12775,Cartilage primordium
20825,12775,Cartilage primordium
20875,12775,Cartilage primordium
20925,12775,Cartilage primordium
20975,12775,Cartilage primordium
21025,12775,Cartilage primordium
21075,12775,Cartilage primordium
21125,12775,Cartilage primordium
21175,12775,Cartilage primordium
21225,12775,Connective tissue
21275,12775,Connective tissue
21325,12775,Connective tissue
21375,12775,Connective tissue
21425,12775,Connective tissue
21475,12775,Cartilage primordium
21525,12775,Cartilage primordium
21575,12775,Cartilage primordium
21625,12775,Cartilage primordium
21675,12775,Cartilage primordium
21725,12775,Cartilage primordium
21775,12775,Cartilage primordium
21825,12775,Cartilage primordium
21875,12775,Cartilage primordium
21925,12775,Cartilage primordium
21975,12775,Connective tissue
22025,12775,Connective tissue
22075,12775,Connective tissue
22125,12775,Connective tissue
22175,12775,Connective tissue
22225,12775,Connective tissue
22275,12775,Connective tissue
22325,12775,Connective tissue
22375,12775,Connective tissue
22425,12775,Connective tissue
22475,12775,Connective tissue
22525,12775,Connective tissue
22575,12775,Connective tissue
22625,12775,Connective tissue
22675,12775,Connective tissue
22725,12775,Connective tissue
22775,12775,Connective tissue
22825,12775,Connective tissue
22875,12775,Connective tissue
22925,12775,Connective tissue
22975,12775,Connective tissue
23025,12775,Lung
23075,12775,Lung
23125,12775,Lung
23175,12775,Lung
23225,12775,Lung
23275,12775,Lung
23325,12775,Lung
23375,12775,Lung
23425,12775,Lung
23475,12775,Lung
23525,12775,Lung
23575,12775,Lung
23625,12775,Lung
23675,12775,Lung
23725,12775,Lung
23775,12775,Lung
23825,12775,Lung
23875,12775,Lung
23925,12775,Lung
23975,12775,Lung
24025,12775,Lung
24075,12775,Lung
24125,12775,Lung
24175,12775,Lung
24225,12775,Lung
24275,12775,Lung
24325,12775,Lung
24375,12775,Lung
24425,12775,Lung
24475,12775,Lung
24525,12775,Lung
24575,12775,Lung
24625,12775,Lung
24675,12775,Lung
24725,12775,Lung
24775,12775,Lung
24825,12775,Lung
24875,12775,Lung
24925,12775,Lung
24975,12775,Lung
15025,12825,Cavity
15075,12825,Cavity
15125,12825,Cavity
15175,12825,Cavity
15225,12825,Cavity
15275,12825,Cavity
15325,12825,Meninges
15375,12825,Cavity
15425,12825,Meninges
15475,12825,Meninges
15525,12825,Meninges
15575,12825,Meninges
15625,12825,Meninges
15675,12825,Meninges
15725,12825,Meninges
15775,12825,Meninges
15825,12825,Meninges
15875,12825,Meninges
15925,12825,Meninges
15975,12825,Meninges
16025,12825,Meninges
16075,12825,Meninges
16125,12825,Meninges
16175,12825,Meninges
16225,12825,Meninges
16275,12825,Meninges
16325,12825,Meninges
16375,12825,Meninges
16425,12825,Meninges
16475,12825,Meninges
16525,12825,Meninges
16575,12825,Meninges
16625,12825,Meninges
16675,12825,Meninges
16725,12825,Meninges
16775,12825,Meninges
16825,12825,Meninges
16875,12825,Meninges
16925,12825,Meninges
16975,12825,Spinal cord
17025,12825,Spinal cord
17075,12825,Spinal cord
17125,12825,Meninges
17175,12825,Spinal cord
17225,12825,Spinal cord
17275,12825,Spinal cord
17325,12825,Spinal cord
17375,12825,Spinal cord
17425,12825,Spinal cord
17475,12825,Spinal cord
17525,12825,Spinal cord
17575,12825,Spinal cord
17625,12825,Spinal cord
17675,12825,Spinal cord
17725,12825,Spinal cord
17775,12825,Spinal cord
17825,12825,Spinal cord
17875,12825,Spinal cord
17925,12825,Spinal cord
17975,12825,Spinal cord
18025,12825,Spinal cord
18075,12825,Spinal cord
18125,12825,Spinal cord
18175,12825,Spinal cord
18225,12825,Spinal cord
18275,12825,Spinal cord
18325,12825,Spinal cord
18375,12825,Spinal cord
18425,12825,Spinal cord
18475,12825,Spinal cord
18525,12825,Spinal cord
18575,12825,Spinal cord
18625,12825,Meninges
18675,12825,Meninges
18725,12825,Meninges
18775,12825,Meninges
18825,12825,Meninges
18875,12825,Meninges
18925,12825,Meninges
18975,12825,Meninges
19025,12825,Meninges
19075,12825,Meninges
19125,12825,Meninges
19175,12825,Meninges
19225,12825,Meninges
19275,12825,Meninges
19325,12825,Meninges
19375,12825,Meninges
19425,12825,Meninges
19475,12825,Meninges
19525,12825,Meninges
19575,12825,Meninges
19625,12825,Meninges
19675,12825,Meninges
19725,12825,Meninges
19775,12825,Connective tissue
19825,12825,Connective tissue
19875,12825,Connective tissue
19925,12825,Connective tissue
19975,12825,Connective tissue
20025,12825,Connective tissue
20075,12825,Connective tissue
20125,12825,Connective tissue
20175,12825,Connective tissue
20225,12825,Connective tissue
20275,12825,Connective tissue
20325,12825,Connective tissue
20375,12825,Connective tissue
20425,12825,Connective tissue
20475,12825,Connective tissue
20525,12825,Connective tissue
20575,12825,Connective tissue
20625,12825,Connective tissue
20675,12825,Connective tissue
20725,12825,Connective tissue
20775,12825,Cartilage primordium
20825,12825,Cartilage primordium
20875,12825,Cartilage primordium
20925,12825,Cartilage primordium
20975,12825,Cartilage primordium
21025,12825,Cartilage primordium
21075,12825,Cartilage primordium
21125,12825,Cartilage primordium
21175,12825,Cartilage primordium
21225,12825,Connective tissue
21275,12825,Connective tissue
21325,12825,Connective tissue
21375,12825,Connective tissue
21425,12825,Connective tissue
21475,12825,Cartilage primordium
21525,12825,Cartilage primordium
21575,12825,Cartilage primordium
21625,12825,Cartilage primordium
21675,12825,Cartilage primordium
21725,12825,Cartilage primordium
21775,12825,Cartilage primordium
21825,12825,Cartilage primordium
21875,12825,Cartilage primordium
21925,12825,Connective tissue
21975,12825,Connective tissue
22025,12825,Connective tissue
22075,12825,Connective tissue
22125,12825,Connective tissue
22175,12825,Connective tissue
22225,12825,Connective tissue
22275,12825,Connective tissue
22325,12825,Connective tissue
22375,12825,Connective tissue
22425,12825,Connective tissue
22475,12825,Lung
22525,12825,Connective tissue
22575,12825,Lung
22625,12825,Lung
22675,12825,Lung
22725,12825,Lung
22775,12825,Lung
22825,12825,Lung
22875,12825,Lung
22925,12825,Lung
22975,12825,Lung
23025,12825,Lung
23075,12825,Lung
23125,12825,Lung
23175,12825,Lung
23225,12825,Lung
23275,12825,Lung
23325,12825,Lung
23375,12825,Lung
23425,12825,Lung
23475,12825,Lung
23525,12825,Lung
23575,12825,Lung
23625,12825,Lung
23675,12825,Lung
23725,12825,Lung
23775,12825,Lung
23825,12825,Lung
23875,12825,Lung
23925,12825,Lung
23975,12825,Lung
24025,12825,Lung
24075,12825,Lung
24125,12825,Lung
24175,12825,Lung
24225,12825,Lung
24275,12825,Lung
24325,12825,Lung
24375,12825,Lung
24425,12825,Lung
24475,12825,Lung
24525,12825,Lung
24575,12825,Lung
24625,12825,Lung
24675,12825,Lung
24725,12825,Lung
24775,12825,Lung
24825,12825,Lung
24875,12825,Lung
24925,12825,Lung
24975,12825,Lung
15025,12875,Cavity
15075,12875,Cavity
15125,12875,Cavity
15175,12875,Cavity
15225,12875,Cavity
15275,12875,Cavity
15325,12875,Meninges
15375,12875,Cavity
15425,12875,Meninges
15475,12875,Meninges
15525,12875,Meninges
15575,12875,Meninges
15625,12875,Cavity
15675,12875,Meninges
15725,12875,Meninges
15775,12875,Meninges
15825,12875,Meninges
15875,12875,Meninges
15925,12875,Meninges
15975,12875,Meninges
16025,12875,Meninges
16075,12875,Meninges
16125,12875,Meninges
16175,12875,Meninges
16225,12875,Meninges
16275,12875,Meninges
16325,12875,Meninges
16375,12875,Meninges
16425,12875,Meninges
16475,12875,Meninges
16525,12875,Meninges
16575,12875,Meninges
16625,12875,Meninges
16675,12875,Meninges
16725,12875,Meninges
16775,12875,Meninges
16825,12875,Meninges
16875,12875,Meninges
16925,12875,Meninges
16975,12875,Meninges
17025,12875,Meninges
17075,12875,Meninges
17125,12875,Meninges
17175,12875,Meninges
17225,12875,Meninges
17275,12875,Meninges
17325,12875,Meninges
17375,12875,Meninges
17425,12875,Spinal cord
17475,12875,Spinal cord
17525,12875,Spinal cord
17575,12875,Spinal cord
17625,12875,Spinal cord
17675,12875,Spinal cord
17725,12875,Spinal cord
17775,12875,Spinal cord
17825,12875,Spinal cord
17875,12875,Spinal cord
17925,12875,Spinal cord
17975,12875,Meninges
18025,12875,Spinal cord
18075,12875,Spinal cord
18125,12875,Spinal cord
18175,12875,Spinal cord
18225,12875,Spinal cord
18275,12875,Spinal cord
18325,12875,Meninges
18375,12875,Meninges
18425,12875,Meninges
18475,12875,Meninges
18525,12875,Meninges
18575,12875,Meninges
18625,12875,Meninges
18675,12875,Meninges
18725,12875,Meninges
18775,12875,Meninges
18825,12875,Meninges
18875,12875,Meninges
18925,12875,Meninges
18975,12875,Meninges
19025,12875,Meninges
19075,12875,Meninges
19125,12875,Meninges
19175,12875,Meninges
19225,12875,Meninges
19275,12875,Meninges
19325,12875,Meninges
19375,12875,Meninges
19425,12875,Meninges
19475,12875,Meninges
19525,12875,Meninges
19575,12875,Meninges
19625,12875,Connective tissue
19675,12875,Connective tissue
19725,12875,Connective tissue
19775,12875,Connective tissue
19825,12875,Connective tissue
19875,12875,Connective tissue
19925,12875,Connective tissue
19975,12875,Connective tissue
20025,12875,Connective tissue
20075,12875,Connective tissue
20125,12875,Cartilage primordium
20175,12875,Cartilage primordium
20225,12875,Cartilage primordium
20275,12875,Cartilage primordium
20325,12875,Cartilage primordium
20375,12875,Cartilage primordium
20425,12875,Connective tissue
20475,12875,Connective tissue
20525,12875,Connective tissue
20575,12875,Connective tissue
20625,12875,Connective tissue
20675,12875,Connective tissue
20725,12875,Connective tissue
20775,12875,Cartilage primordium
20825,12875,Cartilage primordium
20875,12875,Cartilage primordium
20925,12875,Cartilage primordium
20975,12875,Cartilage primordium
21025,12875,Cartilage primordium
21075,12875,Cartilage primordium
21125,12875,Cartilage primordium
21175,12875,Cartilage primordium
21225,12875,Cartilage primordium
21275,12875,Connective tissue
21325,12875,Connective tissue
21375,12875,Connective tissue
21425,12875,Connective tissue
21475,12875,Cartilage primordium
21525,12875,Cartilage primordium
21575,12875,Cartilage primordium
21625,12875,Cartilage primordium
21675,12875,Cartilage primordium
21725,12875,Connective tissue
21775,12875,Connective tissue
21825,12875,Connective tissue
21875,12875,Connective tissue
21925,12875,Connective tissue
21975,12875,Connective tissue
22025,12875,Connective tissue
22075,12875,Connective tissue
22125,12875,Connective tissue
22175,12875,Connective tissue
22225,12875,Connective tissue
22275,12875,Connective tissue
22325,12875,Connective tissue
22375,12875,Lung
22425,12875,Lung
22475,12875,Lung
22525,12875,Lung
22575,12875,Lung
22625,12875,Lung
22675,12875,Lung
22725,12875,Lung
22775,12875,Lung
22825,12875,Lung
22875,12875,Lung
22925,12875,Lung
22975,12875,Lung
23025,12875,Lung
23075,12875,Lung
23125,12875,Lung
23175,12875,Lung
23225,12875,Lung
23275,12875,Lung
23325,12875,Lung
23375,12875,Lung
23425,12875,Lung
23475,12875,Lung
23525,12875,Lung
23575,12875,Lung
23625,12875,Lung
23675,12875,Lung
23725,12875,Lung
23775,12875,Lung
23825,12875,Lung
23875,12875,Lung
23925,12875,Lung
23975,12875,Lung
24025,12875,Lung
24075,12875,Lung
24125,12875,Lung
24175,12875,Lung
24225,12875,Lung
24275,12875,Lung
24325,12875,Lung
24375,12875,Lung
24425,12875,Lung
24475,12875,Lung
24525,12875,Lung
24575,12875,Lung
24625,12875,Lung
24675,12875,Lung
24725,12875,Lung
24775,12875,Lung
24825,12875,Lung
24875,12875,Lung
24925,12875,Lung
24975,12875,Lung
15025,12925,Cavity
15075,12925,Cavity
15125,12925,Cavity
15175,12925,Cavity
15225,12925,Cavity
15275,12925,Cavity
15325,12925,Cavity
15375,12925,Cavity
15425,12925,Cavity
15475,12925,Meninges
15525,12925,Cavity
15575,12925,Meninges
15625,12925,Meninges
15675,12925,Meninges
15725,12925,Cavity
15775,12925,Cavity
15825,12925,Meninges
15875,12925,Meninges
15925,12925,Meninges
15975,12925,Connective tissue
16025,12925,Meninges
16075,12925,Meninges
16125,12925,Meninges
16175,12925,Meninges
16225,12925,Meninges
16275,12925,Meninges
16325,12925,Meninges
16375,12925,Meninges
16425,12925,Meninges
16475,12925,Meninges
16525,12925,Meninges
16575,12925,Meninges
16625,12925,Meninges
16675,12925,Meninges
16725,12925,Meninges
16775,12925,Cavity
16825,12925,Meninges
16875,12925,Meninges
16925,12925,Meninges
16975,12925,Meninges
17025,12925,Meninges
17075,12925,Meninges
17125,12925,Meninges
17175,12925,Meninges
17225,12925,Meninges
17275,12925,Meninges
17325,12925,Meninges
17375,12925,Meninges
17425,12925,Meninges
17475,12925,Meninges
17525,12925,Meninges
17575,12925,Meninges
17625,12925,Meninges
17675,12925,Meninges
17725,12925,Meninges
17775,12925,Meninges
17825,12925,Meninges
17875,12925,Meninges
17925,12925,Meninges
17975,12925,Meninges
18025,12925,Meninges
18075,12925,Meninges
18125,12925,Meninges
18175,12925,Meninges
18225,12925,Meninges
18275,12925,Meninges
18325,12925,Meninges
18375,12925,Meninges
18425,12925,Meninges
18475,12925,Meninges
18525,12925,Meninges
18575,12925,Meninges
18625,12925,Meninges
18675,12925,Meninges
18725,12925,Meninges
18775,12925,Meninges
18825,12925,Meninges
18875,12925,Meninges
18925,12925,Meninges
18975,12925,Meninges
19025,12925,Meninges
19075,12925,Meninges
19125,12925,Meninges
19175,12925,Meninges
19225,12925,Meninges
19275,12925,Meninges
19325,12925,Meninges
19375,12925,Meninges
19425,12925,Meninges
19475,12925,Meninges
19525,12925,Meninges
19575,12925,Connective tissue
19625,12925,Connective tissue
19675,12925,Connective tissue
19725,12925,Connective tissue
19775,12925,Connective tissue
19825,12925,Connective tissue
19875,12925,Connective tissue
19925,12925,Connective tissue
19975,12925,Connective tissue
20025,12925,Connective tissue
20075,12925,Cartilage primordium
20125,12925,Cartilage primordium
20175,12925,Cartilage primordium
20225,12925,Cartilage primordium
20275,12925,Cartilage primordium
20325,12925,Cartilage primordium
20375,12925,Cartilage primordium
20425,12925,Cartilage primordium
20475,12925,Connective tissue
20525,12925,Connective tissue
20575,12925,Connective tissue
20625,12925,Connective tissue
20675,12925,Connective tissue
20725,12925,Connective tissue
20775,12925,Cartilage primordium
20825,12925,Cartilage primordium
20875,12925,Cartilage primordium
20925,12925,Cartilage primordium
20975,12925,Cartilage primordium
21025,12925,Cartilage primordium
21075,12925,Cartilage primordium
21125,12925,Cartilage primordium
21175,12925,Cartilage primordium
21225,12925,Connective tissue
21275,12925,Connective tissue
21325,12925,Connective tissue
21375,12925,Connective tissue
21425,12925,Connective tissue
21475,12925,Connective tissue
21525,12925,Connective tissue
21575,12925,Connective tissue
21625,12925,Connective tissue
21675,12925,Connective tissue
21725,12925,Connective tissue
21775,12925,Connective tissue
21825,12925,Connective tissue
21875,12925,Connective tissue
21925,12925,Connective tissue
21975,12925,Connective tissue
22025,12925,Connective tissue
22075,12925,Connective tissue
22125,12925,Connective tissue
22175,12925,Connective tissue
22225,12925,Connective tissue
22275,12925,Connective tissue
22325,12925,Lung
22375,12925,Lung
22425,12925,Lung
22475,12925,Lung
22525,12925,Lung
22575,12925,Lung
22625,12925,Lung
22675,12925,Lung
22725,12925,Lung
22775,12925,Lung
22825,12925,Lung
22875,12925,Lung
22925,12925,Lung
22975,12925,Lung
23025,12925,Lung
23075,12925,Lung
23125,12925,Lung
23175,12925,Lung
23225,12925,Lung
23275,12925,Lung
23325,12925,Lung
23375,12925,Lung
23425,12925,Lung
23475,12925,Lung
23525,12925,Lung
23575,12925,Lung
23625,12925,Lung
23675,12925,Lung
23725,12925,Lung
23775,12925,Lung
23825,12925,Lung
23875,12925,Lung
23925,12925,Lung
23975,12925,Lung
24025,12925,Lung
24075,12925,Lung
24125,12925,Lung
24175,12925,Lung
24225,12925,Lung
24275,12925,Lung
24325,12925,Lung
24375,12925,Lung
24425,12925,Lung
24475,12925,Lung
24525,12925,Lung
24575,12925,Lung
24625,12925,Lung
24675,12925,Lung
24725,12925,Lung
24775,12925,Lung
24825,12925,Lung
24875,12925,Lung
24925,12925,Lung
24975,12925,Lung
15025,12975,Cavity
15075,12975,Cavity
15125,12975,Cavity
15175,12975,Cavity
15225,12975,Cavity
15275,12975,Cavity
15325,12975,Cavity
15375,12975,Cavity
15425,12975,Cavity
15475,12975,Meninges
15525,12975,Meninges
15575,12975,Meninges
15625,12975,Meninges
15675,12975,Meninges
15725,12975,Meninges
15775,12975,Meninges
15825,12975,Meninges
15875,12975,Meninges
15925,12975,Meninges
15975,12975,Meninges
16025,12975,Meninges
16075,12975,Meninges
16125,12975,Meninges
16175,12975,Meninges
16225,12975,Meninges
16275,12975,Meninges
16325,12975,Meninges
16375,12975,Meninges
16425,12975,Meninges
16475,12975,Meninges
16525,12975,Meninges
16575,12975,Meninges
16625,12975,Meninges
16675,12975,Meninges
16725,12975,Meninges
16775,12975,Meninges
16825,12975,Meninges
16875,12975,Meninges
16925,12975,Meninges
16975,12975,Meninges
17025,12975,Meninges
17075,12975,Meninges
17125,12975,Meninges
17175,12975,Meninges
17225,12975,Meninges
17275,12975,Meninges
17325,12975,Meninges
17375,12975,Meninges
17425,12975,Meninges
17475,12975,Meninges
17525,12975,Meninges
17575,12975,Meninges
17625,12975,Meninges
17675,12975,Meninges
17725,12975,Meninges
17775,12975,Meninges
17825,12975,Meninges
17875,12975,Meninges
17925,12975,Meninges
17975,12975,Meninges
18025,12975,Meninges
18075,12975,Meninges
18125,12975,Meninges
18175,12975,Meninges
18225,12975,Meninges
18275,12975,Meninges
18325,12975,Meninges
18375,12975,Meninges
18425,12975,Meninges
18475,12975,Meninges
18525,12975,Meninges
18575,12975,Meninges
18625,12975,Meninges
18675,12975,Meninges
18725,12975,Meninges
18775,12975,Meninges
18825,12975,Meninges
18875,12975,Meninges
18925,12975,Meninges
18975,12975,Meninges
19025,12975,Meninges
19075,12975,Meninges
19125,12975,Connective tissue
19175,12975,Connective tissue
19225,12975,Connective tissue
19275,12975,Connective tissue
19325,12975,Connective tissue
19375,12975,Connective tissue
19425,12975,Connective tissue
19475,12975,Connective tissue
19525,12975,Connective tissue
19575,12975,Connective tissue
19625,12975,Connective tissue
19675,12975,Connective tissue
19725,12975,Connective tissue
19775,12975,Connective tissue
19825,12975,Connective tissue
19875,12975,Connective tissue
19925,12975,Connective tissue
19975,12975,Connective tissue
20025,12975,Connective tissue
20075,12975,Cartilage primordium
20125,12975,Cartilage primordium
20175,12975,Cartilage primordium
20225,12975,Cartilage primordium
20275,12975,Cartilage primordium
20325,12975,Cartilage primordium
20375,12975,Cartilage primordium
20425,12975,Cartilage primordium
20475,12975,Connective tissue
20525,12975,Connective tissue
20575,12975,Connective tissue
20625,12975,Connective tissue
20675,12975,Connective tissue
20725,12975,Connective tissue
20775,12975,Cartilage primordium
20825,12975,Cartilage primordium
20875,12975,Cartilage primordium
20925,12975,Cartilage primordium
20975,12975,Cartilage primordium
21025,12975,Cartilage primordium
21075,12975,Cartilage primordium
21125,12975,Cartilage primordium
21175,12975,Cartilage primordium
21225,12975,Connective tissue
21275,12975,Connective tissue
21325,12975,Connective tissue
21375,12975,Connective tissue
21425,12975,Connective tissue
21475,12975,Connective tissue
21525,12975,Connective tissue
21575,12975,Connective tissue
21625,12975,Connective tissue
21675,12975,Connective tissue
21725,12975,Connective tissue
21775,12975,Connective tissue
21825,12975,Connective tissue
21875,12975,Connective tissue
21925,12975,Connective tissue
21975,12975,Connective tissue
22025,12975,Connective tissue
22075,12975,Connective tissue
22125,12975,Connective tissue
22175,12975,Connective tissue
22225,12975,Lung
22275,12975,Lung
22325,12975,GI tract
22375,12975,GI tract
22425,12975,Lung
22475,12975,Lung
22525,12975,Lung
22575,12975,Lung
22625,12975,Lung
22675,12975,Lung
22725,12975,Lung
22775,12975,Lung
22825,12975,Lung
22875,12975,Lung
22925,12975,Lung
22975,12975,Lung
23025,12975,Lung
23075,12975,Lung
23125,12975,Lung
23175,12975,Lung
23225,12975,Lung
23275,12975,Lung
23325,12975,Lung
23375,12975,Lung
23425,12975,Lung
23475,12975,Lung
23525,12975,Lung
23575,12975,Lung
23625,12975,Lung
23675,12975,Lung
23725,12975,Lung
23775,12975,Lung
23825,12975,Lung
23875,12975,Lung
23925,12975,Lung
23975,12975,Lung
24025,12975,Lung
24075,12975,Lung
24125,12975,Lung
24175,12975,Lung
24225,12975,Lung
24275,12975,Lung
24325,12975,Lung
24375,12975,Lung
24425,12975,Lung
24475,12975,Lung
24525,12975,Lung
24575,12975,Lung
24625,12975,Lung
24675,12975,Lung
24725,12975,Lung
24775,12975,Lung
24825,12975,Lung
24875,12975,Lung
24925,12975,Lung
24975,12975,Lung
15025,13025,Cavity
15075,13025,Cavity
15125,13025,Meninges
15175,13025,Cavity
15225,13025,Meninges
15275,13025,Cavity
15325,13025,Meninges
15375,13025,Meninges
15425,13025,Meninges
15475,13025,Meninges
15525,13025,Meninges
15575,13025,Meninges
15625,13025,Connective tissue
15675,13025,Meninges
15725,13025,Meninges
15775,13025,Meninges
15825,13025,Meninges
15875,13025,Meninges
15925,13025,Meninges
15975,13025,Connective tissue
16025,13025,Connective tissue
16075,13025,Connective tissue
16125,13025,Connective tissue
16175,13025,Connective tissue
16225,13025,Connective tissue
16275,13025,Connective tissue
16325,13025,Connective tissue
16375,13025,Connective tissue
16425,13025,Meninges
16475,13025,Meninges
16525,13025,Meninges
16575,13025,Meninges
16625,13025,Meninges
16675,13025,Connective tissue
16725,13025,Connective tissue
16775,13025,Connective tissue
16825,13025,Meninges
16875,13025,Meninges
16925,13025,Meninges
16975,13025,Meninges
17025,13025,Meninges
17075,13025,Meninges
17125,13025,Meninges
17175,13025,Meninges
17225,13025,Meninges
17275,13025,Meninges
17325,13025,Meninges
17375,13025,Meninges
17425,13025,Meninges
17475,13025,Meninges
17525,13025,Meninges
17575,13025,Meninges
17625,13025,Meninges
17675,13025,Meninges
17725,13025,Meninges
17775,13025,Meninges
17825,13025,Meninges
17875,13025,Meninges
17925,13025,Meninges
17975,13025,Meninges
18025,13025,Meninges
18075,13025,Meninges
18125,13025,Meninges
18175,13025,Meninges
18225,13025,Meninges
18275,13025,Meninges
18325,13025,Meninges
18375,13025,Meninges
18425,13025,Meninges
18475,13025,Meninges
18525,13025,Meninges
18575,13025,Meninges
18625,13025,Meninges
18675,13025,Meninges
18725,13025,Meninges
18775,13025,Meninges
18825,13025,Meninges
18875,13025,Meninges
18925,13025,Meninges
18975,13025,Connective tissue
19025,13025,Connective tissue
19075,13025,Connective tissue
19125,13025,Connective tissue
19175,13025,Connective tissue
19225,13025,Connective tissue
19275,13025,Connective tissue
19325,13025,Connective tissue
19375,13025,Connective tissue
19425,13025,Connective tissue
19475,13025,Connective tissue
19525,13025,Connective tissue
19575,13025,Cartilage primordium
19625,13025,Cartilage primordium
19675,13025,Connective tissue
19725,13025,Connective tissue
19775,13025,Connective tissue
19825,13025,Connective tissue
19875,13025,Connective tissue
19925,13025,Connective tissue
19975,13025,Connective tissue
20025,13025,Connective tissue
20075,13025,Cartilage primordium
20125,13025,Cartilage primordium
20175,13025,Cartilage primordium
20225,13025,Cartilage primordium
20275,13025,Cartilage primordium
20325,13025,Cartilage primordium
20375,13025,Cartilage primordium
20425,13025,Cartilage primordium
20475,13025,Connective tissue
20525,13025,Connective tissue
20575,13025,Connective tissue
20625,13025,Connective tissue
20675,13025,Connective tissue
20725,13025,Connective tissue
20775,13025,Connective tissue
20825,13025,Cartilage primordium
20875,13025,Cartilage primordium
20925,13025,Cartilage primordium
20975,13025,Cartilage primordium
21025,13025,Cartilage primordium
21075,13025,Cartilage primordium
21125,13025,Cartilage primordium
21175,13025,Connective tissue
21225,13025,Connective tissue
21275,13025,Connective tissue
21325,13025,Connective tissue
21375,13025,Connective tissue
21425,13025,Connective tissue
21475,13025,Connective tissue
21525,13025,Connective tissue
21575,13025,Connective tissue
21625,13025,Connective tissue
21675,13025,Connective tissue
21725,13025,Connective tissue
21775,13025,Spinal cord
21825,13025,Connective tissue
21875,13025,Connective tissue
21925,13025,Lung
21975,13025,Connective tissue
22025,13025,Connective tissue
22075,13025,Connective tissue
22125,13025,Bone
22175,13025,Lung
22225,13025,Lung
22275,13025,Lung
22325,13025,Pancreas
22375,13025,Pancreas
22425,13025,Lung
22475,13025,Lung
22525,13025,Lung
22575,13025,Lung
22625,13025,Lung
22675,13025,Lung
22725,13025,Lung
22775,13025,Lung
22825,13025,Lung
22875,13025,Lung
22925,13025,Lung
22975,13025,Lung
23025,13025,Lung
23075,13025,Lung
23125,13025,Lung
23175,13025,Lung
23225,13025,Lung
23275,13025,Lung
23325,13025,Lung
23375,13025,Lung
23425,13025,Lung
23475,13025,Lung
23525,13025,Lung
23575,13025,Lung
23625,13025,Lung
23675,13025,Lung
23725,13025,Lung
23775,13025,Lung
23825,13025,Lung
23875,13025,Lung
23925,13025,Lung
23975,13025,Lung
24025,13025,Lung
24075,13025,Lung
24125,13025,Lung
24175,13025,Lung
24225,13025,Lung
24275,13025,Lung
24325,13025,Lung
24375,13025,Lung
24425,13025,Lung
24475,13025,Lung
24525,13025,Lung
24575,13025,Lung
24625,13025,Lung
24675,13025,Lung
24725,13025,Lung
24775,13025,Lung
24825,13025,Lung
24875,13025,Lung
24925,13025,Lung
24975,13025,Lung
15025,13075,Meninges
15075,13075,Meninges
15125,13075,Meninges
15175,13075,Meninges
15225,13075,Meninges
15275,13075,Meninges
15325,13075,Meninges
15375,13075,Meninges
15425,13075,Connective tissue
15475,13075,Connective tissue
15525,13075,Connective tissue
15575,13075,Connective tissue
15625,13075,Connective tissue
15675,13075,Connective tissue
15725,13075,Connective tissue
15775,13075,Connective tissue
15825,13075,Connective tissue
15875,13075,Connective tissue
15925,13075,Connective tissue
15975,13075,Connective tissue
16025,13075,Connective tissue
16075,13075,Connective tissue
16125,13075,Connective tissue
16175,13075,Connective tissue
16225,13075,Connective tissue
16275,13075,Connective tissue
16325,13075,Connective tissue
16375,13075,Connective tissue
16425,13075,Connective tissue
16475,13075,Connective tissue
16525,13075,Connective tissue
16575,13075,Connective tissue
16625,13075,Connective tissue
16675,13075,Connective tissue
16725,13075,Connective tissue
16775,13075,Connective tissue
16825,13075,Connective tissue
16875,13075,Connective tissue
16925,13075,Connective tissue
16975,13075,Meninges
17025,13075,Meninges
17075,13075,Meninges
17125,13075,Meninges
17175,13075,Meninges
17225,13075,Meninges
17275,13075,Meninges
17325,13075,Meninges
17375,13075,Meninges
17425,13075,Meninges
17475,13075,Meninges
17525,13075,Meninges
17575,13075,Meninges
17625,13075,Meninges
17675,13075,Meninges
17725,13075,Meninges
17775,13075,Meninges
17825,13075,Meninges
17875,13075,Meninges
17925,13075,Meninges
17975,13075,Meninges
18025,13075,Meninges
18075,13075,Meninges
18125,13075,Meninges
18175,13075,Meninges
18225,13075,Meninges
18275,13075,Meninges
18325,13075,Meninges
18375,13075,Meninges
18425,13075,Meninges
18475,13075,Meninges
18525,13075,Meninges
18575,13075,Meninges
18625,13075,Meninges
18675,13075,Meninges
18725,13075,Meninges
18775,13075,Connective tissue
18825,13075,Connective tissue
18875,13075,Connective tissue
18925,13075,Connective tissue
18975,13075,Connective tissue
19025,13075,Connective tissue
19075,13075,Connective tissue
19125,13075,Connective tissue
19175,13075,Connective tissue
19225,13075,Connective tissue
19275,13075,Connective tissue
19325,13075,Connective tissue
19375,13075,Cartilage primordium
19425,13075,Cartilage primordium
19475,13075,Cartilage primordium
19525,13075,Cartilage primordium
19575,13075,Cartilage primordium
19625,13075,Cartilage primordium
19675,13075,Cartilage primordium
19725,13075,Cartilage primordium
19775,13075,Connective tissue
19825,13075,Connective tissue
19875,13075,Connective tissue
19925,13075,Connective tissue
19975,13075,Connective tissue
20025,13075,Connective tissue
20075,13075,Cartilage primordium
20125,13075,Cartilage primordium
20175,13075,Cartilage primordium
20225,13075,Cartilage primordium
20275,13075,Cartilage primordium
20325,13075,Cartilage primordium
20375,13075,Cartilage primordium
20425,13075,Cartilage primordium
20475,13075,Cartilage primordium
20525,13075,Connective tissue
20575,13075,Connective tissue
20625,13075,Connective tissue
20675,13075,Connective tissue
20725,13075,Connective tissue
20775,13075,Connective tissue
20825,13075,Connective tissue
20875,13075,Cartilage primordium
20925,13075,Cartilage primordium
20975,13075,Connective tissue
21025,13075,Connective tissue
21075,13075,Connective tissue
21125,13075,Connective tissue
21175,13075,Connective tissue
21225,13075,Connective tissue
21275,13075,Connective tissue
21325,13075,Connective tissue
21375,13075,Connective tissue
21425,13075,Connective tissue
21475,13075,Connective tissue
21525,13075,Connective tissue
21575,13075,Connective tissue
21625,13075,Connective tissue
21675,13075,Lung
21725,13075,Connective tissue
21775,13075,Connective tissue
21825,13075,Lung
21875,13075,Lung
21925,13075,Lung
21975,13075,Lung
22025,13075,Lung
22075,13075,Lung
22125,13075,Lung
22175,13075,Lung
22225,13075,Lung
22275,13075,Lung
22325,13075,GI tract
22375,13075,GI tract
22425,13075,Lung
22475,13075,Connective tissue
22525,13075,Lung
22575,13075,Lung
22625,13075,Lung
22675,13075,Lung
22725,13075,Lung
22775,13075,Lung
22825,13075,Lung
22875,13075,Lung
22925,13075,Lung
22975,13075,Lung
23025,13075,Lung
23075,13075,Lung
23125,13075,Lung
23175,13075,Lung
23225,13075,Lung
23275,13075,Lung
23325,13075,Lung
23375,13075,Lung
23425,13075,Lung
23475,13075,Lung
23525,13075,Lung
23575,13075,Lung
23625,13075,Pancreas
23675,13075,Lung
23725,13075,Lung
23775,13075,Lung
23825,13075,Lung
23875,13075,Lung
23925,13075,Lung
23975,13075,Lung
24025,13075,Lung
24075,13075,Lung
24125,13075,Lung
24175,13075,Lung
24225,13075,Lung
24275,13075,Lung
24325,13075,Lung
24375,13075,Lung
24425,13075,Lung
24475,13075,Lung
24525,13075,Lung
24575,13075,Lung
24625,13075,Lung
24675,13075,Lung
24725,13075,Lung
24775,13075,Lung
24825,13075,Lung
24875,13075,Lung
24925,13075,Lung
24975,13075,Lung
15025,13125,Connective tissue
15075,13125,Connective tissue
15125,13125,Connective tissue
15175,13125,Connective tissue
15225,13125,Connective tissue
15275,13125,Connective tissue
15325,13125,Connective tissue
15375,13125,Connective tissue
15425,13125,Connective tissue
15475,13125,Connective tissue
15525,13125,Connective tissue
15575,13125,Connective tissue
15625,13125,Connective tissue
15675,13125,Connective tissue
15725,13125,Connective tissue
15775,13125,Cartilage primordium
15825,13125,Cartilage primordium
15875,13125,Connective tissue
15925,13125,Connective tissue
15975,13125,Connective tissue
16025,13125,Connective tissue
16075,13125,Connective tissue
16125,13125,Connective tissue
16175,13125,Connective tissue
16225,13125,Connective tissue
16275,13125,Connective tissue
16325,13125,Connective tissue
16375,13125,Connective tissue
16425,13125,Connective tissue
16475,13125,Connective tissue
16525,13125,Connective tissue
16575,13125,Connective tissue
16625,13125,Connective tissue
16675,13125,Connective tissue
16725,13125,Connective tissue
16775,13125,Connective tissue
16825,13125,Connective tissue
16875,13125,Connective tissue
16925,13125,Connective tissue
16975,13125,Connective tissue
17025,13125,Meninges
17075,13125,Connective tissue
17125,13125,Connective tissue
17175,13125,Connective tissue
17225,13125,Connective tissue
17275,13125,Connective tissue
17325,13125,Connective tissue
17375,13125,Connective tissue
17425,13125,Meninges
17475,13125,Meninges
17525,13125,Meninges
17575,13125,Meninges
17625,13125,Meninges
17675,13125,Meninges
17725,13125,Meninges
17775,13125,Meninges
17825,13125,Meninges
17875,13125,Meninges
17925,13125,Meninges
17975,13125,Meninges
18025,13125,Meninges
18075,13125,Meninges
18125,13125,Meninges
18175,13125,Meninges
18225,13125,Meninges
18275,13125,Meninges
18325,13125,Meninges
18375,13125,Connective tissue
18425,13125,Connective tissue
18475,13125,Connective tissue
18525,13125,Connective tissue
18575,13125,Connective tissue
18625,13125,Connective tissue
18675,13125,Connective tissue
18725,13125,Connective tissue
18775,13125,Connective tissue
18825,13125,Connective tissue
18875,13125,Connective tissue
18925,13125,Connective tissue
18975,13125,Connective tissue
19025,13125,Connective tissue
19075,13125,Connective tissue
19125,13125,Connective tissue
19175,13125,Connective tissue
19225,13125,Connective tissue
19275,13125,Cartilage primordium
19325,13125,Cartilage primordium
19375,13125,Cartilage primordium
19425,13125,Cartilage primordium
19475,13125,Cartilage primordium
19525,13125,Cartilage primordium
19575,13125,Cartilage primordium
19625,13125,Cartilage primordium
19675,13125,Cartilage primordium
19725,13125,Cartilage primordium
19775,13125,Connective tissue
19825,13125,Connective tissue
19875,13125,Connective tissue
19925,13125,Connective tissue
19975,13125,Connective tissue
20025,13125,Connective tissue
20075,13125,Cartilage primordium
20125,13125,Cartilage primordium
20175,13125,Cartilage primordium
20225,13125,Cartilage primordium
20275,13125,Cartilage primordium
20325,13125,Cartilage primordium
20375,13125,Cartilage primordium
20425,13125,Cartilage primordium
20475,13125,Cartilage primordium
20525,13125,Connective tissue
20575,13125,Connective tissue
20625,13125,Connective tissue
20675,13125,Connective tissue
20725,13125,Connective tissue
20775,13125,Connective tissue
20825,13125,Connective tissue
20875,13125,Connective tissue
20925,13125,Connective tissue
20975,13125,Connective tissue
21025,13125,Connective tissue
21075,13125,Connective tissue
21125,13125,Connective tissue
21175,13125,Connective tissue
21225,13125,Connective tissue
21275,13125,Connective tissue
21325,13125,Connective tissue
21375,13125,Connective tissue
21425,13125,Connective tissue
21475,13125,Connective tissue
21525,13125,Connective tissue
21575,13125,Connective tissue
21625,13125,Lung
21675,13125,Lung
21725,13125,Lung
21775,13125,Lung
21825,13125,Lung
21875,13125,Lung
21925,13125,Lung
21975,13125,Lung
22025,13125,Lung
22075,13125,Lung
22125,13125,Lung
22175,13125,Lung
22225,13125,GI tract
22275,13125,Lung
22325,13125,Lung
22375,13125,Lung
22425,13125,Lung
22475,13125,Lung
22525,13125,Lung
22575,13125,Lung
22625,13125,Lung
22675,13125,Lung
22725,13125,Lung
22775,13125,Lung
22825,13125,Lung
22875,13125,Lung
22925,13125,Lung
22975,13125,Lung
23025,13125,Lung
23075,13125,Lung
23125,13125,Lung
23175,13125,Lung
23225,13125,Lung
23275,13125,Lung
23325,13125,Lung
23375,13125,Lung
23425,13125,Lung
23475,13125,Lung
23525,13125,Lung
23575,13125,Lung
23625,13125,Lung
23675,13125,Lung
23725,13125,Lung
23775,13125,Lung
23825,13125,Lung
23875,13125,Lung
23925,13125,Lung
23975,13125,Lung
24025,13125,Lung
24075,13125,Lung
24125,13125,Lung
24175,13125,Lung
24225,13125,Lung
24275,13125,Lung
24325,13125,Lung
24375,13125,Lung
24425,13125,Lung
24475,13125,Lung
24525,13125,Lung
24575,13125,Lung
24625,13125,Lung
24675,13125,Lung
24725,13125,Lung
24775,13125,Lung
24825,13125,Lung
24875,13125,Lung
24925,13125,Lung
24975,13125,Lung
15025,13175,Connective tissue
15075,13175,Connective tissue
15125,13175,Connective tissue
15175,13175,Connective tissue
15225,13175,Connective tissue
15275,13175,Connective tissue
15325,13175,Connective tissue
15375,13175,Connective tissue
15425,13175,Connective tissue
15475,13175,Connective tissue
15525,13175,Connective tissue
15575,13175,Connective tissue
15625,13175,Connective tissue
15675,13175,Connective tissue
15725,13175,Cartilage primordium
15775,13175,Cartilage primordium
15825,13175,Cartilage primordium
15875,13175,Cartilage primordium
15925,13175,Cartilage primordium
15975,13175,Cartilage primordium
16025,13175,Connective tissue
16075,13175,Connective tissue
16125,13175,Connective tissue
16175,13175,Connective tissue
16225,13175,Connective tissue
16275,13175,Cartilage primordium
16325,13175,Cartilage primordium
16375,13175,Cartilage primordium
16425,13175,Cartilage primordium
16475,13175,Cartilage primordium
16525,13175,Cartilage primordium
16575,13175,Connective tissue
16625,13175,Connective tissue
16675,13175,Connective tissue
16725,13175,Connective tissue
16775,13175,Connective tissue
16825,13175,Connective tissue
16875,13175,Cartilage primordium
16925,13175,Cartilage primordium
16975,13175,Connective tissue
17025,13175,Connective tissue
17075,13175,Connective tissue
17125,13175,Connective tissue
17175,13175,Connective tissue
17225,13175,Connective tissue
17275,13175,Connective tissue
17325,13175,Connective tissue
17375,13175,Connective tissue
17425,13175,Connective tissue
17475,13175,Connective tissue
17525,13175,Connective tissue
17575,13175,Connective tissue
17625,13175,Connective tissue
17675,13175,Connective tissue
17725,13175,Connective tissue
17775,13175,Connective tissue
17825,13175,Connective tissue
17875,13175,Connective tissue
17925,13175,Connective tissue
17975,13175,Connective tissue
18025,13175,Connective tissue
18075,13175,Connective tissue
18125,13175,Connective tissue
18175,13175,Connective tissue
18225,13175,Connective tissue
18275,13175,Connective tissue
18325,13175,Connective tissue
18375,13175,Connective tissue
18425,13175,Connective tissue
18475,13175,Connective tissue
18525,13175,Connective tissue
18575,13175,Connective tissue
18625,13175,Connective tissue
18675,13175,Connective tissue
18725,13175,Connective tissue
18775,13175,Connective tissue
18825,13175,Connective tissue
18875,13175,Connective tissue
18925,13175,Cartilage primordium
18975,13175,Cartilage primordium
19025,13175,Connective tissue
19075,13175,Connective tissue
19125,13175,Connective tissue
19175,13175,Connective tissue
19225,13175,Connective tissue
19275,13175,Cartilage primordium
19325,13175,Cartilage primordium
19375,13175,Cartilage primordium
19425,13175,Cartilage primordium
19475,13175,Cartilage primordium
19525,13175,Cartilage primordium
19575,13175,Cartilage primordium
19625,13175,Cartilage primordium
19675,13175,Cartilage primordium
19725,13175,Cartilage primordium
19775,13175,Cartilage primordium
19825,13175,Connective tissue
19875,13175,Connective tissue
19925,13175,Connective tissue
19975,13175,Connective tissue
20025,13175,Connective tissue
20075,13175,Cartilage primordium
20125,13175,Cartilage primordium
20175,13175,Cartilage primordium
20225,13175,Cartilage primordium
20275,13175,Cartilage primordium
20325,13175,Cartilage primordium
20375,13175,Cartilage primordium
20425,13175,Cartilage primordium
20475,13175,Cartilage primordium
20525,13175,Connective tissue
20575,13175,Connective tissue
20625,13175,Connective tissue
20675,13175,Connective tissue
20725,13175,Connective tissue
20775,13175,Connective tissue
20825,13175,Connective tissue
20875,13175,Connective tissue
20925,13175,Connective tissue
20975,13175,Connective tissue
21025,13175,Connective tissue
21075,13175,Connective tissue
21125,13175,Connective tissue
21175,13175,Connective tissue
21225,13175,Connective tissue
21275,13175,Connective tissue
21325,13175,Connective tissue
21375,13175,Connective tissue
21425,13175,Connective tissue
21475,13175,Connective tissue
21525,13175,Lung
21575,13175,Lung
21625,13175,Lung
21675,13175,Lung
21725,13175,Lung
21775,13175,Lung
21825,13175,Lung
21875,13175,Lung
21925,13175,Lung
21975,13175,Lung
22025,13175,Lung
22075,13175,Lung
22125,13175,Lung
22175,13175,Lung
22225,13175,Lung
22275,13175,Lung
22325,13175,Lung
22375,13175,Lung
22425,13175,Lung
22475,13175,Lung
22525,13175,Lung
22575,13175,Lung
22625,13175,Lung
22675,13175,Lung
22725,13175,Lung
22775,13175,Lung
22825,13175,Lung
22875,13175,Lung
22925,13175,Lung
22975,13175,Lung
23025,13175,Lung
23075,13175,Lung
23125,13175,Lung
23175,13175,Bone
23225,13175,Lung
23275,13175,Lung
23325,13175,Lung
23375,13175,Lung
23425,13175,Lung
23475,13175,Lung
23525,13175,Lung
23575,13175,Lung
23625,13175,Lung
23675,13175,Lung
23725,13175,Lung
23775,13175,Lung
23825,13175,Lung
23875,13175,Lung
23925,13175,Lung
23975,13175,Lung
24025,13175,Lung
24075,13175,Lung
24125,13175,Lung
24175,13175,Lung
24225,13175,Lung
24275,13175,Lung
24325,13175,Lung
24375,13175,Lung
24425,13175,Lung
24475,13175,Lung
24525,13175,Lung
24575,13175,Lung
24625,13175,Lung
24675,13175,Lung
24725,13175,Lung
24775,13175,Lung
24825,13175,Lung
24875,13175,Lung
24925,13175,Lung
24975,13175,Lung
15025,13225,Connective tissue
15075,13225,Connective tissue
15125,13225,Connective tissue
15175,13225,Connective tissue
15225,13225,Connective tissue
15275,13225,Cartilage primordium
15325,13225,Cartilage primordium
15375,13225,Cartilage primordium
15425,13225,Cartilage primordium
15475,13225,Connective tissue
15525,13225,Connective tissue
15575,13225,Connective tissue
15625,13225,Connective tissue
15675,13225,Cartilage primordium
15725,13225,Cartilage primordium
15775,13225,Cartilage primordium
15825,13225,Cartilage primordium
15875,13225,Cartilage primordium
15925,13225,Cartilage primordium
15975,13225,Cartilage primordium
16025,13225,Cartilage primordium
16075,13225,Connective tissue
16125,13225,Connective tissue
16175,13225,Connective tissue
16225,13225,Connective tissue
16275,13225,Cartilage primordium
16325,13225,Cartilage primordium
16375,13225,Cartilage primordium
16425,13225,Cartilage primordium
16475,13225,Cartilage primordium
16525,13225,Cartilage primordium
16575,13225,Cartilage primordium
16625,13225,Connective tissue
16675,13225,Connective tissue
16725,13225,Connective tissue
16775,13225,Connective tissue
16825,13225,Cartilage primordium
16875,13225,Cartilage primordium
16925,13225,Cartilage primordium
16975,13225,Cartilage primordium
17025,13225,Cartilage primordium
17075,13225,Cartilage primordium
17125,13225,Cartilage primordium
17175,13225,Cartilage primordium
17225,13225,Connective tissue
17275,13225,Connective tissue
17325,13225,Connective tissue
17375,13225,Connective tissue
17425,13225,Connective tissue
17475,13225,Connective tissue
17525,13225,Connective tissue
17575,13225,Connective tissue
17625,13225,Connective tissue
17675,13225,Connective tissue
17725,13225,Connective tissue
17775,13225,Connective tissue
17825,13225,Connective tissue
17875,13225,Connective tissue
17925,13225,Connective tissue
17975,13225,Connective tissue
18025,13225,Connective tissue
18075,13225,Connective tissue
18125,13225,Connective tissue
18175,13225,Connective tissue
18225,13225,Connective tissue
18275,13225,Connective tissue
18325,13225,Connective tissue
18375,13225,Connective tissue
18425,13225,Connective tissue
18475,13225,Connective tissue
18525,13225,Connective tissue
18575,13225,Connective tissue
18625,13225,Cartilage primordium
18675,13225,Cartilage primordium
18725,13225,Cartilage primordium
18775,13225,Cartilage primordium
18825,13225,Cartilage primordium
18875,13225,Cartilage primordium
18925,13225,Cartilage primordium
18975,13225,Cartilage primordium
19025,13225,Cartilage primordium
19075,13225,Cartilage primordium
19125,13225,Connective tissue
19175,13225,Connective tissue
19225,13225,Connective tissue
19275,13225,Cartilage primordium
19325,13225,Cartilage primordium
19375,13225,Cartilage primordium
19425,13225,Cartilage primordium
19475,13225,Cartilage primordium
19525,13225,Cartilage primordium
19575,13225,Cartilage primordium
19625,13225,Cartilage primordium
19675,13225,Cartilage primordium
19725,13225,Cartilage primordium
19775,13225,Cartilage primordium
19825,13225,Connective tissue
19875,13225,Connective tissue
19925,13225,Connective tissue
19975,13225,Connective tissue
20025,13225,Connective tissue
20075,13225,Cartilage primordium
20125,13225,Cartilage primordium
20175,13225,Cartilage primordium
20225,13225,Cartilage primordium
20275,13225,Cartilage primordium
20325,13225,Cartilage primordium
20375,13225,Cartilage primordium
20425,13225,Cartilage primordium
20475,13225,Connective tissue
20525,13225,Connective tissue
20575,13225,Connective tissue
20625,13225,Connective tissue
20675,13225,Connective tissue
20725,13225,Connective tissue
20775,13225,Connective tissue
20825,13225,Connective tissue
20875,13225,Connective tissue
20925,13225,Connective tissue
20975,13225,Connective tissue
21025,13225,Connective tissue
21075,13225,Connective tissue
21125,13225,Connective tissue
21175,13225,Connective tissue
21225,13225,Connective tissue
21275,13225,Connective tissue
21325,13225,Connective tissue
21375,13225,Connective tissue
21425,13225,Lung
21475,13225,Lung
21525,13225,Lung
21575,13225,Lung
21625,13225,Lung
21675,13225,Lung
21725,13225,Lung
21775,13225,Lung
21825,13225,Lung
21875,13225,Lung
21925,13225,Lung
21975,13225,Lung
22025,13225,Lung
22075,13225,Lung
22125,13225,Lung
22175,13225,Lung
22225,13225,Pancreas
22275,13225,Lung
22325,13225,Lung
22375,13225,Lung
22425,13225,Lung
22475,13225,Lung
22525,13225,Lung
22575,13225,Lung
22625,13225,Lung
22675,13225,Lung
22725,13225,Lung
22775,13225,Lung
22825,13225,Lung
22875,13225,Lung
22925,13225,Lung
22975,13225,Lung
23025,13225,Lung
23075,13225,Lung
23125,13225,Lung
23175,13225,Lung
23225,13225,Lung
23275,13225,Lung
23325,13225,Lung
23375,13225,Lung
23425,13225,Lung
23475,13225,Lung
23525,13225,Lung
23575,13225,Lung
23625,13225,Lung
23675,13225,Lung
23725,13225,Lung
23775,13225,Lung
23825,13225,Lung
23875,13225,Lung
23925,13225,Lung
23975,13225,Lung
24025,13225,Lung
24075,13225,Lung
24125,13225,Lung
24175,13225,Lung
24225,13225,Lung
24275,13225,Lung
24325,13225,Lung
24375,13225,Lung
24425,13225,Lung
24475,13225,Lung
24525,13225,Lung
24575,13225,Lung
24625,13225,Lung
24675,13225,Lung
24725,13225,Lung
24775,13225,Lung
24825,13225,Lung
24875,13225,Lung
24925,13225,Lung
24975,13225,Lung
15025,13275,Connective tissue
15075,13275,Connective tissue
15125,13275,Connective tissue
15175,13275,Cartilage primordium
15225,13275,Cartilage primordium
15275,13275,Cartilage primordium
15325,13275,Cartilage primordium
15375,13275,Cartilage primordium
15425,13275,Cartilage primordium
15475,13275,Cartilage primordium
15525,13275,Connective tissue
15575,13275,Connective tissue
15625,13275,Connective tissue
15675,13275,Cartilage primordium
15725,13275,Cartilage primordium
15775,13275,Cartilage primordium
15825,13275,Cartilage primordium
15875,13275,Cartilage primordium
15925,13275,Cartilage primordium
15975,13275,Cartilage primordium
16025,13275,Cartilage primordium
16075,13275,Connective tissue
16125,13275,Connective tissue
16175,13275,Connective tissue
16225,13275,Connective tissue
16275,13275,Cartilage primordium
16325,13275,Cartilage primordium
16375,13275,Cartilage primordium
16425,13275,Cartilage primordium
16475,13275,Cartilage primordium
16525,13275,Cartilage primordium
16575,13275,Cartilage primordium
16625,13275,Cartilage primordium
16675,13275,Connective tissue
16725,13275,Connective tissue
16775,13275,Cartilage primordium
16825,13275,Cartilage primordium
16875,13275,Cartilage primordium
16925,13275,Cartilage primordium
16975,13275,Cartilage primordium
17025,13275,Cartilage primordium
17075,13275,Cartilage primordium
17125,13275,Cartilage primordium
17175,13275,Cartilage primordium
17225,13275,Cartilage primordium
17275,13275,Connective tissue
17325,13275,Connective tissue
17375,13275,Cartilage primordium
17425,13275,Cartilage primordium
17475,13275,Cartilage primordium
17525,13275,Cartilage primordium
17575,13275,Cartilage primordium
17625,13275,Cartilage primordium
17675,13275,Cartilage primordium
17725,13275,Connective tissue
17775,13275,Connective tissue
17825,13275,Connective tissue
17875,13275,Connective tissue
17925,13275,Connective tissue
17975,13275,Connective tissue
18025,13275,Cartilage primordium
18075,13275,Cartilage primordium
18125,13275,Cartilage primordium
18175,13275,Cartilage primordium
18225,13275,Cartilage primordium
18275,13275,Cartilage primordium
18325,13275,Cartilage primordium
18375,13275,Cartilage primordium
18425,13275,Connective tissue
18475,13275,Connective tissue
18525,13275,Connective tissue
18575,13275,Cartilage primordium
18625,13275,Cartilage primordium
18675,13275,Cartilage primordium
18725,13275,Cartilage primordium
18775,13275,Cartilage primordium
18825,13275,Cartilage primordium
18875,13275,Cartilage primordium
18925,13275,Cartilage primordium
18975,13275,Cartilage primordium
19025,13275,Cartilage primordium
19075,13275,Cartilage primordium
19125,13275,Connective tissue
19175,13275,Connective tissue
19225,13275,Connective tissue
19275,13275,Connective tissue
19325,13275,Cartilage primordium
19375,13275,Cartilage primordium
19425,13275,Cartilage primordium
19475,13275,Cartilage primordium
19525,13275,Cartilage primordium
19575,13275,Cartilage primordium
19625,13275,Cartilage primordium
19675,13275,Cartilage primordium
19725,13275,Cartilage primordium
19775,13275,Cartilage primordium
19825,13275,Connective tissue
19875,13275,Connective tissue
19925,13275,Connective tissue
19975,13275,Connective tissue
20025,13275,Connective tissue
20075,13275,Connective tissue
20125,13275,Cartilage primordium
20175,13275,Cartilage primordium
20225,13275,Cartilage primordium
20275,13275,Cartilage primordium
20325,13275,Connective tissue
20375,13275,Connective tissue
20425,13275,Connective tissue
20475,13275,Connective tissue
20525,13275,Connective tissue
20575,13275,Connective tissue
20625,13275,Connective tissue
20675,13275,Connective tissue
20725,13275,Connective tissue
20775,13275,Connective tissue
20825,13275,Connective tissue
20875,13275,Connective tissue
20925,13275,Connective tissue
20975,13275,Connective tissue
21025,13275,Connective tissue
21075,13275,Connective tissue
21125,13275,Connective tissue
21175,13275,Connective tissue
21225,13275,Connective tissue
21275,13275,Lung
21325,13275,Lung
21375,13275,Lung
21425,13275,Lung
21475,13275,Lung
21525,13275,Lung
21575,13275,Lung
21625,13275,Lung
21675,13275,Lung
21725,13275,Lung
21775,13275,Lung
21825,13275,Lung
21875,13275,Lung
21925,13275,Lung
21975,13275,Lung
22025,13275,Lung
22075,13275,Lung
22125,13275,Lung
22175,13275,Lung
22225,13275,Lung
22275,13275,Lung
22325,13275,Lung
22375,13275,Lung
22425,13275,Lung
22475,13275,Lung
22525,13275,Lung
22575,13275,Lung
22625,13275,Lung
22675,13275,Lung
22725,13275,Lung
22775,13275,Lung
22825,13275,Lung
22875,13275,Lung
22925,13275,Lung
22975,13275,Lung
23025,13275,Lung
23075,13275,Lung
23125,13275,Lung
23175,13275,Lung
23225,13275,Lung
23275,13275,Lung
23325,13275,Lung
23375,13275,Lung
23425,13275,Lung
23475,13275,Lung
23525,13275,Lung
23575,13275,Lung
23625,13275,Lung
23675,13275,Lung
23725,13275,Lung
23775,13275,Lung
23825,13275,Lung
23875,13275,Lung
23925,13275,Lung
23975,13275,Lung
24025,13275,Lung
24075,13275,Lung
24125,13275,Lung
24175,13275,Lung
24225,13275,Lung
24275,13275,Lung
24325,13275,Lung
24375,13275,Lung
24425,13275,Lung
24475,13275,Lung
24525,13275,Lung
24575,13275,Lung
24625,13275,Lung
24675,13275,Lung
24725,13275,Lung
24775,13275,Lung
24825,13275,Lung
24875,13275,Lung
24925,13275,Lung
24975,13275,Lung
15025,13325,Connective tissue
15075,13325,Connective tissue
15125,13325,Connective tissue
15175,13325,Cartilage primordium
15225,13325,Cartilage primordium
15275,13325,Cartilage primordium
15325,13325,Cartilage primordium
15375,13325,Cartilage primordium
15425,13325,Cartilage primordium
15475,13325,Cartilage primordium
15525,13325,Connective tissue
15575,13325,Connective tissue
15625,13325,Connective tissue
15675,13325,Connective tissue
15725,13325,Cartilage primordium
15775,13325,Cartilage primordium
15825,13325,Cartilage primordium
15875,13325,Cartilage primordium
15925,13325,Cartilage primordium
15975,13325,Cartilage primordium
16025,13325,Cartilage primordium
16075,13325,Cartilage primordium
16125,13325,Connective tissue
16175,13325,Connective tissue
16225,13325,Connective tissue
16275,13325,Cartilage primordium
16325,13325,Cartilage primordium
16375,13325,Cartilage primordium
16425,13325,Cartilage primordium
16475,13325,Cartilage primordium
16525,13325,Cartilage primordium
16575,13325,Cartilage primordium
16625,13325,Cartilage primordium
16675,13325,Connective tissue
16725,13325,Connective tissue
16775,13325,Connective tissue
16825,13325,Cartilage primordium
16875,13325,Cartilage primordium
16925,13325,Cartilage primordium
16975,13325,Cartilage primordium
17025,13325,Cartilage primordium
17075,13325,Cartilage primordium
17125,13325,Cartilage primordium
17175,13325,Cartilage primordium
17225,13325,Connective tissue
17275,13325,Connective tissue
17325,13325,Cartilage primordium
17375,13325,Cartilage primordium
17425,13325,Cartilage primordium
17475,13325,Cartilage primordium
17525,13325,Cartilage primordium
17575,13325,Cartilage primordium
17625,13325,Cartilage primordium
17675,13325,Cartilage primordium
17725,13325,Cartilage primordium
17775,13325,Connective tissue
17825,13325,Connective tissue
17875,13325,Connective tissue
17925,13325,Connective tissue
17975,13325,Cartilage primordium
18025,13325,Cartilage primordium
18075,13325,Cartilage primordium
18125,13325,Cartilage primordium
18175,13325,Cartilage primordium
18225,13325,Cartilage primordium
18275,13325,Cartilage primordium
18325,13325,Cartilage primordium
18375,13325,Cartilage primordium
18425,13325,Connective tissue
18475,13325,Connective tissue
18525,13325,Connective tissue
18575,13325,Cartilage primordium
18625,13325,Cartilage primordium
18675,13325,Cartilage primordium
18725,13325,Cartilage primordium
18775,13325,Cartilage primordium
18825,13325,Cartilage primordium
18875,13325,Cartilage primordium
18925,13325,Cartilage primordium
18975,13325,Cartilage primordium
19025,13325,Cartilage primordium
19075,13325,Cartilage primordium
19125,13325,Cartilage primordium
19175,13325,Connective tissue
19225,13325,Connective tissue
19275,13325,Connective tissue
19325,13325,Cartilage primordium
19375,13325,Cartilage primordium
19425,13325,Cartilage primordium
19475,13325,Cartilage primordium
19525,13325,Cartilage primordium
19575,13325,Cartilage primordium
19625,13325,Cartilage primordium
19675,13325,Cartilage primordium
19725,13325,Cartilage primordium
19775,13325,Cartilage primordium
19825,13325,Connective tissue
19875,13325,Connective tissue
19925,13325,Connective tissue
19975,13325,Connective tissue
20025,13325,Connective tissue
20075,13325,Connective tissue
20125,13325,Connective tissue
20175,13325,Connective tissue
20225,13325,Connective tissue
20275,13325,Connective tissue
20325,13325,Connective tissue
20375,13325,Connective tissue
20425,13325,Connective tissue
20475,13325,Connective tissue
20525,13325,Connective tissue
20575,13325,Connective tissue
20625,13325,Connective tissue
20675,13325,Connective tissue
20725,13325,Connective tissue
20775,13325,Connective tissue
20825,13325,Connective tissue
20875,13325,Connective tissue
20925,13325,Connective tissue
20975,13325,Connective tissue
21025,13325,Connective tissue
21075,13325,Connective tissue
21125,13325,Connective tissue
21175,13325,Connective tissue
21225,13325,Lung
21275,13325,Lung
21325,13325,Lung
21375,13325,Lung
21425,13325,Lung
21475,13325,Lung
21525,13325,Lung
21575,13325,Lung
21625,13325,Lung
21675,13325,Lung
21725,13325,Lung
21775,13325,Lung
21825,13325,Lung
21875,13325,Lung
21925,13325,Lung
21975,13325,Lung
22025,13325,Lung
22075,13325,Lung
22125,13325,Lung
22175,13325,Lung
22225,13325,Lung
22275,13325,Lung
22325,13325,Lung
22375,13325,Lung
22425,13325,Lung
22475,13325,Lung
22525,13325,Lung
22575,13325,Lung
22625,13325,Lung
22675,13325,Lung
22725,13325,Lung
22775,13325,Lung
22825,13325,Lung
22875,13325,Lung
22925,13325,Lung
22975,13325,Lung
23025,13325,Lung
23075,13325,Lung
23125,13325,Lung
23175,13325,Lung
23225,13325,Lung
23275,13325,Lung
23325,13325,Lung
23375,13325,Lung
23425,13325,Lung
23475,13325,Lung
23525,13325,Lung
23575,13325,Lung
23625,13325,Lung
23675,13325,Lung
23725,13325,Lung
23775,13325,Lung
23825,13325,Lung
23875,13325,Lung
23925,13325,Lung
23975,13325,Lung
24025,13325,Lung
24075,13325,Lung
24125,13325,Lung
24175,13325,Lung
24225,13325,Lung
24275,13325,Lung
24325,13325,Lung
24375,13325,Lung
24425,13325,Lung
24475,13325,Lung
24525,13325,Lung
24575,13325,Lung
24625,13325,Lung
24675,13325,Lung
24725,13325,Lung
24775,13325,Lung
24825,13325,Lung
24875,13325,Lung
24925,13325,Lung
24975,13325,Lung
15025,13375,Connective tissue
15075,13375,Connective tissue
15125,13375,Connective tissue
15175,13375,Cartilage primordium
15225,13375,Cartilage primordium
15275,13375,Cartilage primordium
15325,13375,Cartilage primordium
15375,13375,Cartilage primordium
15425,13375,Cartilage primordium
15475,13375,Cartilage primordium
15525,13375,Connective tissue
15575,13375,Connective tissue
15625,13375,Connective tissue
15675,13375,Connective tissue
15725,13375,Cartilage primordium
15775,13375,Cartilage primordium
15825,13375,Cartilage primordium
15875,13375,Cartilage primordium
15925,13375,Cartilage primordium
15975,13375,Cartilage primordium
16025,13375,Cartilage primordium
16075,13375,Cartilage primordium
16125,13375,Connective tissue
16175,13375,Connective tissue
16225,13375,Connective tissue
16275,13375,Cartilage primordium
16325,13375,Cartilage primordium
16375,13375,Cartilage primordium
16425,13375,Cartilage primordium
16475,13375,Cartilage primordium
16525,13375,Cartilage primordium
16575,13375,Cartilage primordium
16625,13375,Connective tissue
16675,13375,Connective tissue
16725,13375,Connective tissue
16775,13375,Connective tissue
16825,13375,Cartilage primordium
16875,13375,Cartilage primordium
16925,13375,Cartilage primordium
16975,13375,Cartilage primordium
17025,13375,Cartilage primordium
17075,13375,Cartilage primordium
17125,13375,Cartilage primordium
17175,13375,Cartilage primordium
17225,13375,Cartilage primordium
17275,13375,Connective tissue
17325,13375,Connective tissue
17375,13375,Cartilage primordium
17425,13375,Cartilage primordium
17475,13375,Cartilage primordium
17525,13375,Cartilage primordium
17575,13375,Cartilage primordium
17625,13375,Cartilage primordium
17675,13375,Cartilage primordium
17725,13375,Cartilage primordium
17775,13375,Connective tissue
17825,13375,Connective tissue
17875,13375,Connective tissue
17925,13375,Connective tissue
17975,13375,Cartilage primordium
18025,13375,Cartilage primordium
18075,13375,Cartilage primordium
18125,13375,Cartilage primordium
18175,13375,Cartilage primordium
18225,13375,Cartilage primordium
18275,13375,Cartilage primordium
18325,13375,Cartilage primordium
18375,13375,Cartilage primordium
18425,13375,Connective tissue
18475,13375,Connective tissue
18525,13375,Connective tissue
18575,13375,Cartilage primordium
18625,13375,Cartilage primordium
18675,13375,Cartilage primordium
18725,13375,Cartilage primordium
18775,13375,Cartilage primordium
18825,13375,Cartilage primordium
18875,13375,Cartilage primordium
18925,13375,Cartilage primordium
18975,13375,Cartilage primordium
19025,13375,Cartilage primordium
19075,13375,Cartilage primordium
19125,13375,Cartilage primordium
19175,13375,Connective tissue
19225,13375,Connective tissue
19275,13375,Connective tissue
19325,13375,Cartilage primordium
19375,13375,Cartilage primordium
19425,13375,Cartilage primordium
19475,13375,Cartilage primordium
19525,13375,Cartilage primordium
19575,13375,Cartilage primordium
19625,13375,Cartilage primordium
19675,13375,Cartilage primordium
19725,13375,Cartilage primordium
19775,13375,Connective tissue
19825,13375,Connective tissue
19875,13375,Connective tissue
19925,13375,Connective tissue
19975,13375,Connective tissue
20025,13375,Connective tissue
20075,13375,Connective tissue
20125,13375,Connective tissue
20175,13375,Connective tissue
20225,13375,Connective tissue
20275,13375,Connective tissue
20325,13375,Connective tissue
20375,13375,Connective tissue
20425,13375,Connective tissue
20475,13375,Connective tissue
20525,13375,Connective tissue
20575,13375,Connective tissue
20625,13375,Connective tissue
20675,13375,Connective tissue
20725,13375,Connective tissue
20775,13375,Connective tissue
20825,13375,Connective tissue
20875,13375,Connective tissue
20925,13375,Connective tissue
20975,13375,Connective tissue
21025,13375,Connective tissue
21075,13375,Connective tissue
21125,13375,Connective tissue
21175,13375,Lung
21225,13375,Lung
21275,13375,Lung
21325,13375,Connective tissue
21375,13375,Lung
21425,13375,Lung
21475,13375,Lung
21525,13375,Lung
21575,13375,Lung
21625,13375,Lung
21675,13375,Lung
21725,13375,Lung
21775,13375,Lung
21825,13375,Lung
21875,13375,Lung
21925,13375,Lung
21975,13375,Lung
22025,13375,Lung
22075,13375,Lung
22125,13375,Lung
22175,13375,Lung
22225,13375,Lung
22275,13375,Lung
22325,13375,Lung
22375,13375,Lung
22425,13375,Lung
22475,13375,Heart
22525,13375,Heart
22575,13375,Connective tissue
22625,13375,Connective tissue
22675,13375,Connective tissue
22725,13375,Lung
22775,13375,Lung
22825,13375,Lung
22875,13375,Lung
22925,13375,Lung
22975,13375,Lung
23025,13375,Lung
23075,13375,Lung
23125,13375,Lung
23175,13375,Lung
23225,13375,Lung
23275,13375,Lung
23325,13375,Lung
23375,13375,Lung
23425,13375,Lung
23475,13375,Lung
23525,13375,Lung
23575,13375,Lung
23625,13375,Lung
23675,13375,Lung
23725,13375,Lung
23775,13375,Lung
23825,13375,Lung
23875,13375,Lung
23925,13375,Lung
23975,13375,Lung
24025,13375,Lung
24075,13375,Lung
24125,13375,Lung
24175,13375,Lung
24225,13375,Lung
24275,13375,Lung
24325,13375,Lung
24375,13375,Lung
24425,13375,Lung
24475,13375,Lung
24525,13375,Lung
24575,13375,Lung
24625,13375,Lung
24675,13375,Lung
24725,13375,Lung
24775,13375,Lung
24825,13375,Lung
24875,13375,Lung
24925,13375,Lung
24975,13375,Lung
15025,13425,Cartilage primordium
15075,13425,Connective tissue
15125,13425,Connective tissue
15175,13425,Connective tissue
15225,13425,Cartilage primordium
15275,13425,Cartilage primordium
15325,13425,Cartilage primordium
15375,13425,Cartilage primordium
15425,13425,Cartilage primordium
15475,13425,Cartilage primordium
15525,13425,Cartilage primordium
15575,13425,Connective tissue
15625,13425,Connective tissue
15675,13425,Connective tissue
15725,13425,Connective tissue
15775,13425,Cartilage primordium
15825,13425,Cartilage primordium
15875,13425,Cartilage primordium
15925,13425,Cartilage primordium
15975,13425,Cartilage primordium
16025,13425,Cartilage primordium
16075,13425,Cartilage primordium
16125,13425,Connective tissue
16175,13425,Connective tissue
16225,13425,Connective tissue
16275,13425,Connective tissue
16325,13425,Cartilage primordium
16375,13425,Cartilage primordium
16425,13425,Cartilage primordium
16475,13425,Cartilage primordium
16525,13425,Cartilage primordium
16575,13425,Cartilage primordium
16625,13425,Connective tissue
16675,13425,Connective tissue
16725,13425,Connective tissue
16775,13425,Connective tissue
16825,13425,Cartilage primordium
16875,13425,Cartilage primordium
16925,13425,Cartilage primordium
16975,13425,Cartilage primordium
17025,13425,Cartilage primordium
17075,13425,Cartilage primordium
17125,13425,Cartilage primordium
17175,13425,Cartilage primordium
17225,13425,Connective tissue
17275,13425,Connective tissue
17325,13425,Cartilage primordium
17375,13425,Cartilage primordium
17425,13425,Cartilage primordium
17475,13425,Cartilage primordium
17525,13425,Cartilage primordium
17575,13425,Cartilage primordium
17625,13425,Cartilage primordium
17675,13425,Cartilage primordium
17725,13425,Cartilage primordium
17775,13425,Connective tissue
17825,13425,Connective tissue
17875,13425,Connective tissue
17925,13425,Connective tissue
17975,13425,Cartilage primordium
18025,13425,Cartilage primordium
18075,13425,Cartilage primordium
18125,13425,Cartilage primordium
18175,13425,Cartilage primordium
18225,13425,Cartilage primordium
18275,13425,Cartilage primordium
18325,13425,Cartilage primordium
18375,13425,Cartilage primordium
18425,13425,Connective tissue
18475,13425,Connective tissue
18525,13425,Connective tissue
18575,13425,Connective tissue
18625,13425,Cartilage primordium
18675,13425,Cartilage primordium
18725,13425,Cartilage primordium
18775,13425,Cartilage primordium
18825,13425,Cartilage primordium
18875,13425,Cartilage primordium
18925,13425,Cartilage primordium
18975,13425,Cartilage primordium
19025,13425,Cartilage primordium
19075,13425,Cartilage primordium
19125,13425,Cartilage primordium
19175,13425,Connective tissue
19225,13425,Connective tissue
19275,13425,Connective tissue
19325,13425,Connective tissue
19375,13425,Connective tissue
19425,13425,Cartilage primordium
19475,13425,Cartilage primordium
19525,13425,Cartilage primordium
19575,13425,Cartilage primordium
19625,13425,Connective tissue
19675,13425,Connective tissue
19725,13425,Connective tissue
19775,13425,Connective tissue
19825,13425,Connective tissue
19875,13425,Connective tissue
19925,13425,Connective tissue
19975,13425,Connective tissue
20025,13425,Connective tissue
20075,13425,Connective tissue
20125,13425,Connective tissue
20175,13425,Connective tissue
20225,13425,Connective tissue
20275,13425,Connective tissue
20325,13425,Connective tissue
20375,13425,Connective tissue
20425,13425,Connective tissue
20475,13425,Connective tissue
20525,13425,Connective tissue
20575,13425,Connective tissue
20625,13425,Connective tissue
20675,13425,Connective tissue
20725,13425,Heart
20775,13425,Connective tissue
20825,13425,Connective tissue
20875,13425,Connective tissue
20925,13425,Connective tissue
20975,13425,Connective tissue
21025,13425,Connective tissue
21075,13425,Connective tissue
21125,13425,Connective tissue
21175,13425,Connective tissue
21225,13425,Lung
21275,13425,Lung
21325,13425,Connective tissue
21375,13425,Lung
21425,13425,Lung
21475,13425,Lung
21525,13425,Lung
21575,13425,Lung
21625,13425,Lung
21675,13425,Lung
21725,13425,Lung
21775,13425,Lung
21825,13425,Lung
21875,13425,Lung
21925,13425,Lung
21975,13425,Lung
22025,13425,Lung
22075,13425,Lung
22125,13425,Lung
22175,13425,Lung
22225,13425,Lung
22275,13425,Lung
22325,13425,Heart
22375,13425,Connective tissue
22425,13425,Connective tissue
22475,13425,Connective tissue
22525,13425,Connective tissue
22575,13425,Connective tissue
22625,13425,Connective tissue
22675,13425,Connective tissue
22725,13425,Connective tissue
22775,13425,Lung
22825,13425,Lung
22875,13425,Lung
22925,13425,Lung
22975,13425,Lung
23025,13425,Connective tissue
23075,13425,Lung
23125,13425,Lung
23175,13425,Lung
23225,13425,Lung
23275,13425,Lung
23325,13425,Lung
23375,13425,Lung
23425,13425,Lung
23475,13425,Lung
23525,13425,Lung
23575,13425,Lung
23625,13425,Lung
23675,13425,Lung
23725,13425,Lung
23775,13425,Lung
23825,13425,Lung
23875,13425,Lung
23925,13425,Lung
23975,13425,Lung
24025,13425,Lung
24075,13425,Lung
24125,13425,Lung
24175,13425,Lung
24225,13425,Lung
24275,13425,Lung
24325,13425,Lung
24375,13425,Lung
24425,13425,Lung
24475,13425,Lung
24525,13425,Lung
24575,13425,Lung
24625,13425,Lung
24675,13425,Lung
24725,13425,Lung
24775,13425,Lung
24825,13425,Lung
24875,13425,Lung
24925,13425,Lung
24975,13425,Lung
15025,13475,Cartilage primordium
15075,13475,Connective tissue
15125,13475,Connective tissue
15175,13475,Connective tissue
15225,13475,Cartilage primordium
15275,13475,Cartilage primordium
15325,13475,Cartilage primordium
15375,13475,Cartilage primordium
15425,13475,Cartilage primordium
15475,13475,Cartilage primordium
15525,13475,Cartilage primordium
15575,13475,Connective tissue
15625,13475,Connective tissue
15675,13475,Connective tissue
15725,13475,Connective tissue
15775,13475,Cartilage primordium
15825,13475,Cartilage primordium
15875,13475,Cartilage primordium
15925,13475,Cartilage primordium
15975,13475,Cartilage primordium
16025,13475,Cartilage primordium
16075,13475,Cartilage primordium
16125,13475,Connective tissue
16175,13475,Connective tissue
16225,13475,Connective tissue
16275,13475,Connective tissue
16325,13475,Connective tissue
16375,13475,Cartilage primordium
16425,13475,Cartilage primordium
16475,13475,Cartilage primordium
16525,13475,Cartilage primordium
16575,13475,Cartilage primordium
16625,13475,Connective tissue
16675,13475,Connective tissue
16725,13475,Connective tissue
16775,13475,Connective tissue
16825,13475,Cartilage primordium
16875,13475,Cartilage primordium
16925,13475,Cartilage primordium
16975,13475,Cartilage primordium
17025,13475,Cartilage primordium
17075,13475,Cartilage primordium
17125,13475,Cartilage primordium
17175,13475,Cartilage primordium
17225,13475,Connective tissue
17275,13475,Connective tissue
17325,13475,Cartilage primordium
17375,13475,Cartilage primordium
17425,13475,Cartilage primordium
17475,13475,Cartilage primordium
17525,13475,Cartilage primordium
17575,13475,Cartilage primordium
17625,13475,Cartilage primordium
17675,13475,Cartilage primordium
17725,13475,Cartilage primordium
17775,13475,Connective tissue
17825,13475,Connective tissue
17875,13475,Connective tissue
17925,13475,Connective tissue
17975,13475,Cartilage primordium
18025,13475,Cartilage primordium
18075,13475,Cartilage primordium
18125,13475,Cartilage primordium
18175,13475,Cartilage primordium
18225,13475,Cartilage primordium
18275,13475,Cartilage primordium
18325,13475,Cartilage primordium
18375,13475,Cartilage primordium
18425,13475,Connective tissue
18475,13475,Connective tissue
18525,13475,Connective tissue
18575,13475,Connective tissue
18625,13475,Cartilage primordium
18675,13475,Cartilage primordium
18725,13475,Cartilage primordium
18775,13475,Cartilage primordium
18825,13475,Cartilage primordium
18875,13475,Cartilage primordium
18925,13475,Cartilage primordium
18975,13475,Cartilage primordium
19025,13475,Cartilage primordium
19075,13475,Cartilage primordium
19125,13475,Connective tissue
19175,13475,Connective tissue
19225,13475,Connective tissue
19275,13475,Connective tissue
19325,13475,Connective tissue
19375,13475,Connective tissue
19425,13475,Connective tissue
19475,13475,Connective tissue
19525,13475,Connective tissue
19575,13475,Connective tissue
19625,13475,Connective tissue
19675,13475,Connective tissue
19725,13475,Connective tissue
19775,13475,Connective tissue
19825,13475,Connective tissue
19875,13475,Connective tissue
19925,13475,Connective tissue
19975,13475,Connective tissue
20025,13475,Connective tissue
20075,13475,Connective tissue
20125,13475,Connective tissue
20175,13475,Connective tissue
20225,13475,Connective tissue
20275,13475,Connective tissue
20325,13475,Connective tissue
20375,13475,Connective tissue
20425,13475,Connective tissue
20475,13475,Connective tissue
20525,13475,Connective tissue
20575,13475,Connective tissue
20625,13475,Connective tissue
20675,13475,Connective tissue
20725,13475,Heart
20775,13475,Connective tissue
20825,13475,Connective tissue
20875,13475,Connective tissue
20925,13475,Connective tissue
20975,13475,Connective tissue
21025,13475,Connective tissue
21075,13475,Connective tissue
21125,13475,Connective tissue
21175,13475,Connective tissue
21225,13475,Connective tissue
21275,13475,Connective tissue
21325,13475,Lung
21375,13475,Lung
21425,13475,Lung
21475,13475,Lung
21525,13475,Connective tissue
21575,13475,Lung
21625,13475,Connective tissue
21675,13475,Connective tissue
21725,13475,Connective tissue
21775,13475,Connective tissue
21825,13475,Connective tissue
21875,13475,Lung
21925,13475,Connective tissue
21975,13475,Connective tissue
22025,13475,Jaw and tooth
22075,13475,Lung
22125,13475,Heart
22175,13475,Heart
22225,13475,Connective tissue
22275,13475,Connective tissue
22325,13475,Connective tissue
22375,13475,Connective tissue
22425,13475,Connective tissue
22475,13475,Connective tissue
22525,13475,Connective tissue
22575,13475,Connective tissue
22625,13475,Connective tissue
22675,13475,Connective tissue
22725,13475,Lung
22775,13475,Lung
22825,13475,Lung
22875,13475,Lung
22925,13475,Lung
22975,13475,Lung
23025,13475,Lung
23075,13475,Lung
23125,13475,Lung
23175,13475,Lung
23225,13475,Lung
23275,13475,Lung
23325,13475,Lung
23375,13475,Lung
23425,13475,Lung
23475,13475,Lung
23525,13475,Lung
23575,13475,Lung
23625,13475,Lung
23675,13475,Lung
23725,13475,Lung
23775,13475,Lung
23825,13475,Lung
23875,13475,Lung
23925,13475,Lung
23975,13475,Lung
24025,13475,Lung
24075,13475,Lung
24125,13475,Lung
24175,13475,Lung
24225,13475,Lung
24275,13475,Lung
24325,13475,Lung
24375,13475,Lung
24425,13475,Lung
24475,13475,Lung
24525,13475,Lung
24575,13475,Thymus
24625,13475,Lung
24675,13475,Lung
24725,13475,Lung
24775,13475,Lung
24825,13475,Lung
24875,13475,Lung
24925,13475,Lung
24975,13475,Lung
15025,13525,Cartilage primordium
15075,13525,Cartilage primordium
15125,13525,Connective tissue
15175,13525,Connective tissue
15225,13525,Connective tissue
15275,13525,Cartilage primordium
15325,13525,Cartilage primordium
15375,13525,Cartilage primordium
15425,13525,Cartilage primordium
15475,13525,Cartilage primordium
15525,13525,Cartilage primordium
15575,13525,Connective tissue
15625,13525,Connective tissue
15675,13525,Connective tissue
15725,13525,Connective tissue
15775,13525,Connective tissue
15825,13525,Connective tissue
15875,13525,Cartilage primordium
15925,13525,Cartilage primordium
15975,13525,Cartilage primordium
16025,13525,Cartilage primordium
16075,13525,Connective tissue
16125,13525,Connective tissue
16175,13525,Connective tissue
16225,13525,Connective tissue
16275,13525,Connective tissue
16325,13525,Connective tissue
16375,13525,Connective tissue
16425,13525,Connective tissue
16475,13525,Cartilage primordium
16525,13525,Cartilage primordium
16575,13525,Cartilage primordium
16625,13525,Connective tissue
16675,13525,Connective tissue
16725,13525,Connective tissue
16775,13525,Connective tissue
16825,13525,Connective tissue
16875,13525,Cartilage primordium
16925,13525,Cartilage primordium
16975,13525,Cartilage primordium
17025,13525,Cartilage primordium
17075,13525,Cartilage primordium
17125,13525,Cartilage primordium
17175,13525,Cartilage primordium
17225,13525,Connective tissue
17275,13525,Connective tissue
17325,13525,Connective tissue
17375,13525,Cartilage primordium
17425,13525,Cartilage primordium
17475,13525,Cartilage primordium
17525,13525,Cartilage primordium
17575,13525,Cartilage primordium
17625,13525,Cartilage primordium
17675,13525,Cartilage primordium
17725,13525,Cartilage primordium
17775,13525,Connective tissue
17825,13525,Connective tissue
17875,13525,Connective tissue
17925,13525,Connective tissue
17975,13525,Cartilage primordium
18025,13525,Cartilage primordium
18075,13525,Cartilage primordium
18125,13525,Cartilage primordium
18175,13525,Cartilage primordium
18225,13525,Cartilage primordium
18275,13525,Cartilage primordium
18325,13525,Cartilage primordium
18375,13525,Cartilage primordium
18425,13525,Connective tissue
18475,13525,Connective tissue
18525,13525,Connective tissue
18575,13525,Connective tissue
18625,13525,Cartilage primordium
18675,13525,Cartilage primordium
18725,13525,Cartilage primordium
18775,13525,Cartilage primordium
18825,13525,Cartilage primordium
18875,13525,Cartilage primordium
18925,13525,Cartilage primordium
18975,13525,Cartilage primordium
19025,13525,Cartilage primordium
19075,13525,Cartilage primordium
19125,13525,Connective tissue
19175,13525,Connective tissue
19225,13525,Connective tissue
19275,13525,Connective tissue
19325,13525,Connective tissue
19375,13525,Connective tissue
19425,13525,Connective tissue
19475,13525,Connective tissue
19525,13525,Connective tissue
19575,13525,Connective tissue
19625,13525,Connective tissue
19675,13525,Connective tissue
19725,13525,Connective tissue
19775,13525,Connective tissue
19825,13525,Connective tissue
19875,13525,Connective tissue
19925,13525,Connective tissue
19975,13525,Connective tissue
20025,13525,Connective tissue
20075,13525,Connective tissue
20125,13525,Connective tissue
20175,13525,Connective tissue
20225,13525,Connective tissue
20275,13525,Connective tissue
20325,13525,Connective tissue
20375,13525,Connective tissue
20425,13525,Connective tissue
20475,13525,Connective tissue
20525,13525,Connective tissue
20575,13525,Connective tissue
20625,13525,Connective tissue
20675,13525,Connective tissue
20725,13525,Connective tissue
20775,13525,Connective tissue
20825,13525,Connective tissue
20875,13525,Connective tissue
20925,13525,Connective tissue
20975,13525,Connective tissue
21025,13525,Connective tissue
21075,13525,Connective tissue
21125,13525,Connective tissue
21175,13525,Connective tissue
21225,13525,Connective tissue
21275,13525,Connective tissue
21325,13525,Connective tissue
21375,13525,Connective tissue
21425,13525,Connective tissue
21475,13525,Connective tissue
21525,13525,Connective tissue
21575,13525,Connective tissue
21625,13525,Connective tissue
21675,13525,Connective tissue
21725,13525,Connective tissue
21775,13525,Connective tissue
21825,13525,Connective tissue
21875,13525,Connective tissue
21925,13525,Connective tissue
21975,13525,Connective tissue
22025,13525,Connective tissue
22075,13525,Heart
22125,13525,Heart
22175,13525,Connective tissue
22225,13525,Connective tissue
22275,13525,Connective tissue
22325,13525,Connective tissue
22375,13525,Connective tissue
22425,13525,Connective tissue
22475,13525,Connective tissue
22525,13525,Connective tissue
22575,13525,Connective tissue
22625,13525,Connective tissue
22675,13525,Connective tissue
22725,13525,Lung
22775,13525,Lung
22825,13525,Lung
22875,13525,Lung
22925,13525,Lung
22975,13525,Lung
23025,13525,Lung
23075,13525,Lung
23125,13525,Lung
23175,13525,Lung
23225,13525,Lung
23275,13525,Lung
23325,13525,Lung
23375,13525,Lung
23425,13525,Lung
23475,13525,Lung
23525,13525,Lung
23575,13525,Lung
23625,13525,Lung
23675,13525,Lung
23725,13525,Lung
23775,13525,Lung
23825,13525,Lung
23875,13525,Connective tissue
23925,13525,Lung
23975,13525,Lung
24025,13525,Lung
24075,13525,Lung
24125,13525,Lung
24175,13525,Lung
24225,13525,Lung
24275,13525,Lung
24325,13525,Lung
24375,13525,Lung
24425,13525,Lung
24475,13525,Lung
24525,13525,Lung
24575,13525,Lung
24625,13525,Lung
24675,13525,Lung
24725,13525,Lung
24775,13525,Lung
24825,13525,Lung
24875,13525,Lung
24925,13525,Lung
24975,13525,Lung
15025,13575,Cartilage primordium
15075,13575,Cartilage primordium
15125,13575,Connective tissue
15175,13575,Connective tissue
15225,13575,Connective tissue
15275,13575,Connective tissue
15325,13575,Cartilage primordium
15375,13575,Cartilage primordium
15425,13575,Cartilage primordium
15475,13575,Cartilage primordium
15525,13575,Connective tissue
15575,13575,Connective tissue
15625,13575,Connective tissue
15675,13575,Connective tissue
15725,13575,Connective tissue
15775,13575,Connective tissue
15825,13575,Connective tissue
15875,13575,Connective tissue
15925,13575,Connective tissue
15975,13575,Connective tissue
16025,13575,Connective tissue
16075,13575,Connective tissue
16125,13575,Connective tissue
16175,13575,Connective tissue
16225,13575,Connective tissue
16275,13575,Connective tissue
16325,13575,Connective tissue
16375,13575,Connective tissue
16425,13575,Connective tissue
16475,13575,Connective tissue
16525,13575,Connective tissue
16575,13575,Connective tissue
16625,13575,Connective tissue
16675,13575,Connective tissue
16725,13575,Connective tissue
16775,13575,Connective tissue
16825,13575,Connective tissue
16875,13575,Connective tissue
16925,13575,Cartilage primordium
16975,13575,Cartilage primordium
17025,13575,Cartilage primordium
17075,13575,Cartilage primordium
17125,13575,Cartilage primordium
17175,13575,Connective tissue
17225,13575,Connective tissue
17275,13575,Connective tissue
17325,13575,Connective tissue
17375,13575,Cartilage primordium
17425,13575,Cartilage primordium
17475,13575,Cartilage primordium
17525,13575,Cartilage primordium
17575,13575,Cartilage primordium
17625,13575,Cartilage primordium
17675,13575,Cartilage primordium
17725,13575,Cartilage primordium
17775,13575,Connective tissue
17825,13575,Connective tissue
17875,13575,Connective tissue
17925,13575,Connective tissue
17975,13575,Cartilage primordium
18025,13575,Cartilage primordium
18075,13575,Cartilage primordium
18125,13575,Cartilage primordium
18175,13575,Cartilage primordium
18225,13575,Cartilage primordium
18275,13575,Cartilage primordium
18325,13575,Cartilage primordium
18375,13575,Cartilage primordium
18425,13575,Connective tissue
18475,13575,Connective tissue
18525,13575,Connective tissue
18575,13575,Connective tissue
18625,13575,Connective tissue
18675,13575,Cartilage primordium
18725,13575,Cartilage primordium
18775,13575,Cartilage primordium
18825,13575,Cartilage primordium
18875,13575,Cartilage primordium
18925,13575,Cartilage primordium
18975,13575,Cartilage primordium
19025,13575,Connective tissue
19075,13575,Connective tissue
19125,13575,Connective tissue
19175,13575,Connective tissue
19225,13575,Connective tissue
19275,13575,Connective tissue
19325,13575,Connective tissue
19375,13575,Connective tissue
19425,13575,Connective tissue
19475,13575,Connective tissue
19525,13575,Connective tissue
19575,13575,Connective tissue
19625,13575,Connective tissue
19675,13575,Connective tissue
19725,13575,Connective tissue
19775,13575,Connective tissue
19825,13575,Connective tissue
19875,13575,Connective tissue
19925,13575,Connective tissue
19975,13575,Connective tissue
20025,13575,Connective tissue
20075,13575,Connective tissue
20125,13575,Connective tissue
20175,13575,Connective tissue
20225,13575,Connective tissue
20275,13575,Connective tissue
20325,13575,Connective tissue
20375,13575,Connective tissue
20425,13575,Connective tissue
20475,13575,Spinal cord
20525,13575,Spinal cord
20575,13575,Connective tissue
20625,13575,Connective tissue
20675,13575,Connective tissue
20725,13575,Connective tissue
20775,13575,Connective tissue
20825,13575,Connective tissue
20875,13575,Connective tissue
20925,13575,Connective tissue
20975,13575,Connective tissue
21025,13575,Connective tissue
21075,13575,Connective tissue
21125,13575,Connective tissue
21175,13575,Connective tissue
21225,13575,Connective tissue
21275,13575,Connective tissue
21325,13575,Connective tissue
21375,13575,Connective tissue
21425,13575,Connective tissue
21475,13575,Connective tissue
21525,13575,Connective tissue
21575,13575,Lung
21625,13575,Connective tissue
21675,13575,Connective tissue
21725,13575,Lung
21775,13575,Connective tissue
21825,13575,Connective tissue
21875,13575,Connective tissue
21925,13575,Connective tissue
21975,13575,Connective tissue
22025,13575,Heart
22075,13575,Heart
22125,13575,Connective tissue
22175,13575,Connective tissue
22225,13575,Connective tissue
22275,13575,Connective tissue
22325,13575,Connective tissue
22375,13575,Connective tissue
22425,13575,Connective tissue
22475,13575,Connective tissue
22525,13575,Lung
22575,13575,Lung
22625,13575,Lung
22675,13575,Lung
22725,13575,Lung
22775,13575,Lung
22825,13575,Lung
22875,13575,Lung
22925,13575,Lung
22975,13575,Lung
23025,13575,Lung
23075,13575,Lung
23125,13575,Lung
23175,13575,Lung
23225,13575,Lung
23275,13575,Lung
23325,13575,Lung
23375,13575,Lung
23425,13575,Lung
23475,13575,Lung
23525,13575,Lung
23575,13575,Lung
23625,13575,Lung
23675,13575,Lung
23725,13575,Lung
23775,13575,Lung
23825,13575,Lung
23875,13575,Lung
23925,13575,Lung
23975,13575,Lung
24025,13575,Lung
24075,13575,Lung
24125,13575,Lung
24175,13575,Lung
24225,13575,Lung
24275,13575,Connective tissue
24325,13575,Lung
24375,13575,Lung
24425,13575,Lung
24475,13575,Lung
24525,13575,Lung
24575,13575,Lung
24625,13575,Lung
24675,13575,Lung
24725,13575,Lung
24775,13575,Lung
24825,13575,Lung
24875,13575,Lung
24925,13575,Lung
24975,13575,Lung
15025,13625,Cartilage primordium
15075,13625,Cartilage primordium
15125,13625,Connective tissue
15175,13625,Connective tissue
15225,13625,Connective tissue
15275,13625,Connective tissue
15325,13625,Connective tissue
15375,13625,Connective tissue
15425,13625,Connective tissue
15475,13625,Connective tissue
15525,13625,Connective tissue
15575,13625,Connective tissue
15625,13625,Connective tissue
15675,13625,Connective tissue
15725,13625,Connective tissue
15775,13625,Connective tissue
15825,13625,Connective tissue
15875,13625,Connective tissue
15925,13625,Connective tissue
15975,13625,Connective tissue
16025,13625,Connective tissue
16075,13625,Connective tissue
16125,13625,Connective tissue
16175,13625,Connective tissue
16225,13625,Connective tissue
16275,13625,Connective tissue
16325,13625,Connective tissue
16375,13625,Bone
16425,13625,Connective tissue
16475,13625,Connective tissue
16525,13625,Connective tissue
16575,13625,Connective tissue
16625,13625,Connective tissue
16675,13625,Connective tissue
16725,13625,Connective tissue
16775,13625,Connective tissue
16825,13625,Connective tissue
16875,13625,Connective tissue
16925,13625,Connective tissue
16975,13625,Cartilage primordium
17025,13625,Cartilage primordium
17075,13625,Cartilage primordium
17125,13625,Cartilage primordium
17175,13625,Connective tissue
17225,13625,Connective tissue
17275,13625,Connective tissue
17325,13625,Connective tissue
17375,13625,Connective tissue
17425,13625,Cartilage primordium
17475,13625,Cartilage primordium
17525,13625,Cartilage primordium
17575,13625,Cartilage primordium
17625,13625,Cartilage primordium
17675,13625,Cartilage primordium
17725,13625,Cartilage primordium
17775,13625,Connective tissue
17825,13625,Connective tissue
17875,13625,Connective tissue
17925,13625,Connective tissue
17975,13625,Connective tissue
18025,13625,Cartilage primordium
18075,13625,Cartilage primordium
18125,13625,Cartilage primordium
18175,13625,Cartilage primordium
18225,13625,Cartilage primordium
18275,13625,Cartilage primordium
18325,13625,Cartilage primordium
18375,13625,Cartilage primordium
18425,13625,Connective tissue
18475,13625,Connective tissue
18525,13625,Connective tissue
18575,13625,Connective tissue
18625,13625,Connective tissue
18675,13625,Connective tissue
18725,13625,Connective tissue
18775,13625,Connective tissue
18825,13625,Connective tissue
18875,13625,Connective tissue
18925,13625,Connective tissue
18975,13625,Connective tissue
19025,13625,Connective tissue
19075,13625,Connective tissue
19125,13625,Connective tissue
19175,13625,Connective tissue
19225,13625,Connective tissue
19275,13625,Connective tissue
19325,13625,Connective tissue
19375,13625,Connective tissue
19425,13625,Connective tissue
19475,13625,Connective tissue
19525,13625,Connective tissue
19575,13625,Connective tissue
19625,13625,Connective tissue
19675,13625,Connective tissue
19725,13625,Connective tissue
19775,13625,Connective tissue
19825,13625,Connective tissue
19875,13625,Connective tissue
19925,13625,Connective tissue
19975,13625,Connective tissue
20025,13625,Connective tissue
20075,13625,Connective tissue
20125,13625,Connective tissue
20175,13625,Connective tissue
20225,13625,Connective tissue
20275,13625,Connective tissue
20325,13625,Connective tissue
20375,13625,Connective tissue
20425,13625,Connective tissue
20475,13625,Spinal cord
20525,13625,Spinal cord
20575,13625,Connective tissue
20625,13625,Connective tissue
20675,13625,Connective tissue
20725,13625,Connective tissue
20775,13625,Connective tissue
20825,13625,Connective tissue
20875,13625,Lung
20925,13625,Connective tissue
20975,13625,Connective tissue
21025,13625,Connective tissue
21075,13625,Connective tissue
21125,13625,Connective tissue
21175,13625,Connective tissue
21225,13625,Connective tissue
21275,13625,Lung
21325,13625,Connective tissue
21375,13625,Connective tissue
21425,13625,Lung
21475,13625,Lung
21525,13625,Lung
21575,13625,Bone
21625,13625,Lung
21675,13625,Bone
21725,13625,Lung
21775,13625,Connective tissue
21825,13625,Connective tissue
21875,13625,Connective tissue
21925,13625,Connective tissue
21975,13625,Connective tissue
22025,13625,Heart
22075,13625,Heart
22125,13625,Connective tissue
22175,13625,Connective tissue
22225,13625,Connective tissue
22275,13625,Connective tissue
22325,13625,Heart
22375,13625,Lung
22425,13625,Connective tissue
22475,13625,Connective tissue
22525,13625,Lung
22575,13625,Lung
22625,13625,Lung
22675,13625,Lung
22725,13625,Lung
22775,13625,Lung
22825,13625,Lung
22875,13625,Lung
22925,13625,Lung
22975,13625,Lung
23025,13625,Lung
23075,13625,Lung
23125,13625,Lung
23175,13625,Lung
23225,13625,Lung
23275,13625,Connective tissue
23325,13625,Lung
23375,13625,Lung
23425,13625,Lung
23475,13625,Lung
23525,13625,Lung
23575,13625,Lung
23625,13625,Lung
23675,13625,Lung
23725,13625,Lung
23775,13625,Lung
23825,13625,Lung
23875,13625,Lung
23925,13625,Lung
23975,13625,Lung
24025,13625,Lung
24075,13625,Lung
24125,13625,Lung
24175,13625,Lung
24225,13625,Lung
24275,13625,Lung
24325,13625,Connective tissue
24375,13625,Connective tissue
24425,13625,Lung
24475,13625,Lung
24525,13625,Lung
24575,13625,Lung
24625,13625,Lung
24675,13625,Lung
24725,13625,Lung
24775,13625,Lung
24825,13625,Lung
24875,13625,Lung
24925,13625,Lung
24975,13625,Lung
15025,13675,Cartilage primordium
15075,13675,Cartilage primordium
15125,13675,Connective tissue
15175,13675,Connective tissue
15225,13675,Connective tissue
15275,13675,Connective tissue
15325,13675,Connective tissue
15375,13675,Connective tissue
15425,13675,Connective tissue
15475,13675,Connective tissue
15525,13675,Connective tissue
15575,13675,Connective tissue
15625,13675,Connective tissue
15675,13675,Connective tissue
15725,13675,Connective tissue
15775,13675,Connective tissue
15825,13675,Connective tissue
15875,13675,Connective tissue
15925,13675,Connective tissue
15975,13675,Connective tissue
16025,13675,Connective tissue
16075,13675,Connective tissue
16125,13675,Connective tissue
16175,13675,Connective tissue
16225,13675,Connective tissue
16275,13675,Connective tissue
16325,13675,Connective tissue
16375,13675,Connective tissue
16425,13675,Connective tissue
16475,13675,Connective tissue
16525,13675,Connective tissue
16575,13675,Connective tissue
16625,13675,Connective tissue
16675,13675,Connective tissue
16725,13675,Connective tissue
16775,13675,Connective tissue
16825,13675,Connective tissue
16875,13675,Connective tissue
16925,13675,Connective tissue
16975,13675,Connective tissue
17025,13675,Connective tissue
17075,13675,Connective tissue
17125,13675,Connective tissue
17175,13675,Connective tissue
17225,13675,Connective tissue
17275,13675,Connective tissue
17325,13675,Connective tissue
17375,13675,Connective tissue
17425,13675,Connective tissue
17475,13675,Connective tissue
17525,13675,Connective tissue
17575,13675,Cartilage primordium
17625,13675,Cartilage primordium
17675,13675,Cartilage primordium
17725,13675,Connective tissue
17775,13675,Connective tissue
17825,13675,Connective tissue
17875,13675,Connective tissue
17925,13675,Connective tissue
17975,13675,Connective tissue
18025,13675,Connective tissue
18075,13675,Cartilage primordium
18125,13675,Cartilage primordium
18175,13675,Cartilage primordium
18225,13675,Cartilage primordium
18275,13675,Connective tissue
18325,13675,Connective tissue
18375,13675,Connective tissue
18425,13675,Connective tissue
18475,13675,Connective tissue
18525,13675,Connective tissue
18575,13675,Connective tissue
18625,13675,Connective tissue
18675,13675,Connective tissue
18725,13675,Connective tissue
18775,13675,Connective tissue
18825,13675,Connective tissue
18875,13675,Connective tissue
18925,13675,Connective tissue
18975,13675,Connective tissue
19025,13675,Connective tissue
19075,13675,Connective tissue
19125,13675,Connective tissue
19175,13675,Connective tissue
19225,13675,Connective tissue
19275,13675,Connective tissue
19325,13675,Connective tissue
19375,13675,Connective tissue
19425,13675,Connective tissue
19475,13675,Connective tissue
19525,13675,Connective tissue
19575,13675,Connective tissue
19625,13675,Connective tissue
19675,13675,Connective tissue
19725,13675,Connective tissue
19775,13675,Connective tissue
19825,13675,Connective tissue
19875,13675,Connective tissue
19925,13675,Connective tissue
19975,13675,Connective tissue
20025,13675,Connective tissue
20075,13675,Connective tissue
20125,13675,Connective tissue
20175,13675,Connective tissue
20225,13675,Connective tissue
20275,13675,Connective tissue
20325,13675,Connective tissue
20375,13675,Connective tissue
20425,13675,Connective tissue
20475,13675,Lung
20525,13675,Connective tissue
20575,13675,Lung
20625,13675,Lung
20675,13675,Lung
20725,13675,Lung
20775,13675,Lung
20825,13675,Lung
20875,13675,Lung
20925,13675,Lung
20975,13675,Lung
21025,13675,Lung
21075,13675,Lung
21125,13675,Lung
21175,13675,Lung
21225,13675,Lung
21275,13675,Lung
21325,13675,Lung
21375,13675,Lung
21425,13675,Lung
21475,13675,Lung
21525,13675,Lung
21575,13675,Bone
21625,13675,Lung
21675,13675,Pancreas
21725,13675,Connective tissue
21775,13675,Connective tissue
21825,13675,Connective tissue
21875,13675,Connective tissue
21925,13675,Connective tissue
21975,13675,Connective tissue
22025,13675,Connective tissue
22075,13675,Connective tissue
22125,13675,Heart
22175,13675,Heart
22225,13675,Connective tissue
22275,13675,Lung
22325,13675,Lung
22375,13675,Lung
22425,13675,Lung
22475,13675,Lung
22525,13675,Lung
22575,13675,Lung
22625,13675,Lung
22675,13675,Lung
22725,13675,Lung
22775,13675,Lung
22825,13675,Lung
22875,13675,Lung
22925,13675,Lung
22975,13675,Lung
23025,13675,Lung
23075,13675,Lung
23125,13675,Lung
23175,13675,Lung
23225,13675,Lung
23275,13675,Lung
23325,13675,Lung
23375,13675,Lung
23425,13675,Lung
23475,13675,Lung
23525,13675,Lung
23575,13675,Lung
23625,13675,Lung
23675,13675,Lung
23725,13675,Lung
23775,13675,Lung
23825,13675,Lung
23875,13675,Lung
23925,13675,Lung
23975,13675,Lung
24025,13675,Lung
24075,13675,Lung
24125,13675,Lung
24175,13675,Lung
24225,13675,Lung
24275,13675,Lung
24325,13675,Lung
24375,13675,Lung
24425,13675,Lung
24475,13675,Lung
24525,13675,Lung
24575,13675,Lung
24625,13675,Lung
24675,13675,Lung
24725,13675,Lung
24775,13675,Lung
24825,13675,Connective tissue
24875,13675,Lung
24925,13675,Lung
24975,13675,Lung
15025,13725,Cartilage primordium
15075,13725,Cartilage primordium
15125,13725,Connective tissue
15175,13725,Connective tissue
15225,13725,Connective tissue
15275,13725,Connective tissue
15325,13725,Connective tissue
15375,13725,Connective tissue
15425,13725,Connective tissue
15475,13725,Connective tissue
15525,13725,Connective tissue
15575,13725,Connective tissue
15625,13725,Connective tissue
15675,13725,Connective tissue
15725,13725,Connective tissue
15775,13725,Connective tissue
15825,13725,Connective tissue
15875,13725,Connective tissue
15925,13725,Connective tissue
15975,13725,Connective tissue
16025,13725,Connective tissue
16075,13725,Connective tissue
16125,13725,Connective tissue
16175,13725,Connective tissue
16225,13725,Connective tissue
16275,13725,Connective tissue
16325,13725,Connective tissue
16375,13725,Connective tissue
16425,13725,Connective tissue
16475,13725,Connective tissue
16525,13725,Connective tissue
16575,13725,Connective tissue
16625,13725,Connective tissue
16675,13725,Connective tissue
16725,13725,Connective tissue
16775,13725,Connective tissue
16825,13725,Connective tissue
16875,13725,Connective tissue
16925,13725,Connective tissue
16975,13725,Connective tissue
17025,13725,Connective tissue
17075,13725,Connective tissue
17125,13725,Connective tissue
17175,13725,Connective tissue
17225,13725,Connective tissue
17275,13725,Connective tissue
17325,13725,Connective tissue
17375,13725,Connective tissue
17425,13725,Connective tissue
17475,13725,Connective tissue
17525,13725,Connective tissue
17575,13725,Connective tissue
17625,13725,Connective tissue
17675,13725,Connective tissue
17725,13725,Connective tissue
17775,13725,Connective tissue
17825,13725,Connective tissue
17875,13725,Connective tissue
17925,13725,Connective tissue
17975,13725,Connective tissue
18025,13725,Connective tissue
18075,13725,Connective tissue
18125,13725,Connective tissue
18175,13725,Connective tissue
18225,13725,Connective tissue
18275,13725,Connective tissue
18325,13725,Connective tissue
18375,13725,Connective tissue
18425,13725,Connective tissue
18475,13725,Connective tissue
18525,13725,Connective tissue
18575,13725,Connective tissue
18625,13725,Connective tissue
18675,13725,Connective tissue
18725,13725,Connective tissue
18775,13725,Connective tissue
18825,13725,Connective tissue
18875,13725,Connective tissue
18925,13725,Connective tissue
18975,13725,Connective tissue
19025,13725,Connective tissue
19075,13725,Connective tissue
19125,13725,Connective tissue
19175,13725,Connective tissue
19225,13725,Connective tissue
19275,13725,Connective tissue
19325,13725,Connective tissue
19375,13725,Connective tissue
19425,13725,Connective tissue
19475,13725,Connective tissue
19525,13725,Connective tissue
19575,13725,Connective tissue
19625,13725,Connective tissue
19675,13725,Connective tissue
19725,13725,Connective tissue
19775,13725,Connective tissue
19825,13725,Connective tissue
19875,13725,Connective tissue
19925,13725,Connective tissue
19975,13725,Connective tissue
20025,13725,Connective tissue
20075,13725,Connective tissue
20125,13725,Bone
20175,13725,Lung
20225,13725,Connective tissue
20275,13725,Lung
20325,13725,Lung
20375,13725,Lung
20425,13725,Lung
20475,13725,Lung
20525,13725,Lung
20575,13725,Lung
20625,13725,Lung
20675,13725,Lung
20725,13725,Lung
20775,13725,Lung
20825,13725,Lung
20875,13725,Lung
20925,13725,Lung
20975,13725,Lung
21025,13725,Lung
21075,13725,Lung
21125,13725,Lung
21175,13725,Lung
21225,13725,Olfactory epithelium
21275,13725,Lung
21325,13725,Lung
21375,13725,Lung
21425,13725,Lung
21475,13725,Lung
21525,13725,Lung
21575,13725,Lung
21625,13725,Lung
21675,13725,Lung
21725,13725,Connective tissue
21775,13725,Connective tissue
21825,13725,Connective tissue
21875,13725,Connective tissue
21925,13725,Heart
21975,13725,Heart
22025,13725,Connective tissue
22075,13725,Heart
22125,13725,Connective tissue
22175,13725,Connective tissue
22225,13725,Lung
22275,13725,Lung
22325,13725,Lung
22375,13725,Lung
22425,13725,Lung
22475,13725,Lung
22525,13725,Lung
22575,13725,Lung
22625,13725,Lung
22675,13725,Lung
22725,13725,Lung
22775,13725,Lung
22825,13725,Lung
22875,13725,Lung
22925,13725,Lung
22975,13725,Lung
23025,13725,Lung
23075,13725,Lung
23125,13725,Lung
23175,13725,Lung
23225,13725,Lung
23275,13725,Lung
23325,13725,Lung
23375,13725,Lung
23425,13725,Lung
23475,13725,Lung
23525,13725,Lung
23575,13725,Lung
23625,13725,Lung
23675,13725,Lung
23725,13725,Lung
23775,13725,Lung
23825,13725,Lung
23875,13725,Lung
23925,13725,Lung
23975,13725,Lung
24025,13725,Lung
24075,13725,Lung
24125,13725,Lung
24175,13725,Lung
24225,13725,Lung
24275,13725,Lung
24325,13725,Lung
24375,13725,Lung
24425,13725,Lung
24475,13725,Lung
24525,13725,Lung
24575,13725,Lung
24625,13725,Lung
24675,13725,Lung
24725,13725,Lung
24775,13725,Lung
24825,13725,Lung
24875,13725,Lung
24925,13725,Lung
24975,13725,Lung
15025,13775,Cartilage primordium
15075,13775,Connective tissue
15125,13775,Connective tissue
15175,13775,Connective tissue
15225,13775,Connective tissue
15275,13775,Connective tissue
15325,13775,Connective tissue
15375,13775,Connective tissue
15425,13775,Connective tissue
15475,13775,Connective tissue
15525,13775,Connective tissue
15575,13775,Connective tissue
15625,13775,Connective tissue
15675,13775,Connective tissue
15725,13775,Connective tissue
15775,13775,Connective tissue
15825,13775,Connective tissue
15875,13775,Connective tissue
15925,13775,Connective tissue
15975,13775,Connective tissue
16025,13775,Connective tissue
16075,13775,Connective tissue
16125,13775,Connective tissue
16175,13775,Connective tissue
16225,13775,Connective tissue
16275,13775,Connective tissue
16325,13775,Connective tissue
16375,13775,Connective tissue
16425,13775,Connective tissue
16475,13775,Connective tissue
16525,13775,Connective tissue
16575,13775,Connective tissue
16625,13775,Connective tissue
16675,13775,Connective tissue
16725,13775,Connective tissue
16775,13775,Connective tissue
16825,13775,Connective tissue
16875,13775,Connective tissue
16925,13775,Connective tissue
16975,13775,Connective tissue
17025,13775,Connective tissue
17075,13775,Muscle
17125,13775,Connective tissue
17175,13775,Connective tissue
17225,13775,Connective tissue
17275,13775,Connective tissue
17325,13775,Connective tissue
17375,13775,Connective tissue
17425,13775,Connective tissue
17475,13775,Connective tissue
17525,13775,Connective tissue
17575,13775,Connective tissue
17625,13775,Connective tissue
17675,13775,Connective tissue
17725,13775,Connective tissue
17775,13775,Connective tissue
17825,13775,Connective tissue
17875,13775,Connective tissue
17925,13775,Connective tissue
17975,13775,Connective tissue
18025,13775,Connective tissue
18075,13775,Muscle
18125,13775,Connective tissue
18175,13775,Connective tissue
18225,13775,Connective tissue
18275,13775,Connective tissue
18325,13775,Connective tissue
18375,13775,Connective tissue
18425,13775,Connective tissue
18475,13775,Connective tissue
18525,13775,Connective tissue
18575,13775,Connective tissue
18625,13775,Connective tissue
18675,13775,Connective tissue
18725,13775,Connective tissue
18775,13775,Connective tissue
18825,13775,Connective tissue
18875,13775,Connective tissue
18925,13775,Connective tissue
18975,13775,Connective tissue
19025,13775,Connective tissue
19075,13775,Connective tissue
19125,13775,Connective tissue
19175,13775,Connective tissue
19225,13775,Connective tissue
19275,13775,Connective tissue
19325,13775,Connective tissue
19375,13775,Connective tissue
19425,13775,Connective tissue
19475,13775,Connective tissue
19525,13775,Connective tissue
19575,13775,Connective tissue
19625,13775,Connective tissue
19675,13775,Connective tissue
19725,13775,Connective tissue
19775,13775,Connective tissue
19825,13775,Connective tissue
19875,13775,Connective tissue
19925,13775,Connective tissue
19975,13775,Connective tissue
20025,13775,Connective tissue
20075,13775,Connective tissue
20125,13775,Connective tissue
20175,13775,Lung
20225,13775,Lung
20275,13775,Lung
20325,13775,Lung
20375,13775,Lung
20425,13775,Lung
20475,13775,Lung
20525,13775,Lung
20575,13775,Lung
20625,13775,Lung
20675,13775,Lung
20725,13775,Lung
20775,13775,Lung
20825,13775,Lung
20875,13775,Lung
20925,13775,Lung
20975,13775,Lung
21025,13775,Lung
21075,13775,Lung
21125,13775,Lung
21175,13775,Lung
21225,13775,Lung
21275,13775,Lung
21325,13775,Lung
21375,13775,Lung
21425,13775,Lung
21475,13775,Lung
21525,13775,Lung
21575,13775,Lung
21625,13775,Lung
21675,13775,Lung
21725,13775,Bone
21775,13775,Connective tissue
21825,13775,Connective tissue
21875,13775,Connective tissue
21925,13775,Heart
21975,13775,Connective tissue
22025,13775,Heart
22075,13775,Connective tissue
22125,13775,Lung
22175,13775,Lung
22225,13775,Lung
22275,13775,Lung
22325,13775,Lung
22375,13775,Lung
22425,13775,Lung
22475,13775,Lung
22525,13775,Lung
22575,13775,Lung
22625,13775,Lung
22675,13775,Lung
22725,13775,Lung
22775,13775,Lung
22825,13775,Lung
22875,13775,Lung
22925,13775,Lung
22975,13775,Lung
23025,13775,Lung
23075,13775,Lung
23125,13775,Lung
23175,13775,Lung
23225,13775,Lung
23275,13775,Lung
23325,13775,Lung
23375,13775,Lung
23425,13775,Lung
23475,13775,Lung
23525,13775,Lung
23575,13775,Lung
23625,13775,Lung
23675,13775,Lung
23725,13775,Lung
23775,13775,Lung
23825,13775,Lung
23875,13775,Lung
23925,13775,Lung
23975,13775,Lung
24025,13775,Lung
24075,13775,Lung
24125,13775,Lung
24175,13775,Lung
24225,13775,Lung
24275,13775,Lung
24325,13775,Lung
24375,13775,Lung
24425,13775,Lung
24475,13775,Lung
24525,13775,Lung
24575,13775,Lung
24625,13775,Lung
24675,13775,Lung
24725,13775,Lung
24775,13775,Lung
24825,13775,Lung
24875,13775,Lung
24925,13775,Lung
24975,13775,Muscle
15025,13825,Connective tissue
15075,13825,Connective tissue
15125,13825,Connective tissue
15175,13825,Connective tissue
15225,13825,Connective tissue
15275,13825,Connective tissue
15325,13825,Connective tissue
15375,13825,Muscle
15425,13825,Connective tissue
15475,13825,Connective tissue
15525,13825,Connective tissue
15575,13825,Connective tissue
15625,13825,Connective tissue
15675,13825,Connective tissue
15725,13825,Connective tissue
15775,13825,Connective tissue
15825,13825,Connective tissue
15875,13825,Connective tissue
15925,13825,Connective tissue
15975,13825,Connective tissue
16025,13825,Connective tissue
16075,13825,Connective tissue
16125,13825,Connective tissue
16175,13825,Connective tissue
16225,13825,Connective tissue
16275,13825,Connective tissue
16325,13825,Connective tissue
16375,13825,Connective tissue
16425,13825,Connective tissue
16475,13825,Connective tissue
16525,13825,Connective tissue
16575,13825,Muscle
16625,13825,Muscle
16675,13825,Muscle
16725,13825,Muscle
16775,13825,Muscle
16825,13825,Muscle
16875,13825,Muscle
16925,13825,Muscle
16975,13825,Muscle
17025,13825,Muscle
17075,13825,Muscle
17125,13825,Muscle
17175,13825,Muscle
17225,13825,Connective tissue
17275,13825,Muscle
17325,13825,Muscle
17375,13825,Muscle
17425,13825,Muscle
17475,13825,Connective tissue
17525,13825,Connective tissue
17575,13825,Connective tissue
17625,13825,Connective tissue
17675,13825,Connective tissue
17725,13825,Connective tissue
17775,13825,Connective tissue
17825,13825,Connective tissue
17875,13825,Connective tissue
17925,13825,Muscle
17975,13825,Muscle
18025,13825,Muscle
18075,13825,Muscle
18125,13825,Muscle
18175,13825,Muscle
18225,13825,Muscle
18275,13825,Muscle
18325,13825,Muscle
18375,13825,Connective tissue
18425,13825,Connective tissue
18475,13825,Connective tissue
18525,13825,Connective tissue
18575,13825,Connective tissue
18625,13825,Connective tissue
18675,13825,Connective tissue
18725,13825,Connective tissue
18775,13825,Connective tissue
18825,13825,Connective tissue
18875,13825,Connective tissue
18925,13825,Connective tissue
18975,13825,Connective tissue
19025,13825,Connective tissue
19075,13825,Connective tissue
19125,13825,Connective tissue
19175,13825,Connective tissue
19225,13825,Connective tissue
19275,13825,Connective tissue
19325,13825,Connective tissue
19375,13825,Connective tissue
19425,13825,Connective tissue
19475,13825,Connective tissue
19525,13825,Connective tissue
19575,13825,Connective tissue
19625,13825,Connective tissue
19675,13825,Connective tissue
19725,13825,Connective tissue
19775,13825,Connective tissue
19825,13825,Connective tissue
19875,13825,Connective tissue
19925,13825,Connective tissue
19975,13825,Connective tissue
20025,13825,Lung
20075,13825,Bone
20125,13825,Bone
20175,13825,Lung
20225,13825,Lung
20275,13825,Lung
20325,13825,Lung
20375,13825,Lung
20425,13825,Lung
20475,13825,Lung
20525,13825,Lung
20575,13825,Lung
20625,13825,Lung
20675,13825,Lung
20725,13825,Lung
20775,13825,Lung
20825,13825,Heart
20875,13825,Heart
20925,13825,Heart
20975,13825,Heart
21025,13825,Heart
21075,13825,Heart
21125,13825,Heart
21175,13825,Heart
21225,13825,Lung
21275,13825,Lung
21325,13825,Lung
21375,13825,Lung
21425,13825,Lung
21475,13825,Lung
21525,13825,Lung
21575,13825,Lung
21625,13825,Lung
21675,13825,Lung
21725,13825,Lung
21775,13825,Lung
21825,13825,Connective tissue
21875,13825,Connective tissue
21925,13825,Connective tissue
21975,13825,Connective tissue
22025,13825,Lung
22075,13825,Lung
22125,13825,Lung
22175,13825,Lung
22225,13825,Lung
22275,13825,Lung
22325,13825,Lung
22375,13825,Lung
22425,13825,Lung
22475,13825,Lung
22525,13825,Lung
22575,13825,Lung
22625,13825,Lung
22675,13825,Lung
22725,13825,Lung
22775,13825,Lung
22825,13825,Lung
22875,13825,Lung
22925,13825,Lung
22975,13825,Lung
23025,13825,Lung
23075,13825,Lung
23125,13825,Lung
23175,13825,Lung
23225,13825,Lung
23275,13825,Lung
23325,13825,Lung
23375,13825,Lung
23425,13825,Lung
23475,13825,Lung
23525,13825,Lung
23575,13825,Lung
23625,13825,Lung
23675,13825,Lung
23725,13825,Lung
23775,13825,Lung
23825,13825,Lung
23875,13825,Lung
23925,13825,Lung
23975,13825,Lung
24025,13825,Lung
24075,13825,Lung
24125,13825,Lung
24175,13825,Lung
24225,13825,Lung
24275,13825,Lung
24325,13825,Lung
24375,13825,Lung
24425,13825,Lung
24475,13825,Lung
24525,13825,Lung
24575,13825,Lung
24625,13825,Lung
24675,13825,Lung
24725,13825,Lung
24775,13825,Lung
24825,13825,Connective tissue
24875,13825,Connective tissue
24925,13825,Muscle
24975,13825,Muscle
15025,13875,Connective tissue
15075,13875,Connective tissue
15125,13875,Muscle
15175,13875,Muscle
15225,13875,Muscle
15275,13875,Muscle
15325,13875,Muscle
15375,13875,Muscle
15425,13875,Muscle
15475,13875,Muscle
15525,13875,Muscle
15575,13875,Muscle
15625,13875,Connective tissue
15675,13875,Connective tissue
15725,13875,Connective tissue
15775,13875,Connective tissue
15825,13875,Connective tissue
15875,13875,Connective tissue
15925,13875,Connective tissue
15975,13875,Connective tissue
16025,13875,Connective tissue
16075,13875,Connective tissue
16125,13875,Connective tissue
16175,13875,Connective tissue
16225,13875,Connective tissue
16275,13875,Connective tissue
16325,13875,Connective tissue
16375,13875,Connective tissue
16425,13875,Connective tissue
16475,13875,Connective tissue
16525,13875,Connective tissue
16575,13875,Connective tissue
16625,13875,Muscle
16675,13875,Muscle
16725,13875,Muscle
16775,13875,Muscle
16825,13875,Muscle
16875,13875,Muscle
16925,13875,Muscle
16975,13875,Muscle
17025,13875,Muscle
17075,13875,Muscle
17125,13875,Muscle
17175,13875,Muscle
17225,13875,Muscle
17275,13875,Muscle
17325,13875,Muscle
17375,13875,Muscle
17425,13875,Muscle
17475,13875,Muscle
17525,13875,Muscle
17575,13875,Muscle
17625,13875,Muscle
17675,13875,Muscle
17725,13875,Muscle
17775,13875,Muscle
17825,13875,Muscle
17875,13875,Muscle
17925,13875,Muscle
17975,13875,Muscle
18025,13875,Muscle
18075,13875,Muscle
18125,13875,Muscle
18175,13875,Muscle
18225,13875,Muscle
18275,13875,Muscle
18325,13875,Muscle
18375,13875,Connective tissue
18425,13875,Connective tissue
18475,13875,Connective tissue
18525,13875,Connective tissue
18575,13875,Connective tissue
18625,13875,Connective tissue
18675,13875,Connective tissue
18725,13875,Connective tissue
18775,13875,Connective tissue
18825,13875,Connective tissue
18875,13875,Connective tissue
18925,13875,Connective tissue
18975,13875,Connective tissue
19025,13875,Connective tissue
19075,13875,Connective tissue
19125,13875,Connective tissue
19175,13875,Connective tissue
19225,13875,Connective tissue
19275,13875,Connective tissue
19325,13875,Connective tissue
19375,13875,Connective tissue
19425,13875,Connective tissue
19475,13875,Connective tissue
19525,13875,Connective tissue
19575,13875,Connective tissue
19625,13875,Connective tissue
19675,13875,Connective tissue
19725,13875,Connective tissue
19775,13875,Connective tissue
19825,13875,Connective tissue
19875,13875,Connective tissue
19925,13875,Bone
19975,13875,Bone
20025,13875,Bone
20075,13875,Bone
20125,13875,Lung
20175,13875,Lung
20225,13875,Lung
20275,13875,Thymus
20325,13875,Lung
20375,13875,Lung
20425,13875,Lung
20475,13875,Lung
20525,13875,Lung
20575,13875,Lung
20625,13875,Lung
20675,13875,Lung
20725,13875,Lung
20775,13875,Lung
20825,13875,Lung
20875,13875,Lung
20925,13875,Lung
20975,13875,Lung
21025,13875,Lung
21075,13875,Lung
21125,13875,Lung
21175,13875,Lung
21225,13875,Lung
21275,13875,Lung
21325,13875,Lung
21375,13875,Lung
21425,13875,Lung
21475,13875,Lung
21525,13875,Lung
21575,13875,Lung
21625,13875,Lung
21675,13875,Lung
21725,13875,Lung
21775,13875,Connective tissue
21825,13875,Lung
21875,13875,Connective tissue
21925,13875,Connective tissue
21975,13875,Connective tissue
22025,13875,Connective tissue
22075,13875,Lung
22125,13875,Lung
22175,13875,Lung
22225,13875,Lung
22275,13875,Lung
22325,13875,Lung
22375,13875,Lung
22425,13875,Lung
22475,13875,Lung
22525,13875,Lung
22575,13875,Lung
22625,13875,Lung
22675,13875,Lung
22725,13875,Lung
22775,13875,Lung
22825,13875,Lung
22875,13875,Lung
22925,13875,Lung
22975,13875,Lung
23025,13875,Lung
23075,13875,Lung
23125,13875,Lung
23175,13875,Lung
23225,13875,Lung
23275,13875,Lung
23325,13875,Lung
23375,13875,Lung
23425,13875,Lung
23475,13875,Lung
23525,13875,Lung
23575,13875,Lung
23625,13875,Lung
23675,13875,Lung
23725,13875,Lung
23775,13875,Lung
23825,13875,Lung
23875,13875,Lung
23925,13875,Lung
23975,13875,Lung
24025,13875,Lung
24075,13875,Lung
24125,13875,Lung
24175,13875,Lung
24225,13875,Lung
24275,13875,Lung
24325,13875,Lung
24375,13875,Lung
24425,13875,Lung
24475,13875,Lung
24525,13875,Connective tissue
24575,13875,Connective tissue
24625,13875,Connective tissue
24675,13875,Muscle
24725,13875,Muscle
24775,13875,Muscle
24825,13875,Muscle
24875,13875,Muscle
24925,13875,Muscle
24975,13875,Muscle
15025,13925,Muscle
15075,13925,Muscle
15125,13925,Muscle
15175,13925,Muscle
15225,13925,Muscle
15275,13925,Muscle
15325,13925,Muscle
15375,13925,Muscle
15425,13925,Muscle
15475,13925,Muscle
15525,13925,Muscle
15575,13925,Connective tissue
15625,13925,Connective tissue
15675,13925,Connective tissue
15725,13925,Connective tissue
15775,13925,Connective tissue
15825,13925,Connective tissue
15875,13925,Muscle
15925,13925,Connective tissue
15975,13925,Connective tissue
16025,13925,Muscle
16075,13925,Connective tissue
16125,13925,Connective tissue
16175,13925,Connective tissue
16225,13925,Muscle
16275,13925,Muscle
16325,13925,Connective tissue
16375,13925,Connective tissue
16425,13925,Connective tissue
16475,13925,Connective tissue
16525,13925,Muscle
16575,13925,Muscle
16625,13925,Connective tissue
16675,13925,Muscle
16725,13925,Muscle
16775,13925,Muscle
16825,13925,Muscle
16875,13925,Muscle
16925,13925,Muscle
16975,13925,Muscle
17025,13925,Muscle
17075,13925,Muscle
17125,13925,Muscle
17175,13925,Muscle
17225,13925,Muscle
17275,13925,Muscle
17325,13925,Muscle
17375,13925,Muscle
17425,13925,Muscle
17475,13925,Muscle
17525,13925,Muscle
17575,13925,Muscle
17625,13925,Muscle
17675,13925,Muscle
17725,13925,Muscle
17775,13925,Muscle
17825,13925,Muscle
17875,13925,Muscle
17925,13925,Muscle
17975,13925,Muscle
18025,13925,Muscle
18075,13925,Muscle
18125,13925,Muscle
18175,13925,Muscle
18225,13925,Connective tissue
18275,13925,Connective tissue
18325,13925,Connective tissue
18375,13925,Connective tissue
18425,13925,Connective tissue
18475,13925,Connective tissue
18525,13925,Connective tissue
18575,13925,Connective tissue
18625,13925,Connective tissue
18675,13925,Connective tissue
18725,13925,Connective tissue
18775,13925,Connective tissue
18825,13925,Connective tissue
18875,13925,Connective tissue
18925,13925,Connective tissue
18975,13925,Connective tissue
19025,13925,Connective tissue
19075,13925,Connective tissue
19125,13925,Connective tissue
19175,13925,Connective tissue
19225,13925,Connective tissue
19275,13925,Connective tissue
19325,13925,Connective tissue
19375,13925,Connective tissue
19425,13925,Connective tissue
19475,13925,Brain
19525,13925,Connective tissue
19575,13925,Connective tissue
19625,13925,Connective tissue
19675,13925,Connective tissue
19725,13925,Connective tissue
19775,13925,Connective tissue
19825,13925,Connective tissue
19875,13925,Connective tissue
19925,13925,Bone
19975,13925,Bone
20025,13925,Bone
20075,13925,Bone
20125,13925,Bone
20175,13925,Lung
20225,13925,Lung
20275,13925,Lung
20325,13925,Lung
20375,13925,Lung
20425,13925,Lung
20475,13925,Lung
20525,13925,Lung
20575,13925,Lung
20625,13925,Lung
20675,13925,Lung
20725,13925,Lung
20775,13925,Lung
20825,13925,Lung
20875,13925,Lung
20925,13925,Lung
20975,13925,Lung
21025,13925,Lung
21075,13925,Lung
21125,13925,Lung
21175,13925,Lung
21225,13925,Lung
21275,13925,Lung
21325,13925,Lung
21375,13925,Lung
21425,13925,Lung
21475,13925,Lung
21525,13925,Lung
21575,13925,Lung
21625,13925,Lung
21675,13925,Lung
21725,13925,Lung
21775,13925,Connective tissue
21825,13925,Connective tissue
21875,13925,Connective tissue
21925,13925,Connective tissue
21975,13925,Connective tissue
22025,13925,Lung
22075,13925,Lung
22125,13925,Lung
22175,13925,Lung
22225,13925,Lung
22275,13925,Lung
22325,13925,Lung
22375,13925,GI tract
22425,13925,Pancreas
22475,13925,GI tract
22525,13925,Lung
22575,13925,Lung
22625,13925,Lung
22675,13925,Lung
22725,13925,Lung
22775,13925,Lung
22825,13925,Lung
22875,13925,Lung
22925,13925,Lung
22975,13925,Lung
23025,13925,Lung
23075,13925,Lung
23125,13925,Lung
23175,13925,Lung
23225,13925,Lung
23275,13925,Lung
23325,13925,Lung
23375,13925,Lung
23425,13925,Lung
23475,13925,Lung
23525,13925,Lung
23575,13925,Lung
23625,13925,Lung
23675,13925,Lung
23725,13925,Lung
23775,13925,Lung
23825,13925,Lung
23875,13925,Lung
23925,13925,Lung
23975,13925,Lung
24025,13925,Lung
24075,13925,Lung
24125,13925,Lung
24175,13925,Lung
24225,13925,Lung
24275,13925,Lung
24325,13925,Lung
24375,13925,Lung
24425,13925,Lung
24475,13925,Lung
24525,13925,Muscle
24575,13925,Muscle
24625,13925,Muscle
24675,13925,Muscle
24725,13925,Muscle
24775,13925,Muscle
24825,13925,Muscle
24875,13925,Muscle
24925,13925,Muscle
24975,13925,Muscle
15025,13975,Muscle
15075,13975,Muscle
15125,13975,Muscle
15175,13975,Muscle
15225,13975,Muscle
15275,13975,Muscle
15325,13975,Muscle
15375,13975,Muscle
15425,13975,Muscle
15475,13975,Muscle
15525,13975,Connective tissue
15575,13975,Connective tissue
15625,13975,Connective tissue
15675,13975,Connective tissue
15725,13975,Muscle
15775,13975,Muscle
15825,13975,Muscle
15875,13975,Muscle
15925,13975,Muscle
15975,13975,Muscle
16025,13975,Muscle
16075,13975,Muscle
16125,13975,Muscle
16175,13975,Muscle
16225,13975,Muscle
16275,13975,Muscle
16325,13975,Muscle
16375,13975,Muscle
16425,13975,Muscle
16475,13975,Muscle
16525,13975,Muscle
16575,13975,Muscle
16625,13975,Muscle
16675,13975,Muscle
16725,13975,Muscle
16775,13975,Muscle
16825,13975,Muscle
16875,13975,Muscle
16925,13975,Muscle
16975,13975,Muscle
17025,13975,Muscle
17075,13975,Muscle
17125,13975,Muscle
17175,13975,Muscle
17225,13975,Muscle
17275,13975,Muscle
17325,13975,Muscle
17375,13975,Muscle
17425,13975,Muscle
17475,13975,Muscle
17525,13975,Muscle
17575,13975,Muscle
17625,13975,Muscle
17675,13975,Muscle
17725,13975,Muscle
17775,13975,Muscle
17825,13975,Muscle
17875,13975,Muscle
17925,13975,Muscle
17975,13975,Muscle
18025,13975,Connective tissue
18075,13975,Connective tissue
18125,13975,Connective tissue
18175,13975,Connective tissue
18225,13975,Connective tissue
18275,13975,Connective tissue
18325,13975,Connective tissue
18375,13975,Connective tissue
18425,13975,Connective tissue
18475,13975,Connective tissue
18525,13975,Connective tissue
18575,13975,Connective tissue
18625,13975,Connective tissue
18675,13975,Connective tissue
18725,13975,Connective tissue
18775,13975,Connective tissue
18825,13975,Connective tissue
18875,13975,Connective tissue
18925,13975,Connective tissue
18975,13975,Connective tissue
19025,13975,Connective tissue
19075,13975,Connective tissue
19125,13975,Brain
19175,13975,Connective tissue
19225,13975,Connective tissue
19275,13975,Connective tissue
19325,13975,Connective tissue
19375,13975,Connective tissue
19425,13975,Connective tissue
19475,13975,Connective tissue
19525,13975,Connective tissue
19575,13975,Connective tissue
19625,13975,Connective tissue
19675,13975,Connective tissue
19725,13975,Connective tissue
19775,13975,Connective tissue
19825,13975,Connective tissue
19875,13975,Connective tissue
19925,13975,Bone
19975,13975,Bone
20025,13975,Bone
20075,13975,Bone
20125,13975,Bone
20175,13975,Bone
20225,13975,Bone
20275,13975,Bone
20325,13975,Bone
20375,13975,Bone
20425,13975,Bone
20475,13975,Bone
20525,13975,Bone
20575,13975,Lung
20625,13975,Lung
20675,13975,Bone
20725,13975,Bone
20775,13975,Lung
20825,13975,Lung
20875,13975,Lung
20925,13975,Lung
20975,13975,Lung
21025,13975,Connective tissue
21075,13975,Connective tissue
21125,13975,Lung
21175,13975,Connective tissue
21225,13975,Connective tissue
21275,13975,Connective tissue
21325,13975,Lung
21375,13975,Lung
21425,13975,Lung
21475,13975,Lung
21525,13975,Lung
21575,13975,Lung
21625,13975,Lung
21675,13975,Lung
21725,13975,Connective tissue
21775,13975,Connective tissue
21825,13975,Connective tissue
21875,13975,Connective tissue
21925,13975,Connective tissue
21975,13975,Connective tissue
22025,13975,Connective tissue
22075,13975,Lung
22125,13975,Lung
22175,13975,Lung
22225,13975,Lung
22275,13975,Lung
22325,13975,GI tract
22375,13975,Pancreas
22425,13975,Cartilage primordium
22475,13975,Pancreas
22525,13975,Lung
22575,13975,Lung
22625,13975,Lung
22675,13975,Lung
22725,13975,Lung
22775,13975,Lung
22825,13975,Lung
22875,13975,Lung
22925,13975,Lung
22975,13975,Lung
23025,13975,Lung
23075,13975,Lung
23125,13975,Lung
23175,13975,Lung
23225,13975,Lung
23275,13975,Lung
23325,13975,Lung
23375,13975,Lung
23425,13975,Lung
23475,13975,Lung
23525,13975,Lung
23575,13975,Lung
23625,13975,Lung
23675,13975,Lung
23725,13975,Lung
23775,13975,Lung
23825,13975,Lung
23875,13975,Lung
23925,13975,Lung
23975,13975,Lung
24025,13975,Lung
24075,13975,Lung
24125,13975,Lung
24175,13975,Lung
24225,13975,Lung
24275,13975,Lung
24325,13975,Connective tissue
24375,13975,Muscle
24425,13975,Muscle
24475,13975,Muscle
24525,13975,Muscle
24575,13975,Muscle
24625,13975,Muscle
24675,13975,Muscle
24725,13975,Muscle
24775,13975,Muscle
24825,13975,Muscle
24875,13975,Muscle
24925,13975,Muscle
24975,13975,Muscle
15025,14025,Muscle
15075,14025,Muscle
15125,14025,Muscle
15175,14025,Muscle
15225,14025,Muscle
15275,14025,Connective tissue
15325,14025,Muscle
15375,14025,Connective tissue
15425,14025,Connective tissue
15475,14025,Muscle
15525,14025,Muscle
15575,14025,Muscle
15625,14025,Muscle
15675,14025,Muscle
15725,14025,Muscle
15775,14025,Muscle
15825,14025,Muscle
15875,14025,Muscle
15925,14025,Muscle
15975,14025,Muscle
16025,14025,Muscle
16075,14025,Muscle
16125,14025,Muscle
16175,14025,Muscle
16225,14025,Muscle
16275,14025,Muscle
16325,14025,Muscle
16375,14025,Muscle
16425,14025,Muscle
16475,14025,Muscle
16525,14025,Muscle
16575,14025,Muscle
16625,14025,Muscle
16675,14025,Muscle
16725,14025,Muscle
16775,14025,Muscle
16825,14025,Muscle
16875,14025,Muscle
16925,14025,Muscle
16975,14025,Muscle
17025,14025,Muscle
17075,14025,Muscle
17125,14025,Muscle
17175,14025,Muscle
17225,14025,Muscle
17275,14025,Muscle
17325,14025,Muscle
17375,14025,Muscle
17425,14025,Muscle
17475,14025,Muscle
17525,14025,Muscle
17575,14025,Muscle
17625,14025,Muscle
17675,14025,Muscle
17725,14025,Muscle
17775,14025,Connective tissue
17825,14025,Connective tissue
17875,14025,Connective tissue
17925,14025,Connective tissue
17975,14025,Connective tissue
18025,14025,Connective tissue
18075,14025,Connective tissue
18125,14025,Connective tissue
18175,14025,Connective tissue
18225,14025,Connective tissue
18275,14025,Connective tissue
18325,14025,Connective tissue
18375,14025,Connective tissue
18425,14025,Connective tissue
18475,14025,Connective tissue
18525,14025,Connective tissue
18575,14025,Connective tissue
18625,14025,Connective tissue
18675,14025,Connective tissue
18725,14025,Connective tissue
18775,14025,Connective tissue
18825,14025,Connective tissue
18875,14025,Connective tissue
18925,14025,Connective tissue
18975,14025,Connective tissue
19025,14025,Connective tissue
19075,14025,Connective tissue
19125,14025,Connective tissue
19175,14025,Connective tissue
19225,14025,Connective tissue
19275,14025,Connective tissue
19325,14025,Connective tissue
19375,14025,Connective tissue
19425,14025,Connective tissue
19475,14025,Connective tissue
19525,14025,Connective tissue
19575,14025,Connective tissue
19625,14025,Connective tissue
19675,14025,Connective tissue
19725,14025,Connective tissue
19775,14025,Connective tissue
19825,14025,Connective tissue
19875,14025,Connective tissue
19925,14025,Bone
19975,14025,Bone
20025,14025,Bone
20075,14025,Bone
20125,14025,Bone
20175,14025,Bone
20225,14025,Bone
20275,14025,Bone
20325,14025,Bone
20375,14025,Bone
20425,14025,Connective tissue
20475,14025,Connective tissue
20525,14025,Bone
20575,14025,Bone
20625,14025,Bone
20675,14025,Bone
20725,14025,Bone
20775,14025,Connective tissue
20825,14025,Connective tissue
20875,14025,Bone
20925,14025,Connective tissue
20975,14025,Heart
21025,14025,Heart
21075,14025,Heart
21125,14025,Heart
21175,14025,Heart
21225,14025,Heart
21275,14025,Connective tissue
21325,14025,Connective tissue
21375,14025,Connective tissue
21425,14025,Connective tissue
21475,14025,Lung
21525,14025,Lung
21575,14025,Lung
21625,14025,Lung
21675,14025,Connective tissue
21725,14025,Connective tissue
21775,14025,Connective tissue
21825,14025,Connective tissue
21875,14025,Connective tissue
21925,14025,Connective tissue
21975,14025,Connective tissue
22025,14025,Connective tissue
22075,14025,Lung
22125,14025,Lung
22175,14025,Lung
22225,14025,Lung
22275,14025,Lung
22325,14025,GI tract
22375,14025,Cartilage primordium
22425,14025,Pancreas
22475,14025,Cartilage primordium
22525,14025,GI tract
22575,14025,Lung
22625,14025,Lung
22675,14025,Lung
22725,14025,Lung
22775,14025,Lung
22825,14025,Lung
22875,14025,Lung
22925,14025,Lung
22975,14025,Lung
23025,14025,Lung
23075,14025,Lung
23125,14025,Lung
23175,14025,Lung
23225,14025,Lung
23275,14025,Lung
23325,14025,Lung
23375,14025,Lung
23425,14025,Lung
23475,14025,Lung
23525,14025,Lung
23575,14025,Lung
23625,14025,Lung
23675,14025,Lung
23725,14025,Lung
23775,14025,Lung
23825,14025,Lung
23875,14025,Lung
23925,14025,Lung
23975,14025,Lung
24025,14025,Lung
24075,14025,Lung
24125,14025,Lung
24175,14025,Lung
24225,14025,Connective tissue
24275,14025,Muscle
24325,14025,Muscle
24375,14025,Muscle
24425,14025,Muscle
24475,14025,Muscle
24525,14025,Muscle
24575,14025,Muscle
24625,14025,Muscle
24675,14025,Muscle
24725,14025,Muscle
24775,14025,Muscle
24825,14025,Muscle
24875,14025,Muscle
24925,14025,Muscle
24975,14025,Muscle
15025,14075,Muscle
15075,14075,Muscle
15125,14075,Muscle
15175,14075,Muscle
15225,14075,Connective tissue
15275,14075,Connective tissue
15325,14075,Connective tissue
15375,14075,Connective tissue
15425,14075,Muscle
15475,14075,Muscle
15525,14075,Muscle
15575,14075,Muscle
15625,14075,Muscle
15675,14075,Muscle
15725,14075,Muscle
15775,14075,Muscle
15825,14075,Muscle
15875,14075,Muscle
15925,14075,Muscle
15975,14075,Muscle
16025,14075,Muscle
16075,14075,Muscle
16125,14075,Muscle
16175,14075,Muscle
16225,14075,Muscle
16275,14075,Muscle
16325,14075,Muscle
16375,14075,Muscle
16425,14075,Muscle
16475,14075,Muscle
16525,14075,Muscle
16575,14075,Muscle
16625,14075,Muscle
16675,14075,Muscle
16725,14075,Muscle
16775,14075,Muscle
16825,14075,Muscle
16875,14075,Muscle
16925,14075,Muscle
16975,14075,Muscle
17025,14075,Muscle
17075,14075,Connective tissue
17125,14075,Connective tissue
17175,14075,Connective tissue
17225,14075,Connective tissue
17275,14075,Connective tissue
17325,14075,Connective tissue
17375,14075,Connective tissue
17425,14075,Connective tissue
17475,14075,Connective tissue
17525,14075,Connective tissue
17575,14075,Connective tissue
17625,14075,Connective tissue
17675,14075,Connective tissue
17725,14075,Connective tissue
17775,14075,Connective tissue
17825,14075,Connective tissue
17875,14075,Connective tissue
17925,14075,Connective tissue
17975,14075,Connective tissue
18025,14075,Connective tissue
18075,14075,Connective tissue
18125,14075,Connective tissue
18175,14075,Connective tissue
18225,14075,Connective tissue
18275,14075,Connective tissue
18325,14075,Connective tissue
18375,14075,Connective tissue
18425,14075,Connective tissue
18475,14075,Connective tissue
18525,14075,Connective tissue
18575,14075,Connective tissue
18625,14075,Connective tissue
18675,14075,Connective tissue
18725,14075,Connective tissue
18775,14075,Connective tissue
18825,14075,Connective tissue
18875,14075,Connective tissue
18925,14075,Brain
18975,14075,Connective tissue
19025,14075,Connective tissue
19075,14075,Connective tissue
19125,14075,Connective tissue
19175,14075,Connective tissue
19225,14075,Connective tissue
19275,14075,Connective tissue
19325,14075,Connective tissue
19375,14075,Connective tissue
19425,14075,Connective tissue
19475,14075,Connective tissue
19525,14075,Connective tissue
19575,14075,Connective tissue
19625,14075,Connective tissue
19675,14075,Connective tissue
19725,14075,Connective tissue
19775,14075,Connective tissue
19825,14075,Connective tissue
19875,14075,Connective tissue
19925,14075,Bone
19975,14075,Bone
20025,14075,Bone
20075,14075,Connective tissue
20125,14075,Bone
20175,14075,Bone
20225,14075,Bone
20275,14075,Connective tissue
20325,14075,Connective tissue
20375,14075,Connective tissue
20425,14075,Connective tissue
20475,14075,Connective tissue
20525,14075,Connective tissue
20575,14075,Connective tissue
20625,14075,Connective tissue
20675,14075,Bone
20725,14075,Connective tissue
20775,14075,Connective tissue
20825,14075,Connective tissue
20875,14075,Heart
20925,14075,Heart
20975,14075,Connective tissue
21025,14075,Connective tissue
21075,14075,Connective tissue
21125,14075,Connective tissue
21175,14075,Connective tissue
21225,14075,Heart
21275,14075,Heart
21325,14075,Connective tissue
21375,14075,Connective tissue
21425,14075,Connective tissue
21475,14075,Connective tissue
21525,14075,Connective tissue
21575,14075,Connective tissue
21625,14075,Connective tissue
21675,14075,Connective tissue
21725,14075,Connective tissue
21775,14075,Connective tissue
21825,14075,Connective tissue
21875,14075,Connective tissue
21925,14075,Connective tissue
21975,14075,Connective tissue
22025,14075,Connective tissue
22075,14075,Connective tissue
22125,14075,Connective tissue
22175,14075,Lung
22225,14075,Lung
22275,14075,Connective tissue
22325,14075,Pancreas
22375,14075,Cartilage primordium
22425,14075,Cartilage primordium
22475,14075,Pancreas
22525,14075,Lung
22575,14075,Lung
22625,14075,Lung
22675,14075,Lung
22725,14075,Lung
22775,14075,Lung
22825,14075,Lung
22875,14075,Lung
22925,14075,Lung
22975,14075,Lung
23025,14075,Lung
23075,14075,Lung
23125,14075,Lung
23175,14075,Lung
23225,14075,Lung
23275,14075,Lung
23325,14075,Lung
23375,14075,Lung
23425,14075,Lung
23475,14075,Lung
23525,14075,Lung
23575,14075,Lung
23625,14075,Lung
23675,14075,Lung
23725,14075,Lung
23775,14075,Lung
23825,14075,Lung
23875,14075,Lung
23925,14075,Lung
23975,14075,Lung
24025,14075,Lung
24075,14075,Lung
24125,14075,Lung
24175,14075,Connective tissue
24225,14075,Connective tissue
24275,14075,Muscle
24325,14075,Muscle
24375,14075,Muscle
24425,14075,Muscle
24475,14075,Muscle
24525,14075,Muscle
24575,14075,Muscle
24625,14075,Muscle
24675,14075,Muscle
24725,14075,Muscle
24775,14075,Muscle
24825,14075,Muscle
24875,14075,Muscle
24925,14075,Muscle
24975,14075,Muscle
15025,14125,Muscle
15075,14125,Muscle
15125,14125,Muscle
15175,14125,Muscle
15225,14125,Muscle
15275,14125,Muscle
15325,14125,Muscle
15375,14125,Muscle
15425,14125,Muscle
15475,14125,Muscle
15525,14125,Muscle
15575,14125,Muscle
15625,14125,Muscle
15675,14125,Muscle
15725,14125,Muscle
15775,14125,Muscle
15825,14125,Muscle
15875,14125,Muscle
15925,14125,Muscle
15975,14125,Muscle
16025,14125,Muscle
16075,14125,Muscle
16125,14125,Muscle
16175,14125,Muscle
16225,14125,Muscle
16275,14125,Muscle
16325,14125,Muscle
16375,14125,Muscle
16425,14125,Connective tissue
16475,14125,Connective tissue
16525,14125,Connective tissue
16575,14125,Connective tissue
16625,14125,Connective tissue
16675,14125,Connective tissue
16725,14125,Connective tissue
16775,14125,Connective tissue
16825,14125,Connective tissue
16875,14125,Connective tissue
16925,14125,Connective tissue
16975,14125,Connective tissue
17025,14125,Connective tissue
17075,14125,Connective tissue
17125,14125,Connective tissue
17175,14125,Connective tissue
17225,14125,Connective tissue
17275,14125,Connective tissue
17325,14125,Connective tissue
17375,14125,Connective tissue
17425,14125,Connective tissue
17475,14125,Connective tissue
17525,14125,Connective tissue
17575,14125,Connective tissue
17625,14125,Connective tissue
17675,14125,Connective tissue
17725,14125,Connective tissue
17775,14125,Connective tissue
17825,14125,Connective tissue
17875,14125,Connective tissue
17925,14125,Connective tissue
17975,14125,Connective tissue
18025,14125,Connective tissue
18075,14125,Connective tissue
18125,14125,Connective tissue
18175,14125,Connective tissue
18225,14125,Connective tissue
18275,14125,Connective tissue
18325,14125,Connective tissue
18375,14125,Connective tissue
18425,14125,Connective tissue
18475,14125,Connective tissue
18525,14125,Connective tissue
18575,14125,Connective tissue
18625,14125,Connective tissue
18675,14125,Connective tissue
18725,14125,Connective tissue
18775,14125,Connective tissue
18825,14125,Connective tissue
18875,14125,Connective tissue
18925,14125,Connective tissue
18975,14125,Connective tissue
19025,14125,Connective tissue
19075,14125,Connective tissue
19125,14125,Connective tissue
19175,14125,Connective tissue
19225,14125,Connective tissue
19275,14125,Connective tissue
19325,14125,Connective tissue
19375,14125,Connective tissue
19425,14125,Connective tissue
19475,14125,Connective tissue
19525,14125,Connective tissue
19575,14125,Connective tissue
19625,14125,Connective tissue
19675,14125,Connective tissue
19725,14125,Connective tissue
19775,14125,Connective tissue
19825,14125,Connective tissue
19875,14125,Connective tissue
19925,14125,Connective tissue
19975,14125,Connective tissue
20025,14125,Connective tissue
20075,14125,Connective tissue
20125,14125,Connective tissue
20175,14125,Connective tissue
20225,14125,Connective tissue
20275,14125,Connective tissue
20325,14125,Connective tissue
20375,14125,Connective tissue
20425,14125,Connective tissue
20475,14125,Connective tissue
20525,14125,Connective tissue
20575,14125,Connective tissue
20625,14125,Connective tissue
20675,14125,Connective tissue
20725,14125,Connective tissue
20775,14125,Connective tissue
20825,14125,Heart
20875,14125,Heart
20925,14125,Connective tissue
20975,14125,Cavity
21025,14125,Cavity
21075,14125,Cavity
21125,14125,Heart
21175,14125,Connective tissue
21225,14125,Heart
21275,14125,Heart
21325,14125,Connective tissue
21375,14125,Connective tissue
21425,14125,Connective tissue
21475,14125,Connective tissue
21525,14125,Connective tissue
21575,14125,Connective tissue
21625,14125,Heart
21675,14125,Connective tissue
21725,14125,Connective tissue
21775,14125,Connective tissue
21825,14125,Cavity
21875,14125,Connective tissue
21925,14125,Cavity
21975,14125,Connective tissue
22025,14125,Connective tissue
22075,14125,Connective tissue
22125,14125,Connective tissue
22175,14125,Connective tissue
22225,14125,Connective tissue
22275,14125,Connective tissue
22325,14125,Connective tissue
22375,14125,Connective tissue
22425,14125,Connective tissue
22475,14125,Connective tissue
22525,14125,Connective tissue
22575,14125,Lung
22625,14125,Lung
22675,14125,Lung
22725,14125,Lung
22775,14125,Lung
22825,14125,Lung
22875,14125,Lung
22925,14125,Lung
22975,14125,Lung
23025,14125,Lung
23075,14125,Lung
23125,14125,Lung
23175,14125,Lung
23225,14125,Lung
23275,14125,Lung
23325,14125,Lung
23375,14125,Lung
23425,14125,Lung
23475,14125,Lung
23525,14125,Lung
23575,14125,Lung
23625,14125,Lung
23675,14125,Lung
23725,14125,Lung
23775,14125,Lung
23825,14125,Lung
23875,14125,Lung
23925,14125,Lung
23975,14125,Lung
24025,14125,Lung
24075,14125,Pancreas
24125,14125,Connective tissue
24175,14125,Connective tissue
24225,14125,Connective tissue
24275,14125,Muscle
24325,14125,Muscle
24375,14125,Muscle
24425,14125,Muscle
24475,14125,Muscle
24525,14125,Muscle
24575,14125,Muscle
24625,14125,Muscle
24675,14125,Muscle
24725,14125,Muscle
24775,14125,Muscle
24825,14125,Muscle
24875,14125,Muscle
24925,14125,Muscle
24975,14125,Muscle
15025,14175,Muscle
15075,14175,Muscle
15125,14175,Muscle
15175,14175,Muscle
15225,14175,Muscle
15275,14175,Muscle
15325,14175,Muscle
15375,14175,Muscle
15425,14175,Muscle
15475,14175,Muscle
15525,14175,Muscle
15575,14175,Muscle
15625,14175,Muscle
15675,14175,Muscle
15725,14175,Muscle
15775,14175,Muscle
15825,14175,Muscle
15875,14175,Connective tissue
15925,14175,Connective tissue
15975,14175,Connective tissue
16025,14175,Connective tissue
16075,14175,Connective tissue
16125,14175,Connective tissue
16175,14175,Connective tissue
16225,14175,Connective tissue
16275,14175,Connective tissue
16325,14175,Connective tissue
16375,14175,Connective tissue
16425,14175,Connective tissue
16475,14175,Connective tissue
16525,14175,Connective tissue
16575,14175,Connective tissue
16625,14175,Connective tissue
16675,14175,Connective tissue
16725,14175,Connective tissue
16775,14175,Connective tissue
16825,14175,Connective tissue
16875,14175,Connective tissue
16925,14175,Connective tissue
16975,14175,Connective tissue
17025,14175,Connective tissue
17075,14175,Connective tissue
17125,14175,Connective tissue
17175,14175,Connective tissue
17225,14175,Connective tissue
17275,14175,Connective tissue
17325,14175,Connective tissue
17375,14175,Connective tissue
17425,14175,Connective tissue
17475,14175,Connective tissue
17525,14175,Connective tissue
17575,14175,Connective tissue
17625,14175,Connective tissue
17675,14175,Connective tissue
17725,14175,Connective tissue
17775,14175,Connective tissue
17825,14175,Connective tissue
17875,14175,Connective tissue
17925,14175,Connective tissue
17975,14175,Connective tissue
18025,14175,Connective tissue
18075,14175,Connective tissue
18125,14175,Connective tissue
18175,14175,Connective tissue
18225,14175,Connective tissue
18275,14175,Connective tissue
18325,14175,Connective tissue
18375,14175,Connective tissue
18425,14175,Connective tissue
18475,14175,Connective tissue
18525,14175,Connective tissue
18575,14175,Connective tissue
18625,14175,Connective tissue
18675,14175,Connective tissue
18725,14175,Connective tissue
18775,14175,Connective tissue
18825,14175,Connective tissue
18875,14175,Connective tissue
18925,14175,Connective tissue
18975,14175,Connective tissue
19025,14175,Connective tissue
19075,14175,Connective tissue
19125,14175,Connective tissue
19175,14175,Connective tissue
19225,14175,Connective tissue
19275,14175,Connective tissue
19325,14175,Connective tissue
19375,14175,Connective tissue
19425,14175,Connective tissue
19475,14175,Connective tissue
19525,14175,Connective tissue
19575,14175,Connective tissue
19625,14175,Connective tissue
19675,14175,Connective tissue
19725,14175,Connective tissue
19775,14175,Connective tissue
19825,14175,Connective tissue
19875,14175,Connective tissue
19925,14175,Connective tissue
19975,14175,Connective tissue
20025,14175,Connective tissue
20075,14175,Connective tissue
20125,14175,Connective tissue
20175,14175,Connective tissue
20225,14175,Connective tissue
20275,14175,Connective tissue
20325,14175,Connective tissue
20375,14175,Cavity
20425,14175,Heart
20475,14175,Connective tissue
20525,14175,Connective tissue
20575,14175,Connective tissue
20625,14175,Meninges
20675,14175,Connective tissue
20725,14175,Connective tissue
20775,14175,Connective tissue
20825,14175,Heart
20875,14175,Heart
20925,14175,Connective tissue
20975,14175,Heart
21025,14175,Heart
21075,14175,Heart
21125,14175,Heart
21175,14175,Heart
21225,14175,Heart
21275,14175,Heart
21325,14175,Connective tissue
21375,14175,Connective tissue
21425,14175,Connective tissue
21475,14175,Connective tissue
21525,14175,Connective tissue
21575,14175,Cavity
21625,14175,Cavity
21675,14175,Cavity
21725,14175,Cavity
21775,14175,Cavity
21825,14175,Cavity
21875,14175,Heart
21925,14175,Heart
21975,14175,Heart
22025,14175,Cavity
22075,14175,Cavity
22125,14175,Cavity
22175,14175,Connective tissue
22225,14175,Cavity
22275,14175,Cavity
22325,14175,Cavity
22375,14175,Cavity
22425,14175,Blood vessel
22475,14175,Connective tissue
22525,14175,Connective tissue
22575,14175,Connective tissue
22625,14175,Connective tissue
22675,14175,Connective tissue
22725,14175,Lung
22775,14175,Lung
22825,14175,Connective tissue
22875,14175,Connective tissue
22925,14175,Lung
22975,14175,Lung
23025,14175,Connective tissue
23075,14175,Connective tissue
23125,14175,Connective tissue
23175,14175,Connective tissue
23225,14175,Lung
23275,14175,Lung
23325,14175,Lung
23375,14175,Lung
23425,14175,Connective tissue
23475,14175,Connective tissue
23525,14175,Lung
23575,14175,Lung
23625,14175,Lung
23675,14175,Lung
23725,14175,Lung
23775,14175,Lung
23825,14175,Lung
23875,14175,Lung
23925,14175,Lung
23975,14175,Connective tissue
24025,14175,Cartilage
24075,14175,Connective tissue
24125,14175,Connective tissue
24175,14175,Connective tissue
24225,14175,Connective tissue
24275,14175,Muscle
24325,14175,Muscle
24375,14175,Muscle
24425,14175,Muscle
24475,14175,Muscle
24525,14175,Muscle
24575,14175,Muscle
24625,14175,Muscle
24675,14175,Muscle
24725,14175,Muscle
24775,14175,Muscle
24825,14175,Muscle
24875,14175,Muscle
24925,14175,Muscle
24975,14175,Connective tissue
15025,14225,Muscle
15075,14225,Muscle
15125,14225,Muscle
15175,14225,Muscle
15225,14225,Muscle
15275,14225,Muscle
15325,14225,Muscle
15375,14225,Muscle
15425,14225,Muscle
15475,14225,Muscle
15525,14225,Muscle
15575,14225,Muscle
15625,14225,Muscle
15675,14225,Muscle
15725,14225,Connective tissue
15775,14225,Connective tissue
15825,14225,Connective tissue
15875,14225,Connective tissue
15925,14225,Connective tissue
15975,14225,Connective tissue
16025,14225,Connective tissue
16075,14225,Connective tissue
16125,14225,Connective tissue
16175,14225,Connective tissue
16225,14225,Connective tissue
16275,14225,Connective tissue
16325,14225,Connective tissue
16375,14225,Connective tissue
16425,14225,Connective tissue
16475,14225,Connective tissue
16525,14225,Connective tissue
16575,14225,Connective tissue
16625,14225,Connective tissue
16675,14225,Connective tissue
16725,14225,Connective tissue
16775,14225,Connective tissue
16825,14225,Connective tissue
16875,14225,Connective tissue
16925,14225,Connective tissue
16975,14225,Connective tissue
17025,14225,Connective tissue
17075,14225,Connective tissue
17125,14225,Connective tissue
17175,14225,Connective tissue
17225,14225,Connective tissue
17275,14225,Connective tissue
17325,14225,Connective tissue
17375,14225,Connective tissue
17425,14225,Connective tissue
17475,14225,Connective tissue
17525,14225,Connective tissue
17575,14225,Connective tissue
17625,14225,Connective tissue
17675,14225,Connective tissue
17725,14225,Meninges
17775,14225,Brain
17825,14225,Connective tissue
17875,14225,Connective tissue
17925,14225,Connective tissue
17975,14225,Connective tissue
18025,14225,Connective tissue
18075,14225,Connective tissue
18125,14225,Connective tissue
18175,14225,Connective tissue
18225,14225,Connective tissue
18275,14225,Connective tissue
18325,14225,Connective tissue
18375,14225,Connective tissue
18425,14225,Connective tissue
18475,14225,Connective tissue
18525,14225,Connective tissue
18575,14225,Connective tissue
18625,14225,Connective tissue
18675,14225,Connective tissue
18725,14225,Connective tissue
18775,14225,Connective tissue
18825,14225,Connective tissue
18875,14225,Connective tissue
18925,14225,Connective tissue
18975,14225,Connective tissue
19025,14225,Connective tissue
19075,14225,Connective tissue
19125,14225,Connective tissue
19175,14225,Connective tissue
19225,14225,Connective tissue
19275,14225,Connective tissue
19325,14225,Connective tissue
19375,14225,Connective tissue
19425,14225,Connective tissue
19475,14225,Heart
19525,14225,Connective tissue
19575,14225,Connective tissue
19625,14225,Connective tissue
19675,14225,Heart
19725,14225,Heart
19775,14225,Heart
19825,14225,Heart
19875,14225,Heart
19925,14225,Heart
19975,14225,Connective tissue
20025,14225,Connective tissue
20075,14225,Connective tissue
20125,14225,Connective tissue
20175,14225,Connective tissue
20225,14225,Connective tissue
20275,14225,Connective tissue
20325,14225,Cavity
20375,14225,Cavity
20425,14225,Cavity
20475,14225,Connective tissue
20525,14225,Connective tissue
20575,14225,Connective tissue
20625,14225,Connective tissue
20675,14225,Connective tissue
20725,14225,Connective tissue
20775,14225,Heart
20825,14225,Connective tissue
20875,14225,Heart
20925,14225,Heart
20975,14225,Heart
21025,14225,Heart
21075,14225,Heart
21125,14225,Heart
21175,14225,Heart
21225,14225,Connective tissue
21275,14225,Heart
21325,14225,Cavity
21375,14225,Cavity
21425,14225,Cavity
21475,14225,Cavity
21525,14225,Heart
21575,14225,Heart
21625,14225,Heart
21675,14225,Heart
21725,14225,Heart
21775,14225,Heart
21825,14225,Heart
21875,14225,Heart
21925,14225,Heart
21975,14225,Heart
22025,14225,Heart
22075,14225,Heart
22125,14225,Heart
22175,14225,Heart
22225,14225,Heart
22275,14225,Heart
22325,14225,Heart
22375,14225,Cavity
22425,14225,Cavity
22475,14225,Heart
22525,14225,Blood vessel
22575,14225,Cavity
22625,14225,Connective tissue
22675,14225,Connective tissue
22725,14225,Connective tissue
22775,14225,Connective tissue
22825,14225,Connective tissue
22875,14225,Connective tissue
22925,14225,Connective tissue
22975,14225,Connective tissue
23025,14225,Connective tissue
23075,14225,Connective tissue
23125,14225,Connective tissue
23175,14225,Connective tissue
23225,14225,Connective tissue
23275,14225,Connective tissue
23325,14225,Connective tissue
23375,14225,Connective tissue
23425,14225,Connective tissue
23475,14225,Connective tissue
23525,14225,Connective tissue
23575,14225,Connective tissue
23625,14225,Lung
23675,14225,Lung
23725,14225,Lung
23775,14225,Lung
23825,14225,Lung
23875,14225,Connective tissue
23925,14225,Connective tissue
23975,14225,Connective tissue
24025,14225,Connective tissue
24075,14225,Connective tissue
24125,14225,Connective tissue
24175,14225,Connective tissue
24225,14225,Muscle
24275,14225,Muscle
24325,14225,Muscle
24375,14225,Muscle
24425,14225,Muscle
24475,14225,Muscle
24525,14225,Muscle
24575,14225,Muscle
24625,14225,Muscle
24675,14225,Muscle
24725,14225,Muscle
24775,14225,Muscle
24825,14225,Muscle
24875,14225,Connective tissue
24925,14225,Connective tissue
24975,14225,Liver
15025,14275,Connective tissue
15075,14275,Connective tissue
15125,14275,Muscle
15175,14275,Muscle
15225,14275,Muscle
15275,14275,Muscle
15325,14275,Muscle
15375,14275,Muscle
15425,14275,Muscle
15475,14275,Muscle
15525,14275,Muscle
15575,14275,Muscle
15625,14275,Muscle
15675,14275,Muscle
15725,14275,Connective tissue
15775,14275,Connective tissue
15825,14275,Connective tissue
15875,14275,Connective tissue
15925,14275,Connective tissue
15975,14275,Connective tissue
16025,14275,Connective tissue
16075,14275,Connective tissue
16125,14275,Connective tissue
16175,14275,Connective tissue
16225,14275,Connective tissue
16275,14275,Connective tissue
16325,14275,Connective tissue
16375,14275,Connective tissue
16425,14275,Connective tissue
16475,14275,Connective tissue
16525,14275,Connective tissue
16575,14275,Connective tissue
16625,14275,Connective tissue
16675,14275,Connective tissue
16725,14275,Connective tissue
16775,14275,Connective tissue
16825,14275,Connective tissue
16875,14275,Connective tissue
16925,14275,Connective tissue
16975,14275,Connective tissue
17025,14275,Connective tissue
17075,14275,Connective tissue
17125,14275,Connective tissue
17175,14275,Connective tissue
17225,14275,Connective tissue
17275,14275,Connective tissue
17325,14275,Connective tissue
17375,14275,Connective tissue
17425,14275,Connective tissue
17475,14275,Connective tissue
17525,14275,Connective tissue
17575,14275,Connective tissue
17625,14275,Connective tissue
17675,14275,Connective tissue
17725,14275,Connective tissue
17775,14275,Connective tissue
17825,14275,Connective tissue
17875,14275,Connective tissue
17925,14275,Connective tissue
17975,14275,Connective tissue
18025,14275,Connective tissue
18075,14275,Connective tissue
18125,14275,Connective tissue
18175,14275,Connective tissue
18225,14275,Connective tissue
18275,14275,Connective tissue
18325,14275,Connective tissue
18375,14275,Connective tissue
18425,14275,Connective tissue
18475,14275,Connective tissue
18525,14275,Connective tissue
18575,14275,Connective tissue
18625,14275,Connective tissue
18675,14275,Connective tissue
18725,14275,Connective tissue
18775,14275,Connective tissue
18825,14275,Connective tissue
18875,14275,Connective tissue
18925,14275,Connective tissue
18975,14275,Connective tissue
19025,14275,Connective tissue
19075,14275,Connective tissue
19125,14275,Connective tissue
19175,14275,Connective tissue
19225,14275,Connective tissue
19275,14275,Connective tissue
19325,14275,Connective tissue
19375,14275,Connective tissue
19425,14275,Connective tissue
19475,14275,Heart
19525,14275,Heart
19575,14275,Heart
19625,14275,Heart
19675,14275,Connective tissue
19725,14275,Connective tissue
19775,14275,Connective tissue
19825,14275,Connective tissue
19875,14275,Connective tissue
19925,14275,Connective tissue
19975,14275,Heart
20025,14275,Connective tissue
20075,14275,Heart
20125,14275,Connective tissue
20175,14275,Connective tissue
20225,14275,Connective tissue
20275,14275,Cavity
20325,14275,Cavity
20375,14275,Cavity
20425,14275,Connective tissue
20475,14275,Connective tissue
20525,14275,Connective tissue
20575,14275,Connective tissue
20625,14275,Connective tissue
20675,14275,Connective tissue
20725,14275,Heart
20775,14275,Heart
20825,14275,Heart
20875,14275,Heart
20925,14275,Heart
20975,14275,Heart
21025,14275,Heart
21075,14275,Heart
21125,14275,Heart
21175,14275,Heart
21225,14275,Connective tissue
21275,14275,Heart
21325,14275,Heart
21375,14275,Heart
21425,14275,Heart
21475,14275,Heart
21525,14275,Heart
21575,14275,Heart
21625,14275,Heart
21675,14275,Heart
21725,14275,Heart
21775,14275,Heart
21825,14275,Heart
21875,14275,Heart
21925,14275,Heart
21975,14275,Heart
22025,14275,Heart
22075,14275,Heart
22125,14275,Heart
22175,14275,Heart
22225,14275,Heart
22275,14275,Heart
22325,14275,Heart
22375,14275,Cavity
22425,14275,Blood vessel
22475,14275,Heart
22525,14275,Blood vessel
22575,14275,Cavity
22625,14275,Blood vessel
22675,14275,Blood vessel
22725,14275,Blood vessel
22775,14275,Blood vessel
22825,14275,Blood vessel
22875,14275,Cavity
22925,14275,Blood vessel
22975,14275,Connective tissue
23025,14275,Connective tissue
23075,14275,Connective tissue
23125,14275,Connective tissue
23175,14275,Connective tissue
23225,14275,Connective tissue
23275,14275,Connective tissue
23325,14275,Connective tissue
23375,14275,Connective tissue
23425,14275,Connective tissue
23475,14275,Connective tissue
23525,14275,Connective tissue
23575,14275,Connective tissue
23625,14275,Connective tissue
23675,14275,Connective tissue
23725,14275,Connective tissue
23775,14275,Connective tissue
23825,14275,Connective tissue
23875,14275,Connective tissue
23925,14275,Connective tissue
23975,14275,Connective tissue
24025,14275,Connective tissue
24075,14275,Connective tissue
24125,14275,Connective tissue
24175,14275,Muscle
24225,14275,Muscle
24275,14275,Muscle
24325,14275,Muscle
24375,14275,Muscle
24425,14275,Muscle
24475,14275,Muscle
24525,14275,Muscle
24575,14275,Muscle
24625,14275,Muscle
24675,14275,Muscle
24725,14275,Connective tissue
24775,14275,Connective tissue
24825,14275,Connective tissue
24875,14275,Liver
24925,14275,Liver
24975,14275,Liver
15025,14325,Connective tissue
15075,14325,Muscle
15125,14325,Muscle
15175,14325,Muscle
15225,14325,Muscle
15275,14325,Muscle
15325,14325,Muscle
15375,14325,Muscle
15425,14325,Muscle
15475,14325,Muscle
15525,14325,Muscle
15575,14325,Muscle
15625,14325,Muscle
15675,14325,Connective tissue
15725,14325,Connective tissue
15775,14325,Connective tissue
15825,14325,Connective tissue
15875,14325,Connective tissue
15925,14325,Connective tissue
15975,14325,Connective tissue
16025,14325,Connective tissue
16075,14325,Connective tissue
16125,14325,Connective tissue
16175,14325,Connective tissue
16225,14325,Connective tissue
16275,14325,Connective tissue
16325,14325,Connective tissue
16375,14325,Connective tissue
16425,14325,Connective tissue
16475,14325,Connective tissue
16525,14325,Connective tissue
16575,14325,Connective tissue
16625,14325,Connective tissue
16675,14325,Connective tissue
16725,14325,Connective tissue
16775,14325,Connective tissue
16825,14325,Connective tissue
16875,14325,Connective tissue
16925,14325,Connective tissue
16975,14325,Connective tissue
17025,14325,Connective tissue
17075,14325,Connective tissue
17125,14325,Connective tissue
17175,14325,Connective tissue
17225,14325,Connective tissue
17275,14325,Connective tissue
17325,14325,Connective tissue
17375,14325,Connective tissue
17425,14325,Connective tissue
17475,14325,Connective tissue
17525,14325,Connective tissue
17575,14325,Connective tissue
17625,14325,Connective tissue
17675,14325,Connective tissue
17725,14325,Connective tissue
17775,14325,Connective tissue
17825,14325,Connective tissue
17875,14325,Connective tissue
17925,14325,Connective tissue
17975,14325,Connective tissue
18025,14325,Connective tissue
18075,14325,Connective tissue
18125,14325,Connective tissue
18175,14325,Connective tissue
18225,14325,Connective tissue
18275,14325,Connective tissue
18325,14325,Connective tissue
18375,14325,Connective tissue
18425,14325,Connective tissue
18475,14325,Connective tissue
18525,14325,Connective tissue
18575,14325,Connective tissue
18625,14325,Connective tissue
18675,14325,Connective tissue
18725,14325,Connective tissue
18775,14325,Connective tissue
18825,14325,Connective tissue
18875,14325,Connective tissue
18925,14325,Connective tissue
18975,14325,Connective tissue
19025,14325,Connective tissue
19075,14325,Connective tissue
19125,14325,Connective tissue
19175,14325,Connective tissue
19225,14325,Connective tissue
19275,14325,Connective tissue
19325,14325,Connective tissue
19375,14325,Connective tissue
19425,14325,Connective tissue
19475,14325,Heart
19525,14325,Connective tissue
19575,14325,Heart
19625,14325,Heart
19675,14325,Heart
19725,14325,Connective tissue
19775,14325,Connective tissue
19825,14325,Connective tissue
19875,14325,Connective tissue
19925,14325,Meninges
19975,14325,Connective tissue
20025,14325,Connective tissue
20075,14325,Connective tissue
20125,14325,Connective tissue
20175,14325,Connective tissue
20225,14325,Connective tissue
20275,14325,Cavity
20325,14325,Cavity
20375,14325,Connective tissue
20425,14325,Connective tissue
20475,14325,Connective tissue
20525,14325,Connective tissue
20575,14325,Connective tissue
20625,14325,Heart
20675,14325,Heart
20725,14325,Heart
20775,14325,Heart
20825,14325,Heart
20875,14325,Heart
20925,14325,Heart
20975,14325,Heart
21025,14325,Heart
21075,14325,Heart
21125,14325,Heart
21175,14325,Heart
21225,14325,Heart
21275,14325,Heart
21325,14325,Heart
21375,14325,Heart
21425,14325,Heart
21475,14325,Heart
21525,14325,Heart
21575,14325,Heart
21625,14325,Heart
21675,14325,Heart
21725,14325,Heart
21775,14325,Heart
21825,14325,Heart
21875,14325,Heart
21925,14325,Heart
21975,14325,Heart
22025,14325,Heart
22075,14325,Heart
22125,14325,Heart
22175,14325,Heart
22225,14325,Heart
22275,14325,Heart
22325,14325,Heart
22375,14325,Heart
22425,14325,Heart
22475,14325,Blood vessel
22525,14325,Blood vessel
22575,14325,Blood vessel
22625,14325,Blood vessel
22675,14325,Blood vessel
22725,14325,Blood vessel
22775,14325,Blood vessel
22825,14325,Blood vessel
22875,14325,Blood vessel
22925,14325,Blood vessel
22975,14325,Blood vessel
23025,14325,Blood vessel
23075,14325,Blood vessel
23125,14325,Blood vessel
23175,14325,Blood vessel
23225,14325,Blood vessel
23275,14325,Blood vessel
23325,14325,Blood vessel
23375,14325,Blood vessel
23425,14325,Blood vessel
23475,14325,Blood vessel
23525,14325,Connective tissue
23575,14325,Connective tissue
23625,14325,Connective tissue
23675,14325,Connective tissue
23725,14325,Connective tissue
23775,14325,Connective tissue
23825,14325,Connective tissue
23875,14325,Connective tissue
23925,14325,Connective tissue
23975,14325,Connective tissue
24025,14325,Connective tissue
24075,14325,Connective tissue
24125,14325,Connective tissue
24175,14325,Muscle
24225,14325,Muscle
24275,14325,Muscle
24325,14325,Muscle
24375,14325,Connective tissue
24425,14325,Muscle
24475,14325,Muscle
24525,14325,Connective tissue
24575,14325,Connective tissue
24625,14325,Connective tissue
24675,14325,Liver
24725,14325,Liver
24775,14325,Liver
24825,14325,Liver
24875,14325,Liver
24925,14325,Liver
24975,14325,Liver
15025,14375,Connective tissue
15075,14375,Muscle
15125,14375,Muscle
15175,14375,Muscle
15225,14375,Muscle
15275,14375,Muscle
15325,14375,Muscle
15375,14375,Muscle
15425,14375,Muscle
15475,14375,Muscle
15525,14375,Muscle
15575,14375,Connective tissue
15625,14375,Connective tissue
15675,14375,Connective tissue
15725,14375,Connective tissue
15775,14375,Connective tissue
15825,14375,Connective tissue
15875,14375,Connective tissue
15925,14375,Connective tissue
15975,14375,Connective tissue
16025,14375,Connective tissue
16075,14375,Connective tissue
16125,14375,Connective tissue
16175,14375,Connective tissue
16225,14375,Connective tissue
16275,14375,Connective tissue
16325,14375,Connective tissue
16375,14375,Connective tissue
16425,14375,Connective tissue
16475,14375,Connective tissue
16525,14375,Connective tissue
16575,14375,Connective tissue
16625,14375,Connective tissue
16675,14375,Connective tissue
16725,14375,Connective tissue
16775,14375,Connective tissue
16825,14375,Connective tissue
16875,14375,Connective tissue
16925,14375,Connective tissue
16975,14375,Connective tissue
17025,14375,Connective tissue
17075,14375,Connective tissue
17125,14375,Connective tissue
17175,14375,Connective tissue
17225,14375,Connective tissue
17275,14375,Connective tissue
17325,14375,Connective tissue
17375,14375,Connective tissue
17425,14375,Connective tissue
17475,14375,Connective tissue
17525,14375,Connective tissue
17575,14375,Connective tissue
17625,14375,Connective tissue
17675,14375,Connective tissue
17725,14375,Connective tissue
17775,14375,Connective tissue
17825,14375,Connective tissue
17875,14375,Connective tissue
17925,14375,Connective tissue
17975,14375,Connective tissue
18025,14375,Connective tissue
18075,14375,Connective tissue
18125,14375,Connective tissue
18175,14375,Connective tissue
18225,14375,Connective tissue
18275,14375,Connective tissue
18325,14375,Connective tissue
18375,14375,Connective tissue
18425,14375,Connective tissue
18475,14375,Connective tissue
18525,14375,Connective tissue
18575,14375,Connective tissue
18625,14375,Connective tissue
18675,14375,Connective tissue
18725,14375,Connective tissue
18775,14375,Connective tissue
18825,14375,Connective tissue
18875,14375,Connective tissue
18925,14375,Connective tissue
18975,14375,Connective tissue
19025,14375,Connective tissue
19075,14375,Connective tissue
19125,14375,Connective tissue
19175,14375,Connective tissue
19225,14375,Connective tissue
19275,14375,Connective tissue
19325,14375,Connective tissue
19375,14375,Connective tissue
19425,14375,Connective tissue
19475,14375,Heart
19525,14375,Heart
19575,14375,Heart
19625,14375,Connective tissue
19675,14375,Connective tissue
19725,14375,Connective tissue
19775,14375,Connective tissue
19825,14375,Connective tissue
19875,14375,Connective tissue
19925,14375,Connective tissue
19975,14375,Meninges
20025,14375,Connective tissue
20075,14375,Connective tissue
20125,14375,Connective tissue
20175,14375,Connective tissue
20225,14375,Connective tissue
20275,14375,Connective tissue
20325,14375,Connective tissue
20375,14375,Connective tissue
20425,14375,Lung
20475,14375,Connective tissue
20525,14375,Heart
20575,14375,Heart
20625,14375,Heart
20675,14375,Heart
20725,14375,Heart
20775,14375,Heart
20825,14375,Heart
20875,14375,Heart
20925,14375,Heart
20975,14375,Heart
21025,14375,Heart
21075,14375,Heart
21125,14375,Heart
21175,14375,Heart
21225,14375,Heart
21275,14375,Heart
21325,14375,Heart
21375,14375,Heart
21425,14375,Heart
21475,14375,Heart
21525,14375,Heart
21575,14375,Heart
21625,14375,Heart
21675,14375,Heart
21725,14375,Heart
21775,14375,Heart
21825,14375,Heart
21875,14375,Heart
21925,14375,Heart
21975,14375,Heart
22025,14375,Heart
22075,14375,Heart
22125,14375,Heart
22175,14375,Heart
22225,14375,Heart
22275,14375,Blood vessel
22325,14375,Heart
22375,14375,Heart
22425,14375,Heart
22475,14375,Heart
22525,14375,Blood vessel
22575,14375,Blood vessel
22625,14375,Blood vessel
22675,14375,Heart
22725,14375,Blood vessel
22775,14375,Blood vessel
22825,14375,Blood vessel
22875,14375,Blood vessel
22925,14375,Blood vessel
22975,14375,Blood vessel
23025,14375,Blood vessel
23075,14375,Blood vessel
23125,14375,Blood vessel
23175,14375,Blood vessel
23225,14375,Blood vessel
23275,14375,Blood vessel
23325,14375,Blood vessel
23375,14375,Blood vessel
23425,14375,Blood vessel
23475,14375,Blood vessel
23525,14375,Blood vessel
23575,14375,Blood vessel
23625,14375,Blood vessel
23675,14375,Blood vessel
23725,14375,Blood vessel
23775,14375,Blood vessel
23825,14375,Blood vessel
23875,14375,Connective tissue
23925,14375,Connective tissue
23975,14375,Connective tissue
24025,14375,Connective tissue
24075,14375,Connective tissue
24125,14375,Connective tissue
24175,14375,Muscle
24225,14375,Muscle
24275,14375,Connective tissue
24325,14375,Connective tissue
24375,14375,Connective tissue
24425,14375,Connective tissue
24475,14375,Connective tissue
24525,14375,Connective tissue
24575,14375,Connective tissue
24625,14375,Liver
24675,14375,Liver
24725,14375,Liver
24775,14375,Liver
24825,14375,Liver
24875,14375,Liver
24925,14375,Liver
24975,14375,Liver
15025,14425,Muscle
15075,14425,Muscle
15125,14425,Muscle
15175,14425,Muscle
15225,14425,Muscle
15275,14425,Muscle
15325,14425,Muscle
15375,14425,Muscle
15425,14425,Muscle
15475,14425,Muscle
15525,14425,Connective tissue
15575,14425,Connective tissue
15625,14425,Connective tissue
15675,14425,Connective tissue
15725,14425,Connective tissue
15775,14425,Connective tissue
15825,14425,Connective tissue
15875,14425,Connective tissue
15925,14425,Connective tissue
15975,14425,Connective tissue
16025,14425,Connective tissue
16075,14425,Connective tissue
16125,14425,Connective tissue
16175,14425,Connective tissue
16225,14425,Connective tissue
16275,14425,Connective tissue
16325,14425,Connective tissue
16375,14425,Connective tissue
16425,14425,Connective tissue
16475,14425,Connective tissue
16525,14425,Connective tissue
16575,14425,Connective tissue
16625,14425,Connective tissue
16675,14425,Connective tissue
16725,14425,Connective tissue
16775,14425,Connective tissue
16825,14425,Connective tissue
16875,14425,Connective tissue
16925,14425,Connective tissue
16975,14425,Connective tissue
17025,14425,Connective tissue
17075,14425,Connective tissue
17125,14425,Connective tissue
17175,14425,Connective tissue
17225,14425,Connective tissue
17275,14425,Connective tissue
17325,14425,Connective tissue
17375,14425,Connective tissue
17425,14425,Connective tissue
17475,14425,Connective tissue
17525,14425,Connective tissue
17575,14425,Connective tissue
17625,14425,Connective tissue
17675,14425,Connective tissue
17725,14425,Connective tissue
17775,14425,Connective tissue
17825,14425,Connective tissue
17875,14425,Connective tissue
17925,14425,Connective tissue
17975,14425,Connective tissue
18025,14425,Connective tissue
18075,14425,Connective tissue
18125,14425,Connective tissue
18175,14425,Connective tissue
18225,14425,Connective tissue
18275,14425,Connective tissue
18325,14425,Connective tissue
18375,14425,Connective tissue
18425,14425,Connective tissue
18475,14425,Connective tissue
18525,14425,Connective tissue
18575,14425,Connective tissue
18625,14425,Connective tissue
18675,14425,Connective tissue
18725,14425,Connective tissue
18775,14425,Connective tissue
18825,14425,Connective tissue
18875,14425,Connective tissue
18925,14425,Connective tissue
18975,14425,Connective tissue
19025,14425,Connective tissue
19075,14425,Connective tissue
19125,14425,Connective tissue
19175,14425,Connective tissue
19225,14425,Connective tissue
19275,14425,Connective tissue
19325,14425,Connective tissue
19375,14425,Connective tissue
19425,14425,Heart
19475,14425,Connective tissue
19525,14425,Heart
19575,14425,Heart
19625,14425,Heart
19675,14425,Heart
19725,14425,Connective tissue
19775,14425,Heart
19825,14425,Connective tissue
19875,14425,Connective tissue
19925,14425,Connective tissue
19975,14425,Connective tissue
20025,14425,Connective tissue
20075,14425,Connective tissue
20125,14425,Connective tissue
20175,14425,Connective tissue
20225,14425,Connective tissue
20275,14425,Connective tissue
20325,14425,Connective tissue
20375,14425,Connective tissue
20425,14425,Connective tissue
20475,14425,Heart
20525,14425,Heart
20575,14425,Heart
20625,14425,Heart
20675,14425,Heart
20725,14425,Heart
20775,14425,Heart
20825,14425,Heart
20875,14425,Heart
20925,14425,Heart
20975,14425,Heart
21025,14425,Heart
21075,14425,Heart
21125,14425,Heart
21175,14425,Heart
21225,14425,Heart
21275,14425,Heart
21325,14425,Heart
21375,14425,Heart
21425,14425,Heart
21475,14425,Heart
21525,14425,Heart
21575,14425,Heart
21625,14425,Heart
21675,14425,Heart
21725,14425,Heart
21775,14425,Heart
21825,14425,Heart
21875,14425,Heart
21925,14425,Heart
21975,14425,Heart
22025,14425,Heart
22075,14425,Heart
22125,14425,Heart
22175,14425,Heart
22225,14425,Heart
22275,14425,Heart
22325,14425,Heart
22375,14425,Heart
22425,14425,Heart
22475,14425,Heart
22525,14425,Heart
22575,14425,Blood vessel
22625,14425,Heart
22675,14425,Heart
22725,14425,Blood vessel
22775,14425,Blood vessel
22825,14425,Blood vessel
22875,14425,Blood vessel
22925,14425,Blood vessel
22975,14425,Blood vessel
23025,14425,Blood vessel
23075,14425,Blood vessel
23125,14425,Blood vessel
23175,14425,Blood vessel
23225,14425,Blood vessel
23275,14425,Blood vessel
23325,14425,Blood vessel
23375,14425,Blood vessel
23425,14425,Blood vessel
23475,14425,Blood vessel
23525,14425,Blood vessel
23575,14425,Blood vessel
23625,14425,Blood vessel
23675,14425,Blood vessel
23725,14425,Blood vessel
23775,14425,Blood vessel
23825,14425,Blood vessel
23875,14425,Blood vessel
23925,14425,Blood vessel
23975,14425,Blood vessel
24025,14425,Connective tissue
24075,14425,Connective tissue
24125,14425,Connective tissue
24175,14425,Connective tissue
24225,14425,Connective tissue
24275,14425,Connective tissue
24325,14425,Connective tissue
24375,14425,Connective tissue
24425,14425,Connective tissue
24475,14425,Connective tissue
24525,14425,Liver
24575,14425,Liver
24625,14425,Liver
24675,14425,Liver
24725,14425,Liver
24775,14425,Liver
24825,14425,Liver
24875,14425,Liver
24925,14425,Liver
24975,14425,Liver
15025,14475,Muscle
15075,14475,Muscle
15125,14475,Muscle
15175,14475,Muscle
15225,14475,Muscle
15275,14475,Muscle
15325,14475,Muscle
15375,14475,Muscle
15425,14475,Muscle
15475,14475,Connective tissue
15525,14475,Connective tissue
15575,14475,Connective tissue
15625,14475,Connective tissue
15675,14475,Connective tissue
15725,14475,Connective tissue
15775,14475,Connective tissue
15825,14475,Connective tissue
15875,14475,Connective tissue
15925,14475,Connective tissue
15975,14475,Connective tissue
16025,14475,Connective tissue
16075,14475,Connective tissue
16125,14475,Connective tissue
16175,14475,Connective tissue
16225,14475,Connective tissue
16275,14475,Connective tissue
16325,14475,Connective tissue
16375,14475,Connective tissue
16425,14475,Connective tissue
16475,14475,Connective tissue
16525,14475,Connective tissue
16575,14475,Connective tissue
16625,14475,Connective tissue
16675,14475,Connective tissue
16725,14475,Connective tissue
16775,14475,Connective tissue
16825,14475,Connective tissue
16875,14475,Connective tissue
16925,14475,Connective tissue
16975,14475,Connective tissue
17025,14475,Connective tissue
17075,14475,Connective tissue
17125,14475,Connective tissue
17175,14475,Connective tissue
17225,14475,Connective tissue
17275,14475,Connective tissue
17325,14475,Connective tissue
17375,14475,Connective tissue
17425,14475,Connective tissue
17475,14475,Connective tissue
17525,14475,Connective tissue
17575,14475,Connective tissue
17625,14475,Connective tissue
17675,14475,Connective tissue
17725,14475,Connective tissue
17775,14475,Connective tissue
17825,14475,Connective tissue
17875,14475,Connective tissue
17925,14475,Connective tissue
17975,14475,Connective tissue
18025,14475,Connective tissue
18075,14475,Connective tissue
18125,14475,Connective tissue
18175,14475,Connective tissue
18225,14475,Connective tissue
18275,14475,Connective tissue
18325,14475,Connective tissue
18375,14475,Connective tissue
18425,14475,Connective tissue
18475,14475,Connective tissue
18525,14475,Connective tissue
18575,14475,Connective tissue
18625,14475,Connective tissue
18675,14475,Connective tissue
18725,14475,Connective tissue
18775,14475,Connective tissue
18825,14475,Connective tissue
18875,14475,Connective tissue
18925,14475,Connective tissue
18975,14475,Connective tissue
19025,14475,Connective tissue
19075,14475,Connective tissue
19125,14475,Connective tissue
19175,14475,Connective tissue
19225,14475,Connective tissue
19275,14475,Connective tissue
19325,14475,Connective tissue
19375,14475,Connective tissue
19425,14475,Connective tissue
19475,14475,Connective tissue
19525,14475,Connective tissue
19575,14475,Connective tissue
19625,14475,Heart
19675,14475,Heart
19725,14475,Heart
19775,14475,Heart
19825,14475,Heart
19875,14475,Heart
19925,14475,Heart
19975,14475,Heart
20025,14475,Heart
20075,14475,Heart
20125,14475,Connective tissue
20175,14475,Connective tissue
20225,14475,Connective tissue
20275,14475,Connective tissue
20325,14475,Connective tissue
20375,14475,Connective tissue
20425,14475,Heart
20475,14475,Heart
20525,14475,Heart
20575,14475,Heart
20625,14475,Heart
20675,14475,Heart
20725,14475,Heart
20775,14475,Heart
20825,14475,Heart
20875,14475,Heart
20925,14475,Heart
20975,14475,Heart
21025,14475,Heart
21075,14475,Heart
21125,14475,Heart
21175,14475,Heart
21225,14475,Heart
21275,14475,Heart
21325,14475,Heart
21375,14475,Heart
21425,14475,Heart
21475,14475,Heart
21525,14475,Heart
21575,14475,Heart
21625,14475,Heart
21675,14475,Heart
21725,14475,Heart
21775,14475,Heart
21825,14475,Heart
21875,14475,Heart
21925,14475,Heart
21975,14475,Heart
22025,14475,Heart
22075,14475,Heart
22125,14475,Heart
22175,14475,Heart
22225,14475,Heart
22275,14475,Heart
22325,14475,Heart
22375,14475,Heart
22425,14475,Heart
22475,14475,Heart
22525,14475,Heart
22575,14475,Blood vessel
22625,14475,Blood vessel
22675,14475,Blood vessel
22725,14475,Blood vessel
22775,14475,Blood vessel
22825,14475,Blood vessel
22875,14475,Blood vessel
22925,14475,Blood vessel
22975,14475,Blood vessel
23025,14475,Blood vessel
23075,14475,Blood vessel
23125,14475,Blood vessel
23175,14475,Blood vessel
23225,14475,Blood vessel
23275,14475,Blood vessel
23325,14475,Blood vessel
23375,14475,Blood vessel
23425,14475,Blood vessel
23475,14475,Blood vessel
23525,14475,Blood vessel
23575,14475,Blood vessel
23625,14475,Blood vessel
23675,14475,Blood vessel
23725,14475,Blood vessel
23775,14475,Blood vessel
23825,14475,Blood vessel
23875,14475,Blood vessel
23925,14475,Blood vessel
23975,14475,Blood vessel
24025,14475,Blood vessel
24075,14475,Blood vessel
24125,14475,Connective tissue
24175,14475,Connective tissue
24225,14475,Connective tissue
24275,14475,Connective tissue
24325,14475,Connective tissue
24375,14475,Connective tissue
24425,14475,Connective tissue
24475,14475,Liver
24525,14475,Liver
24575,14475,Liver
24625,14475,Liver
24675,14475,Liver
24725,14475,Liver
24775,14475,Liver
24825,14475,Liver
24875,14475,Liver
24925,14475,Liver
24975,14475,Liver
15025,14525,Muscle
15075,14525,Muscle
15125,14525,Muscle
15175,14525,Muscle
15225,14525,Muscle
15275,14525,Connective tissue
15325,14525,Connective tissue
15375,14525,Connective tissue
15425,14525,Connective tissue
15475,14525,Connective tissue
15525,14525,Connective tissue
15575,14525,Connective tissue
15625,14525,Connective tissue
15675,14525,Connective tissue
15725,14525,Connective tissue
15775,14525,Connective tissue
15825,14525,Connective tissue
15875,14525,Connective tissue
15925,14525,Connective tissue
15975,14525,Connective tissue
16025,14525,Connective tissue
16075,14525,Connective tissue
16125,14525,Connective tissue
16175,14525,Connective tissue
16225,14525,Connective tissue
16275,14525,Connective tissue
16325,14525,Connective tissue
16375,14525,Connective tissue
16425,14525,Connective tissue
16475,14525,Connective tissue
16525,14525,Connective tissue
16575,14525,Connective tissue
16625,14525,Connective tissue
16675,14525,Connective tissue
16725,14525,Connective tissue
16775,14525,Connective tissue
16825,14525,Connective tissue
16875,14525,Connective tissue
16925,14525,Connective tissue
16975,14525,Connective tissue
17025,14525,Connective tissue
17075,14525,Brain
17125,14525,Connective tissue
17175,14525,Connective tissue
17225,14525,Connective tissue
17275,14525,Connective tissue
17325,14525,Connective tissue
17375,14525,Connective tissue
17425,14525,Connective tissue
17475,14525,Connective tissue
17525,14525,Connective tissue
17575,14525,Connective tissue
17625,14525,Connective tissue
17675,14525,Connective tissue
17725,14525,Connective tissue
17775,14525,Connective tissue
17825,14525,Connective tissue
17875,14525,Connective tissue
17925,14525,Connective tissue
17975,14525,Connective tissue
18025,14525,Connective tissue
18075,14525,Connective tissue
18125,14525,Connective tissue
18175,14525,Connective tissue
18225,14525,Connective tissue
18275,14525,Connective tissue
18325,14525,Connective tissue
18375,14525,Connective tissue
18425,14525,Connective tissue
18475,14525,Connective tissue
18525,14525,Connective tissue
18575,14525,Connective tissue
18625,14525,Connective tissue
18675,14525,Connective tissue
18725,14525,Connective tissue
18775,14525,Connective tissue
18825,14525,Connective tissue
18875,14525,Connective tissue
18925,14525,Connective tissue
18975,14525,Connective tissue
19025,14525,Connective tissue
19075,14525,Connective tissue
19125,14525,Connective tissue
19175,14525,Connective tissue
19225,14525,Connective tissue
19275,14525,Connective tissue
19325,14525,Heart
19375,14525,Connective tissue
19425,14525,Connective tissue
19475,14525,Connective tissue
19525,14525,Connective tissue
19575,14525,Connective tissue
19625,14525,Connective tissue
19675,14525,Connective tissue
19725,14525,Connective tissue
19775,14525,Connective tissue
19825,14525,Heart
19875,14525,Heart
19925,14525,Heart
19975,14525,Heart
20025,14525,Heart
20075,14525,Heart
20125,14525,Connective tissue
20175,14525,Connective tissue
20225,14525,Connective tissue
20275,14525,Connective tissue
20325,14525,Heart
20375,14525,Heart
20425,14525,Heart
20475,14525,Heart
20525,14525,Heart
20575,14525,Heart
20625,14525,Heart
20675,14525,Heart
20725,14525,Heart
20775,14525,Heart
20825,14525,Heart
20875,14525,Heart
20925,14525,Heart
20975,14525,Heart
21025,14525,Heart
21075,14525,Heart
21125,14525,Heart
21175,14525,Heart
21225,14525,Heart
21275,14525,Heart
21325,14525,Heart
21375,14525,Heart
21425,14525,Heart
21475,14525,Heart
21525,14525,Heart
21575,14525,Heart
21625,14525,Heart
21675,14525,Heart
21725,14525,Heart
21775,14525,Heart
21825,14525,Heart
21875,14525,Heart
21925,14525,Heart
21975,14525,Heart
22025,14525,Heart
22075,14525,Heart
22125,14525,Heart
22175,14525,Blood vessel
22225,14525,Heart
22275,14525,Heart
22325,14525,Heart
22375,14525,Heart
22425,14525,Heart
22475,14525,Heart
22525,14525,Blood vessel
22575,14525,Blood vessel
22625,14525,Heart
22675,14525,Blood vessel
22725,14525,Blood vessel
22775,14525,Blood vessel
22825,14525,Blood vessel
22875,14525,Blood vessel
22925,14525,Blood vessel
22975,14525,Blood vessel
23025,14525,Blood vessel
23075,14525,Blood vessel
23125,14525,Blood vessel
23175,14525,Blood vessel
23225,14525,Blood vessel
23275,14525,Blood vessel
23325,14525,Blood vessel
23375,14525,Blood vessel
23425,14525,Blood vessel
23475,14525,Blood vessel
23525,14525,Blood vessel
23575,14525,Blood vessel
23625,14525,Blood vessel
23675,14525,Blood vessel
23725,14525,Blood vessel
23775,14525,Blood vessel
23825,14525,Blood vessel
23875,14525,Blood vessel
23925,14525,Blood vessel
23975,14525,Blood vessel
24025,14525,Blood vessel
24075,14525,Blood vessel
24125,14525,Blood vessel
24175,14525,Blood vessel
24225,14525,Blood vessel
24275,14525,Connective tissue
24325,14525,Connective tissue
24375,14525,Liver
24425,14525,Liver
24475,14525,Liver
24525,14525,Liver
24575,14525,Liver
24625,14525,Liver
24675,14525,Liver
24725,14525,Liver
24775,14525,Liver
24825,14525,Liver
24875,14525,Liver
24925,14525,Liver
24975,14525,Liver
15025,14575,Muscle
15075,14575,Connective tissue
15125,14575,Connective tissue
15175,14575,Connective tissue
15225,14575,Connective tissue
15275,14575,Connective tissue
15325,14575,Connective tissue
15375,14575,Connective tissue
15425,14575,Connective tissue
15475,14575,Connective tissue
15525,14575,Connective tissue
15575,14575,Connective tissue
15625,14575,Connective tissue
15675,14575,Connective tissue
15725,14575,Connective tissue
15775,14575,Connective tissue
15825,14575,Connective tissue
15875,14575,Connective tissue
15925,14575,Connective tissue
15975,14575,Connective tissue
16025,14575,Connective tissue
16075,14575,Connective tissue
16125,14575,Connective tissue
16175,14575,Connective tissue
16225,14575,Connective tissue
16275,14575,Connective tissue
16325,14575,Connective tissue
16375,14575,Connective tissue
16425,14575,Connective tissue
16475,14575,Connective tissue
16525,14575,Connective tissue
16575,14575,Connective tissue
16625,14575,Connective tissue
16675,14575,Connective tissue
16725,14575,Connective tissue
16775,14575,Connective tissue
16825,14575,Connective tissue
16875,14575,Connective tissue
16925,14575,Connective tissue
16975,14575,Connective tissue
17025,14575,Brain
17075,14575,Brain
17125,14575,Connective tissue
17175,14575,Connective tissue
17225,14575,Connective tissue
17275,14575,Connective tissue
17325,14575,Connective tissue
17375,14575,Connective tissue
17425,14575,Connective tissue
17475,14575,Connective tissue
17525,14575,Connective tissue
17575,14575,Connective tissue
17625,14575,Connective tissue
17675,14575,Connective tissue
17725,14575,Connective tissue
17775,14575,Connective tissue
17825,14575,Connective tissue
17875,14575,Connective tissue
17925,14575,Connective tissue
17975,14575,Connective tissue
18025,14575,Connective tissue
18075,14575,Connective tissue
18125,14575,Connective tissue
18175,14575,Connective tissue
18225,14575,Connective tissue
18275,14575,Connective tissue
18325,14575,Connective tissue
18375,14575,Connective tissue
18425,14575,Connective tissue
18475,14575,Connective tissue
18525,14575,Connective tissue
18575,14575,Connective tissue
18625,14575,Connective tissue
18675,14575,Connective tissue
18725,14575,Connective tissue
18775,14575,Connective tissue
18825,14575,Connective tissue
18875,14575,Connective tissue
18925,14575,Connective tissue
18975,14575,Connective tissue
19025,14575,Connective tissue
19075,14575,Connective tissue
19125,14575,Connective tissue
19175,14575,Connective tissue
19225,14575,Heart
19275,14575,Heart
19325,14575,Heart
19375,14575,Heart
19425,14575,Connective tissue
19475,14575,Connective tissue
19525,14575,Connective tissue
19575,14575,Connective tissue
19625,14575,Connective tissue
19675,14575,Connective tissue
19725,14575,Connective tissue
19775,14575,Connective tissue
19825,14575,Heart
19875,14575,Heart
19925,14575,Heart
19975,14575,Heart
20025,14575,Heart
20075,14575,Heart
20125,14575,Heart
20175,14575,Spinal cord
20225,14575,Heart
20275,14575,Heart
20325,14575,Heart
20375,14575,Heart
20425,14575,Heart
20475,14575,Heart
20525,14575,Heart
20575,14575,Heart
20625,14575,Heart
20675,14575,Heart
20725,14575,Heart
20775,14575,Heart
20825,14575,Heart
20875,14575,Heart
20925,14575,Heart
20975,14575,Heart
21025,14575,Heart
21075,14575,Heart
21125,14575,Heart
21175,14575,Heart
21225,14575,Heart
21275,14575,Heart
21325,14575,Heart
21375,14575,Heart
21425,14575,Heart
21475,14575,Heart
21525,14575,Heart
21575,14575,Heart
21625,14575,Heart
21675,14575,Heart
21725,14575,Heart
21775,14575,Heart
21825,14575,Heart
21875,14575,Heart
21925,14575,Heart
21975,14575,Heart
22025,14575,Heart
22075,14575,Heart
22125,14575,Heart
22175,14575,Heart
22225,14575,Cavity
22275,14575,Heart
22325,14575,Heart
22375,14575,Heart
22425,14575,Heart
22475,14575,Heart
22525,14575,Heart
22575,14575,Heart
22625,14575,Heart
22675,14575,Blood vessel
22725,14575,Blood vessel
22775,14575,Blood vessel
22825,14575,Blood vessel
22875,14575,Blood vessel
22925,14575,Blood vessel
22975,14575,Blood vessel
23025,14575,Blood vessel
23075,14575,Blood vessel
23125,14575,Blood vessel
23175,14575,Blood vessel
23225,14575,Blood vessel
23275,14575,Blood vessel
23325,14575,Blood vessel
23375,14575,Blood vessel
23425,14575,Blood vessel
23475,14575,Blood vessel
23525,14575,Blood vessel
23575,14575,Blood vessel
23625,14575,Blood vessel
23675,14575,Blood vessel
23725,14575,Blood vessel
23775,14575,Blood vessel
23825,14575,Blood vessel
23875,14575,Blood vessel
23925,14575,Blood vessel
23975,14575,Blood vessel
24025,14575,Blood vessel
24075,14575,Blood vessel
24125,14575,Blood vessel
24175,14575,Blood vessel
24225,14575,Blood vessel
24275,14575,Liver
24325,14575,Liver
24375,14575,Liver
24425,14575,Liver
24475,14575,Liver
24525,14575,Liver
24575,14575,Liver
24625,14575,Liver
24675,14575,Liver
24725,14575,Liver
24775,14575,Liver
24825,14575,Liver
24875,14575,Liver
24925,14575,Liver
24975,14575,Liver
15025,14625,Connective tissue
15075,14625,Connective tissue
15125,14625,Connective tissue
15175,14625,Connective tissue
15225,14625,Connective tissue
15275,14625,Connective tissue
15325,14625,Connective tissue
15375,14625,Connective tissue
15425,14625,Connective tissue
15475,14625,Connective tissue
15525,14625,Connective tissue
15575,14625,Connective tissue
15625,14625,Connective tissue
15675,14625,Connective tissue
15725,14625,Connective tissue
15775,14625,Connective tissue
15825,14625,Connective tissue
15875,14625,Connective tissue
15925,14625,Connective tissue
15975,14625,Connective tissue
16025,14625,Connective tissue
16075,14625,Connective tissue
16125,14625,Connective tissue
16175,14625,Connective tissue
16225,14625,Connective tissue
16275,14625,Connective tissue
16325,14625,Connective tissue
16375,14625,Connective tissue
16425,14625,Connective tissue
16475,14625,Connective tissue
16525,14625,Connective tissue
16575,14625,Connective tissue
16625,14625,Connective tissue
16675,14625,Connective tissue
16725,14625,Connective tissue
16775,14625,Connective tissue
16825,14625,Connective tissue
16875,14625,Connective tissue
16925,14625,Connective tissue
16975,14625,Connective tissue
17025,14625,Connective tissue
17075,14625,Connective tissue
17125,14625,Connective tissue
17175,14625,Connective tissue
17225,14625,Connective tissue
17275,14625,Connective tissue
17325,14625,Connective tissue
17375,14625,Connective tissue
17425,14625,Connective tissue
17475,14625,Thymus
17525,14625,Thymus
17575,14625,Thymus
17625,14625,Thymus
17675,14625,Kidney
17725,14625,Connective tissue
17775,14625,Connective tissue
17825,14625,Connective tissue
17875,14625,Connective tissue
17925,14625,Connective tissue
17975,14625,Connective tissue
18025,14625,Connective tissue
18075,14625,Connective tissue
18125,14625,Connective tissue
18175,14625,Connective tissue
18225,14625,Connective tissue
18275,14625,Connective tissue
18325,14625,Connective tissue
18375,14625,Connective tissue
18425,14625,Connective tissue
18475,14625,Connective tissue
18525,14625,Connective tissue
18575,14625,Connective tissue
18625,14625,Connective tissue
18675,14625,Connective tissue
18725,14625,Connective tissue
18775,14625,Connective tissue
18825,14625,Connective tissue
18875,14625,Connective tissue
18925,14625,Connective tissue
18975,14625,Connective tissue
19025,14625,Connective tissue
19075,14625,Connective tissue
19125,14625,Connective tissue
19175,14625,Heart
19225,14625,Heart
19275,14625,Heart
19325,14625,Heart
19375,14625,Meninges
19425,14625,Meninges
19475,14625,Meninges
19525,14625,Meninges
19575,14625,Meninges
19625,14625,Connective tissue
19675,14625,Heart
19725,14625,Heart
19775,14625,Connective tissue
19825,14625,Heart
19875,14625,Heart
19925,14625,Heart
19975,14625,Heart
20025,14625,Heart
20075,14625,Heart
20125,14625,Heart
20175,14625,Connective tissue
20225,14625,Heart
20275,14625,Heart
20325,14625,Heart
20375,14625,Heart
20425,14625,Heart
20475,14625,Heart
20525,14625,Heart
20575,14625,Heart
20625,14625,Heart
20675,14625,Heart
20725,14625,Heart
20775,14625,Heart
20825,14625,Heart
20875,14625,Heart
20925,14625,Heart
20975,14625,Heart
21025,14625,Heart
21075,14625,Heart
21125,14625,Heart
21175,14625,Heart
21225,14625,Heart
21275,14625,Heart
21325,14625,Heart
21375,14625,Heart
21425,14625,Heart
21475,14625,Heart
21525,14625,Heart
21575,14625,Heart
21625,14625,Heart
21675,14625,Heart
21725,14625,Heart
21775,14625,Heart
21825,14625,Heart
21875,14625,Heart
21925,14625,Heart
21975,14625,Heart
22025,14625,Heart
22075,14625,Heart
22125,14625,Heart
22175,14625,Heart
22225,14625,Heart
22275,14625,Heart
22325,14625,Heart
22375,14625,Heart
22425,14625,Heart
22475,14625,Heart
22525,14625,Heart
22575,14625,Heart
22625,14625,Blood vessel
22675,14625,Blood vessel
22725,14625,Blood vessel
22775,14625,Blood vessel
22825,14625,Blood vessel
22875,14625,Blood vessel
22925,14625,Blood vessel
22975,14625,Blood vessel
23025,14625,Blood vessel
23075,14625,Blood vessel
23125,14625,Blood vessel
23175,14625,Blood vessel
23225,14625,Blood vessel
23275,14625,Blood vessel
23325,14625,Blood vessel
23375,14625,Blood vessel
23425,14625,Blood vessel
23475,14625,Blood vessel
23525,14625,Blood vessel
23575,14625,Blood vessel
23625,14625,Blood vessel
23675,14625,Blood vessel
23725,14625,Blood vessel
23775,14625,Blood vessel
23825,14625,Blood vessel
23875,14625,Blood vessel
23925,14625,Blood vessel
23975,14625,Blood vessel
24025,14625,Blood vessel
24075,14625,Blood vessel
24125,14625,Blood vessel
24175,14625,Blood vessel
24225,14625,Blood vessel
24275,14625,Blood vessel
24325,14625,Blood vessel
24375,14625,Blood vessel
24425,14625,Liver
24475,14625,Liver
24525,14625,Liver
24575,14625,Liver
24625,14625,Liver
24675,14625,Liver
24725,14625,Liver
24775,14625,Liver
24825,14625,Liver
24875,14625,Liver
24925,14625,Liver
24975,14625,Liver
15025,14675,Connective tissue
15075,14675,Connective tissue
15125,14675,Connective tissue
15175,14675,Connective tissue
15225,14675,Connective tissue
15275,14675,Connective tissue
15325,14675,Connective tissue
15375,14675,Connective tissue
15425,14675,Connective tissue
15475,14675,Connective tissue
15525,14675,Connective tissue
15575,14675,Connective tissue
15625,14675,Connective tissue
15675,14675,Connective tissue
15725,14675,Connective tissue
15775,14675,Connective tissue
15825,14675,Connective tissue
15875,14675,Connective tissue
15925,14675,Connective tissue
15975,14675,Connective tissue
16025,14675,Connective tissue
16075,14675,Connective tissue
16125,14675,Connective tissue
16175,14675,Connective tissue
16225,14675,Connective tissue
16275,14675,Connective tissue
16325,14675,Connective tissue
16375,14675,Connective tissue
16425,14675,Connective tissue
16475,14675,Connective tissue
16525,14675,Connective tissue
16575,14675,Connective tissue
16625,14675,Connective tissue
16675,14675,Connective tissue
16725,14675,Connective tissue
16775,14675,Connective tissue
16825,14675,Connective tissue
16875,14675,Connective tissue
16925,14675,Connective tissue
16975,14675,Connective tissue
17025,14675,Connective tissue
17075,14675,Connective tissue
17125,14675,Connective tissue
17175,14675,Connective tissue
17225,14675,Connective tissue
17275,14675,Connective tissue
17325,14675,Kidney
17375,14675,Thymus
17425,14675,Thymus
17475,14675,Thymus
17525,14675,Thymus
17575,14675,Thymus
17625,14675,Thymus
17675,14675,Thymus
17725,14675,Thymus
17775,14675,Thymus
17825,14675,Thymus
17875,14675,Connective tissue
17925,14675,Connective tissue
17975,14675,Connective tissue
18025,14675,Connective tissue
18075,14675,Connective tissue
18125,14675,Connective tissue
18175,14675,Connective tissue
18225,14675,Connective tissue
18275,14675,Connective tissue
18325,14675,Connective tissue
18375,14675,Connective tissue
18425,14675,Connective tissue
18475,14675,Connective tissue
18525,14675,Connective tissue
18575,14675,Connective tissue
18625,14675,Connective tissue
18675,14675,Connective tissue
18725,14675,Connective tissue
18775,14675,Connective tissue
18825,14675,Connective tissue
18875,14675,Connective tissue
18925,14675,Connective tissue
18975,14675,Connective tissue
19025,14675,Connective tissue
19075,14675,Connective tissue
19125,14675,Connective tissue
19175,14675,Connective tissue
19225,14675,Heart
19275,14675,Heart
19325,14675,Heart
19375,14675,Meninges
19425,14675,Meninges
19475,14675,Meninges
19525,14675,Meninges
19575,14675,Meninges
19625,14675,Heart
19675,14675,Heart
19725,14675,Heart
19775,14675,Heart
19825,14675,Connective tissue
19875,14675,Heart
19925,14675,Heart
19975,14675,Heart
20025,14675,Heart
20075,14675,Heart
20125,14675,Heart
20175,14675,Heart
20225,14675,Heart
20275,14675,Heart
20325,14675,Heart
20375,14675,Heart
20425,14675,Heart
20475,14675,Heart
20525,14675,Heart
20575,14675,Heart
20625,14675,Heart
20675,14675,Heart
20725,14675,Heart
20775,14675,Heart
20825,14675,Heart
20875,14675,Heart
20925,14675,Heart
20975,14675,Heart
21025,14675,Heart
21075,14675,Heart
21125,14675,Heart
21175,14675,Heart
21225,14675,Heart
21275,14675,Heart
21325,14675,Heart
21375,14675,Heart
21425,14675,Heart
21475,14675,Heart
21525,14675,Heart
21575,14675,Heart
21625,14675,Heart
21675,14675,Heart
21725,14675,Cavity
21775,14675,Cavity
21825,14675,Heart
21875,14675,Heart
21925,14675,Heart
21975,14675,Heart
22025,14675,Heart
22075,14675,Heart
22125,14675,Heart
22175,14675,Heart
22225,14675,Heart
22275,14675,Heart
22325,14675,Heart
22375,14675,Heart
22425,14675,Heart
22475,14675,Blood vessel
22525,14675,Heart
22575,14675,Blood vessel
22625,14675,Blood vessel
22675,14675,Blood vessel
22725,14675,Blood vessel
22775,14675,Blood vessel
22825,14675,Blood vessel
22875,14675,Blood vessel
22925,14675,Blood vessel
22975,14675,Blood vessel
23025,14675,Blood vessel
23075,14675,Blood vessel
23125,14675,Blood vessel
23175,14675,Blood vessel
23225,14675,Blood vessel
23275,14675,Blood vessel
23325,14675,Blood vessel
23375,14675,Blood vessel
23425,14675,Blood vessel
23475,14675,Blood vessel
23525,14675,Blood vessel
23575,14675,Blood vessel
23625,14675,Blood vessel
23675,14675,Blood vessel
23725,14675,Blood vessel
23775,14675,Blood vessel
23825,14675,Blood vessel
23875,14675,Blood vessel
23925,14675,Blood vessel
23975,14675,Blood vessel
24025,14675,Blood vessel
24075,14675,Blood vessel
24125,14675,Blood vessel
24175,14675,Blood vessel
24225,14675,Blood vessel
24275,14675,Blood vessel
24325,14675,Blood vessel
24375,14675,Blood vessel
24425,14675,Blood vessel
24475,14675,Liver
24525,14675,Liver
24575,14675,Liver
24625,14675,Liver
24675,14675,Liver
24725,14675,Liver
24775,14675,Liver
24825,14675,Liver
24875,14675,Liver
24925,14675,Liver
24975,14675,Liver
15025,14725,Connective tissue
15075,14725,Connective tissue
15125,14725,Connective tissue
15175,14725,Connective tissue
15225,14725,Connective tissue
15275,14725,Connective tissue
15325,14725,Connective tissue
15375,14725,Connective tissue
15425,14725,Connective tissue
15475,14725,Connective tissue
15525,14725,Connective tissue
15575,14725,Connective tissue
15625,14725,Connective tissue
15675,14725,Connective tissue
15725,14725,Connective tissue
15775,14725,Connective tissue
15825,14725,Connective tissue
15875,14725,Connective tissue
15925,14725,Connective tissue
15975,14725,Connective tissue
16025,14725,Connective tissue
16075,14725,Connective tissue
16125,14725,Connective tissue
16175,14725,Connective tissue
16225,14725,Connective tissue
16275,14725,Connective tissue
16325,14725,Connective tissue
16375,14725,Connective tissue
16425,14725,Connective tissue
16475,14725,Connective tissue
16525,14725,Connective tissue
16575,14725,Connective tissue
16625,14725,Connective tissue
16675,14725,Connective tissue
16725,14725,Connective tissue
16775,14725,Connective tissue
16825,14725,Connective tissue
16875,14725,Connective tissue
16925,14725,Connective tissue
16975,14725,Connective tissue
17025,14725,Connective tissue
17075,14725,Connective tissue
17125,14725,Connective tissue
17175,14725,Connective tissue
17225,14725,Thymus
17275,14725,Thymus
17325,14725,Thymus
17375,14725,Thymus
17425,14725,Thymus
17475,14725,Thymus
17525,14725,Thymus
17575,14725,Thymus
17625,14725,Thymus
17675,14725,Thymus
17725,14725,Thymus
17775,14725,Thymus
17825,14725,Thymus
17875,14725,Thymus
17925,14725,Thymus
17975,14725,Kidney
18025,14725,Connective tissue
18075,14725,Connective tissue
18125,14725,Connective tissue
18175,14725,Connective tissue
18225,14725,Connective tissue
18275,14725,Connective tissue
18325,14725,Connective tissue
18375,14725,Connective tissue
18425,14725,Connective tissue
18475,14725,Connective tissue
18525,14725,Connective tissue
18575,14725,Connective tissue
18625,14725,Connective tissue
18675,14725,Connective tissue
18725,14725,Connective tissue
18775,14725,Connective tissue
18825,14725,Connective tissue
18875,14725,Connective tissue
18925,14725,Connective tissue
18975,14725,Connective tissue
19025,14725,Connective tissue
19075,14725,Connective tissue
19125,14725,Connective tissue
19175,14725,Connective tissue
19225,14725,Connective tissue
19275,14725,Connective tissue
19325,14725,Connective tissue
19375,14725,Connective tissue
19425,14725,Meninges
19475,14725,Meninges
19525,14725,Meninges
19575,14725,Heart
19625,14725,Heart
19675,14725,Meninges
19725,14725,Heart
19775,14725,Heart
19825,14725,Meninges
19875,14725,Heart
19925,14725,Heart
19975,14725,Heart
20025,14725,Heart
20075,14725,Heart
20125,14725,Heart
20175,14725,Heart
20225,14725,Heart
20275,14725,Heart
20325,14725,Heart
20375,14725,Heart
20425,14725,Heart
20475,14725,Heart
20525,14725,Heart
20575,14725,Heart
20625,14725,Heart
20675,14725,Heart
20725,14725,Heart
20775,14725,Heart
20825,14725,Heart
20875,14725,Heart
20925,14725,Heart
20975,14725,Heart
21025,14725,Heart
21075,14725,Heart
21125,14725,Heart
21175,14725,Heart
21225,14725,Heart
21275,14725,Heart
21325,14725,Heart
21375,14725,Heart
21425,14725,Heart
21475,14725,Heart
21525,14725,Heart
21575,14725,Heart
21625,14725,Connective tissue
21675,14725,Connective tissue
21725,14725,Connective tissue
21775,14725,Connective tissue
21825,14725,Cavity
21875,14725,Heart
21925,14725,Heart
21975,14725,Heart
22025,14725,Heart
22075,14725,Heart
22125,14725,Heart
22175,14725,Heart
22225,14725,Heart
22275,14725,Heart
22325,14725,Heart
22375,14725,Blood vessel
22425,14725,Blood vessel
22475,14725,Blood vessel
22525,14725,Blood vessel
22575,14725,Blood vessel
22625,14725,Blood vessel
22675,14725,Blood vessel
22725,14725,Blood vessel
22775,14725,Blood vessel
22825,14725,Blood vessel
22875,14725,Blood vessel
22925,14725,Blood vessel
22975,14725,Blood vessel
23025,14725,Blood vessel
23075,14725,Blood vessel
23125,14725,Blood vessel
23175,14725,Blood vessel
23225,14725,Blood vessel
23275,14725,Blood vessel
23325,14725,Blood vessel
23375,14725,Blood vessel
23425,14725,Blood vessel
23475,14725,Blood vessel
23525,14725,Blood vessel
23575,14725,Blood vessel
23625,14725,Blood vessel
23675,14725,Blood vessel
23725,14725,Blood vessel
23775,14725,Blood vessel
23825,14725,Blood vessel
23875,14725,Blood vessel
23925,14725,Blood vessel
23975,14725,Blood vessel
24025,14725,Blood vessel
24075,14725,Blood vessel
24125,14725,Blood vessel
24175,14725,Blood vessel
24225,14725,Blood vessel
24275,14725,Blood vessel
24325,14725,Blood vessel
24375,14725,Blood vessel
24425,14725,Blood vessel
24475,14725,Blood vessel
24525,14725,Liver
24575,14725,Liver
24625,14725,Liver
24675,14725,Liver
24725,14725,Liver
24775,14725,Liver
24825,14725,Liver
24875,14725,Liver
24925,14725,Liver
24975,14725,Liver
15025,14775,Connective tissue
15075,14775,Connective tissue
15125,14775,Connective tissue
15175,14775,Connective tissue
15225,14775,Connective tissue
15275,14775,Connective tissue
15325,14775,Connective tissue
15375,14775,Connective tissue
15425,14775,Connective tissue
15475,14775,Connective tissue
15525,14775,Connective tissue
15575,14775,Connective tissue
15625,14775,Connective tissue
15675,14775,Connective tissue
15725,14775,Connective tissue
15775,14775,Connective tissue
15825,14775,Connective tissue
15875,14775,Connective tissue
15925,14775,Connective tissue
15975,14775,Connective tissue
16025,14775,Connective tissue
16075,14775,Meninges
16125,14775,Connective tissue
16175,14775,Connective tissue
16225,14775,Connective tissue
16275,14775,Connective tissue
16325,14775,Connective tissue
16375,14775,Connective tissue
16425,14775,Connective tissue
16475,14775,Connective tissue
16525,14775,Connective tissue
16575,14775,Connective tissue
16625,14775,Connective tissue
16675,14775,Connective tissue
16725,14775,Connective tissue
16775,14775,Connective tissue
16825,14775,Connective tissue
16875,14775,Connective tissue
16925,14775,Connective tissue
16975,14775,Connective tissue
17025,14775,Connective tissue
17075,14775,Connective tissue
17125,14775,Connective tissue
17175,14775,Kidney
17225,14775,Thymus
17275,14775,Thymus
17325,14775,Thymus
17375,14775,Thymus
17425,14775,Thymus
17475,14775,Thymus
17525,14775,Thymus
17575,14775,Thymus
17625,14775,Thymus
17675,14775,Thymus
17725,14775,Thymus
17775,14775,Thymus
17825,14775,Thymus
17875,14775,Thymus
17925,14775,Thymus
17975,14775,Thymus
18025,14775,Thymus
18075,14775,Thymus
18125,14775,Kidney
18175,14775,Connective tissue
18225,14775,Connective tissue
18275,14775,Connective tissue
18325,14775,Connective tissue
18375,14775,Connective tissue
18425,14775,Connective tissue
18475,14775,Connective tissue
18525,14775,Connective tissue
18575,14775,Connective tissue
18625,14775,Connective tissue
18675,14775,Connective tissue
18725,14775,Connective tissue
18775,14775,Connective tissue
18825,14775,Connective tissue
18875,14775,Connective tissue
18925,14775,Connective tissue
18975,14775,Heart
19025,14775,Connective tissue
19075,14775,Connective tissue
19125,14775,Connective tissue
19175,14775,Connective tissue
19225,14775,Connective tissue
19275,14775,Connective tissue
19325,14775,Connective tissue
19375,14775,Connective tissue
19425,14775,Connective tissue
19475,14775,Heart
19525,14775,Heart
19575,14775,Heart
19625,14775,Heart
19675,14775,Meninges
19725,14775,Heart
19775,14775,Heart
19825,14775,Heart
19875,14775,Connective tissue
19925,14775,Connective tissue
19975,14775,Heart
20025,14775,Heart
20075,14775,Heart
20125,14775,Heart
20175,14775,Heart
20225,14775,Heart
20275,14775,Heart
20325,14775,Heart
20375,14775,Heart
20425,14775,Heart
20475,14775,Heart
20525,14775,Heart
20575,14775,Heart
20625,14775,Heart
20675,14775,Heart
20725,14775,Heart
20775,14775,Heart
20825,14775,Heart
20875,14775,Heart
20925,14775,Heart
20975,14775,Heart
21025,14775,Heart
21075,14775,Heart
21125,14775,Heart
21175,14775,Heart
21225,14775,Heart
21275,14775,Heart
21325,14775,Heart
21375,14775,Heart
21425,14775,Heart
21475,14775,Heart
21525,14775,Heart
21575,14775,Heart
21625,14775,Heart
21675,14775,Heart
21725,14775,Heart
21775,14775,Heart
21825,14775,Heart
21875,14775,Connective tissue
21925,14775,Cavity
21975,14775,Heart
22025,14775,Heart
22075,14775,Heart
22125,14775,Heart
22175,14775,Heart
22225,14775,Heart
22275,14775,Heart
22325,14775,Blood vessel
22375,14775,Blood vessel
22425,14775,Blood vessel
22475,14775,Heart
22525,14775,Blood vessel
22575,14775,Blood vessel
22625,14775,Blood vessel
22675,14775,Blood vessel
22725,14775,Blood vessel
22775,14775,Blood vessel
22825,14775,Blood vessel
22875,14775,Blood vessel
22925,14775,Blood vessel
22975,14775,Blood vessel
23025,14775,Blood vessel
23075,14775,Blood vessel
23125,14775,Blood vessel
23175,14775,Blood vessel
23225,14775,Blood vessel
23275,14775,Blood vessel
23325,14775,Blood vessel
23375,14775,Blood vessel
23425,14775,Blood vessel
23475,14775,Blood vessel
23525,14775,Blood vessel
23575,14775,Blood vessel
23625,14775,Blood vessel
23675,14775,Blood vessel
23725,14775,Blood vessel
23775,14775,Blood vessel
23825,14775,Blood vessel
23875,14775,Blood vessel
23925,14775,Blood vessel
23975,14775,Blood vessel
24025,14775,Blood vessel
24075,14775,Blood vessel
24125,14775,Blood vessel
24175,14775,Blood vessel
24225,14775,Blood vessel
24275,14775,Blood vessel
24325,14775,Blood vessel
24375,14775,Blood vessel
24425,14775,Blood vessel
24475,14775,Blood vessel
24525,14775,Blood vessel
24575,14775,Blood vessel
24625,14775,Blood vessel
24675,14775,Liver
24725,14775,Liver
24775,14775,Liver
24825,14775,Liver
24875,14775,Liver
24925,14775,Liver
24975,14775,Liver
15025,14825,Connective tissue
15075,14825,Connective tissue
15125,14825,Connective tissue
15175,14825,Connective tissue
15225,14825,Connective tissue
15275,14825,Connective tissue
15325,14825,Connective tissue
15375,14825,Connective tissue
15425,14825,Connective tissue
15475,14825,Connective tissue
15525,14825,Connective tissue
15575,14825,Connective tissue
15625,14825,Connective tissue
15675,14825,Connective tissue
15725,14825,Connective tissue
15775,14825,Connective tissue
15825,14825,Connective tissue
15875,14825,Connective tissue
15925,14825,Connective tissue
15975,14825,Connective tissue
16025,14825,Connective tissue
16075,14825,Brain
16125,14825,Brain
16175,14825,Connective tissue
16225,14825,Connective tissue
16275,14825,Connective tissue
16325,14825,Connective tissue
16375,14825,Connective tissue
16425,14825,Connective tissue
16475,14825,Connective tissue
16525,14825,Connective tissue
16575,14825,Connective tissue
16625,14825,Connective tissue
16675,14825,Connective tissue
16725,14825,Connective tissue
16775,14825,Connective tissue
16825,14825,Connective tissue
16875,14825,Connective tissue
16925,14825,Connective tissue
16975,14825,Connective tissue
17025,14825,Connective tissue
17075,14825,Connective tissue
17125,14825,Connective tissue
17175,14825,Thymus
17225,14825,Thymus
17275,14825,Thymus
17325,14825,Thymus
17375,14825,Thymus
17425,14825,Thymus
17475,14825,Thymus
17525,14825,Thymus
17575,14825,Thymus
17625,14825,Thymus
17675,14825,Thymus
17725,14825,Thymus
17775,14825,Thymus
17825,14825,Thymus
17875,14825,Thymus
17925,14825,Thymus
17975,14825,Thymus
18025,14825,Thymus
18075,14825,Thymus
18125,14825,Thymus
18175,14825,Thymus
18225,14825,Thymus
18275,14825,Connective tissue
18325,14825,Connective tissue
18375,14825,Connective tissue
18425,14825,Connective tissue
18475,14825,Connective tissue
18525,14825,Connective tissue
18575,14825,Connective tissue
18625,14825,Connective tissue
18675,14825,Connective tissue
18725,14825,Connective tissue
18775,14825,Connective tissue
18825,14825,Connective tissue
18875,14825,Heart
18925,14825,Heart
18975,14825,Heart
19025,14825,Heart
19075,14825,Connective tissue
19125,14825,Connective tissue
19175,14825,Connective tissue
19225,14825,Connective tissue
19275,14825,Connective tissue
19325,14825,Connective tissue
19375,14825,Connective tissue
19425,14825,Connective tissue
19475,14825,Heart
19525,14825,Heart
19575,14825,Heart
19625,14825,Heart
19675,14825,Heart
19725,14825,Heart
19775,14825,Heart
19825,14825,Heart
19875,14825,Heart
19925,14825,Heart
19975,14825,Heart
20025,14825,Heart
20075,14825,Heart
20125,14825,Heart
20175,14825,Heart
20225,14825,Heart
20275,14825,Heart
20325,14825,Heart
20375,14825,Heart
20425,14825,Heart
20475,14825,Heart
20525,14825,Heart
20575,14825,Heart
20625,14825,Heart
20675,14825,Heart
20725,14825,Heart
20775,14825,Heart
20825,14825,Heart
20875,14825,Heart
20925,14825,Heart
20975,14825,Heart
21025,14825,Heart
21075,14825,Heart
21125,14825,Heart
21175,14825,Heart
21225,14825,Heart
21275,14825,Heart
21325,14825,Heart
21375,14825,Heart
21425,14825,Heart
21475,14825,Heart
21525,14825,Heart
21575,14825,Heart
21625,14825,Heart
21675,14825,Heart
21725,14825,Heart
21775,14825,Heart
21825,14825,Heart
21875,14825,Heart
21925,14825,Heart
21975,14825,Connective tissue
22025,14825,Cavity
22075,14825,Heart
22125,14825,Heart
22175,14825,Heart
22225,14825,Heart
22275,14825,Heart
22325,14825,Heart
22375,14825,Heart
22425,14825,Blood vessel
22475,14825,Blood vessel
22525,14825,Blood vessel
22575,14825,Blood vessel
22625,14825,Blood vessel
22675,14825,Blood vessel
22725,14825,Blood vessel
22775,14825,Cavity
22825,14825,Blood vessel
22875,14825,Blood vessel
22925,14825,Blood vessel
22975,14825,Blood vessel
23025,14825,Blood vessel
23075,14825,Blood vessel
23125,14825,Blood vessel
23175,14825,Blood vessel
23225,14825,Connective tissue
23275,14825,Blood vessel
23325,14825,Blood vessel
23375,14825,Blood vessel
23425,14825,Blood vessel
23475,14825,Blood vessel
23525,14825,Blood vessel
23575,14825,Blood vessel
23625,14825,Blood vessel
23675,14825,Blood vessel
23725,14825,Blood vessel
23775,14825,Blood vessel
23825,14825,Blood vessel
23875,14825,Blood vessel
23925,14825,Blood vessel
23975,14825,Blood vessel
24025,14825,Blood vessel
24075,14825,Blood vessel
24125,14825,Blood vessel
24175,14825,Blood vessel
24225,14825,Blood vessel
24275,14825,Blood vessel
24325,14825,Blood vessel
24375,14825,Blood vessel
24425,14825,Blood vessel
24475,14825,Blood vessel
24525,14825,Blood vessel
24575,14825,Blood vessel
24625,14825,Blood vessel
24675,14825,Blood vessel
24725,14825,Liver
24775,14825,Blood vessel
24825,14825,Liver
24875,14825,Liver
24925,14825,Liver
24975,14825,Liver
15025,14875,Connective tissue
15075,14875,Connective tissue
15125,14875,Connective tissue
15175,14875,Connective tissue
15225,14875,Connective tissue
15275,14875,Connective tissue
15325,14875,Connective tissue
15375,14875,Connective tissue
15425,14875,Connective tissue
15475,14875,Connective tissue
15525,14875,Connective tissue
15575,14875,Connective tissue
15625,14875,Connective tissue
15675,14875,Connective tissue
15725,14875,Connective tissue
15775,14875,Connective tissue
15825,14875,Connective tissue
15875,14875,Connective tissue
15925,14875,Connective tissue
15975,14875,Connective tissue
16025,14875,Connective tissue
16075,14875,Connective tissue
16125,14875,Connective tissue
16175,14875,Connective tissue
16225,14875,Connective tissue
16275,14875,Connective tissue
16325,14875,Connective tissue
16375,14875,Connective tissue
16425,14875,Connective tissue
16475,14875,Connective tissue
16525,14875,Connective tissue
16575,14875,Connective tissue
16625,14875,Kidney
16675,14875,Connective tissue
16725,14875,Connective tissue
16775,14875,Connective tissue
16825,14875,Connective tissue
16875,14875,Connective tissue
16925,14875,Connective tissue
16975,14875,Connective tissue
17025,14875,Connective tissue
17075,14875,Connective tissue
17125,14875,Thymus
17175,14875,Thymus
17225,14875,Thymus
17275,14875,Thymus
17325,14875,Thymus
17375,14875,Thymus
17425,14875,Thymus
17475,14875,Thymus
17525,14875,Thymus
17575,14875,Thymus
17625,14875,Thymus
17675,14875,Thymus
17725,14875,Thymus
17775,14875,Thymus
17825,14875,Thymus
17875,14875,Thymus
17925,14875,Thymus
17975,14875,Thymus
18025,14875,Thymus
18075,14875,Thymus
18125,14875,Thymus
18175,14875,Thymus
18225,14875,Thymus
18275,14875,Thymus
18325,14875,Connective tissue
18375,14875,Connective tissue
18425,14875,Connective tissue
18475,14875,Connective tissue
18525,14875,Connective tissue
18575,14875,Connective tissue
18625,14875,Connective tissue
18675,14875,Connective tissue
18725,14875,Connective tissue
18775,14875,Connective tissue
18825,14875,Connective tissue
18875,14875,Heart
18925,14875,Heart
18975,14875,Heart
19025,14875,Heart
19075,14875,Heart
19125,14875,Connective tissue
19175,14875,Connective tissue
19225,14875,Connective tissue
19275,14875,Connective tissue
19325,14875,Connective tissue
19375,14875,Connective tissue
19425,14875,Connective tissue
19475,14875,Heart
19525,14875,Heart
19575,14875,Heart
19625,14875,Heart
19675,14875,Heart
19725,14875,Heart
19775,14875,Heart
19825,14875,Heart
19875,14875,Heart
19925,14875,Heart
19975,14875,Connective tissue
20025,14875,Heart
20075,14875,Heart
20125,14875,Heart
20175,14875,Heart
20225,14875,Heart
20275,14875,Heart
20325,14875,Heart
20375,14875,Heart
20425,14875,Heart
20475,14875,Heart
20525,14875,Heart
20575,14875,Heart
20625,14875,Heart
20675,14875,Heart
20725,14875,Heart
20775,14875,Heart
20825,14875,Heart
20875,14875,Heart
20925,14875,Heart
20975,14875,Heart
21025,14875,Heart
21075,14875,Heart
21125,14875,Heart
21175,14875,Heart
21225,14875,Heart
21275,14875,Heart
21325,14875,Heart
21375,14875,Heart
21425,14875,Heart
21475,14875,Heart
21525,14875,Heart
21575,14875,Heart
21625,14875,Heart
21675,14875,Heart
21725,14875,Heart
21775,14875,Heart
21825,14875,Heart
21875,14875,Heart
21925,14875,Heart
21975,14875,Heart
22025,14875,Connective tissue
22075,14875,Cavity
22125,14875,Heart
22175,14875,Heart
22225,14875,Heart
22275,14875,Heart
22325,14875,Heart
22375,14875,Heart
22425,14875,Blood vessel
22475,14875,Blood vessel
22525,14875,Blood vessel
22575,14875,Blood vessel
22625,14875,Blood vessel
22675,14875,Blood vessel
22725,14875,Blood vessel
22775,14875,Blood vessel
22825,14875,Blood vessel
22875,14875,Blood vessel
22925,14875,Blood vessel
22975,14875,Blood vessel
23025,14875,Connective tissue
23075,14875,Connective tissue
23125,14875,Connective tissue
23175,14875,Connective tissue
23225,14875,Connective tissue
23275,14875,Connective tissue
23325,14875,Connective tissue
23375,14875,Connective tissue
23425,14875,Connective tissue
23475,14875,Connective tissue
23525,14875,Connective tissue
23575,14875,Liver
23625,14875,Blood vessel
23675,14875,Blood vessel
23725,14875,Blood vessel
23775,14875,Blood vessel
23825,14875,Blood vessel
23875,14875,Blood vessel
23925,14875,Blood vessel
23975,14875,Blood vessel
24025,14875,Blood vessel
24075,14875,Blood vessel
24125,14875,Blood vessel
24175,14875,Blood vessel
24225,14875,Blood vessel
24275,14875,Blood vessel
24325,14875,Blood vessel
24375,14875,Blood vessel
24425,14875,Blood vessel
24475,14875,Blood vessel
24525,14875,Blood vessel
24575,14875,Blood vessel
24625,14875,Blood vessel
24675,14875,Blood vessel
24725,14875,Blood vessel
24775,14875,Blood vessel
24825,14875,Blood vessel
24875,14875,Liver
24925,14875,Liver
24975,14875,Liver
15025,14925,Connective tissue
15075,14925,Connective tissue
15125,14925,Connective tissue
15175,14925,Connective tissue
15225,14925,Connective tissue
15275,14925,Connective tissue
15325,14925,Jaw and tooth
15375,14925,Brain
15425,14925,Connective tissue
15475,14925,Connective tissue
15525,14925,Connective tissue
15575,14925,Connective tissue
15625,14925,Muscle
15675,14925,Muscle
15725,14925,Muscle
15775,14925,Connective tissue
15825,14925,Connective tissue
15875,14925,Connective tissue
15925,14925,Connective tissue
15975,14925,Connective tissue
16025,14925,Connective tissue
16075,14925,Connective tissue
16125,14925,Connective tissue
16175,14925,Connective tissue
16225,14925,Connective tissue
16275,14925,Connective tissue
16325,14925,Connective tissue
16375,14925,Connective tissue
16425,14925,Kidney
16475,14925,Connective tissue
16525,14925,Connective tissue
16575,14925,Thymus
16625,14925,Thymus
16675,14925,Connective tissue
16725,14925,Connective tissue
16775,14925,Connective tissue
16825,14925,Connective tissue
16875,14925,Connective tissue
16925,14925,Connective tissue
16975,14925,Connective tissue
17025,14925,Connective tissue
17075,14925,Thymus
17125,14925,Thymus
17175,14925,Thymus
17225,14925,Thymus
17275,14925,Thymus
17325,14925,Thymus
17375,14925,Thymus
17425,14925,Thymus
17475,14925,Thymus
17525,14925,Thymus
17575,14925,Thymus
17625,14925,Thymus
17675,14925,Thymus
17725,14925,Thymus
17775,14925,Thymus
17825,14925,Thymus
17875,14925,Connective tissue
17925,14925,Thymus
17975,14925,Thymus
18025,14925,Thymus
18075,14925,Thymus
18125,14925,Thymus
18175,14925,Thymus
18225,14925,Thymus
18275,14925,Thymus
18325,14925,Thymus
18375,14925,Thymus
18425,14925,Connective tissue
18475,14925,Connective tissue
18525,14925,Connective tissue
18575,14925,Connective tissue
18625,14925,Connective tissue
18675,14925,Connective tissue
18725,14925,Connective tissue
18775,14925,Connective tissue
18825,14925,Heart
18875,14925,Heart
18925,14925,Heart
18975,14925,Heart
19025,14925,Heart
19075,14925,Heart
19125,14925,Connective tissue
19175,14925,Connective tissue
19225,14925,Connective tissue
19275,14925,Connective tissue
19325,14925,Connective tissue
19375,14925,Connective tissue
19425,14925,Connective tissue
19475,14925,Heart
19525,14925,Heart
19575,14925,Heart
19625,14925,Heart
19675,14925,Heart
19725,14925,Heart
19775,14925,Heart
19825,14925,Heart
19875,14925,Heart
19925,14925,Heart
19975,14925,Heart
20025,14925,Heart
20075,14925,Heart
20125,14925,Heart
20175,14925,Heart
20225,14925,Heart
20275,14925,Heart
20325,14925,Heart
20375,14925,Heart
20425,14925,Heart
20475,14925,Heart
20525,14925,Heart
20575,14925,Heart
20625,14925,Heart
20675,14925,Heart
20725,14925,Heart
20775,14925,Heart
20825,14925,Heart
20875,14925,Heart
20925,14925,Heart
20975,14925,Heart
21025,14925,Heart
21075,14925,Heart
21125,14925,Heart
21175,14925,Heart
21225,14925,Heart
21275,14925,Heart
21325,14925,Heart
21375,14925,Heart
21425,14925,Heart
21475,14925,Heart
21525,14925,Heart
21575,14925,Heart
21625,14925,Heart
21675,14925,Heart
21725,14925,Heart
21775,14925,Heart
21825,14925,Heart
21875,14925,Heart
21925,14925,Heart
21975,14925,Heart
22025,14925,Connective tissue
22075,14925,Connective tissue
22125,14925,Cavity
22175,14925,Heart
22225,14925,Heart
22275,14925,Heart
22325,14925,Heart
22375,14925,Blood vessel
22425,14925,Blood vessel
22475,14925,Heart
22525,14925,Blood vessel
22575,14925,Blood vessel
22625,14925,Blood vessel
22675,14925,Blood vessel
22725,14925,Blood vessel
22775,14925,Blood vessel
22825,14925,Blood vessel
22875,14925,Blood vessel
22925,14925,Connective tissue
22975,14925,Connective tissue
23025,14925,Connective tissue
23075,14925,Connective tissue
23125,14925,Connective tissue
23175,14925,Connective tissue
23225,14925,Connective tissue
23275,14925,Connective tissue
23325,14925,Connective tissue
23375,14925,Connective tissue
23425,14925,Connective tissue
23475,14925,Connective tissue
23525,14925,Connective tissue
23575,14925,Connective tissue
23625,14925,Liver
23675,14925,Liver
23725,14925,Blood vessel
23775,14925,Blood vessel
23825,14925,Blood vessel
23875,14925,Blood vessel
23925,14925,Blood vessel
23975,14925,Blood vessel
24025,14925,Blood vessel
24075,14925,Blood vessel
24125,14925,Blood vessel
24175,14925,Blood vessel
24225,14925,Blood vessel
24275,14925,Blood vessel
24325,14925,Blood vessel
24375,14925,Blood vessel
24425,14925,Blood vessel
24475,14925,Blood vessel
24525,14925,Blood vessel
24575,14925,Blood vessel
24625,14925,Liver
24675,14925,Blood vessel
24725,14925,Blood vessel
24775,14925,Blood vessel
24825,14925,Blood vessel
24875,14925,Liver
24925,14925,Liver
24975,14925,Liver
15025,14975,Connective tissue
15075,14975,Connective tissue
15125,14975,Connective tissue
15175,14975,Connective tissue
15225,14975,Muscle
15275,14975,Muscle
15325,14975,Muscle
15375,14975,Muscle
15425,14975,Connective tissue
15475,14975,Connective tissue
15525,14975,Muscle
15575,14975,Muscle
15625,14975,Muscle
15675,14975,Muscle
15725,14975,Muscle
15775,14975,Connective tissue
15825,14975,Connective tissue
15875,14975,Connective tissue
15925,14975,Connective tissue
15975,14975,Connective tissue
16025,14975,Connective tissue
16075,14975,Connective tissue
16125,14975,Connective tissue
16175,14975,Connective tissue
16225,14975,Connective tissue
16275,14975,Kidney
16325,14975,Kidney
16375,14975,Connective tissue
16425,14975,Connective tissue
16475,14975,Connective tissue
16525,14975,Connective tissue
16575,14975,Thymus
16625,14975,Thymus
16675,14975,Thymus
16725,14975,Connective tissue
16775,14975,Connective tissue
16825,14975,Connective tissue
16875,14975,Connective tissue
16925,14975,Connective tissue
16975,14975,Connective tissue
17025,14975,Kidney
17075,14975,Thymus
17125,14975,Thymus
17175,14975,Thymus
17225,14975,Thymus
17275,14975,Thymus
17325,14975,Thymus
17375,14975,Thymus
17425,14975,Thymus
17475,14975,Thymus
17525,14975,Thymus
17575,14975,Thymus
17625,14975,Thymus
17675,14975,Thymus
17725,14975,Thymus
17775,14975,Thymus
17825,14975,Thymus
17875,14975,Kidney
17925,14975,Thymus
17975,14975,Thymus
18025,14975,Thymus
18075,14975,Thymus
18125,14975,Thymus
18175,14975,Thymus
18225,14975,Thymus
18275,14975,Thymus
18325,14975,Thymus
18375,14975,Thymus
18425,14975,Thymus
18475,14975,Thymus
18525,14975,Thymus
18575,14975,Connective tissue
18625,14975,Connective tissue
18675,14975,Connective tissue
18725,14975,Connective tissue
18775,14975,Connective tissue
18825,14975,Heart
18875,14975,Heart
18925,14975,Heart
18975,14975,Heart
19025,14975,Heart
19075,14975,Heart
19125,14975,Connective tissue
19175,14975,Connective tissue
19225,14975,Connective tissue
19275,14975,Connective tissue
19325,14975,Connective tissue
19375,14975,Connective tissue
19425,14975,Connective tissue
19475,14975,Heart
19525,14975,Heart
19575,14975,Heart
19625,14975,Heart
19675,14975,Heart
19725,14975,Heart
19775,14975,Heart
19825,14975,Heart
19875,14975,Heart
19925,14975,Heart
19975,14975,Heart
20025,14975,Connective tissue
20075,14975,Heart
20125,14975,Heart
20175,14975,Heart
20225,14975,Heart
20275,14975,Heart
20325,14975,Heart
20375,14975,Heart
20425,14975,Heart
20475,14975,Heart
20525,14975,Heart
20575,14975,Heart
20625,14975,Heart
20675,14975,Heart
20725,14975,Heart
20775,14975,Heart
20825,14975,Heart
20875,14975,Heart
20925,14975,Heart
20975,14975,Heart
21025,14975,Heart
21075,14975,Heart
21125,14975,Heart
21175,14975,Heart
21225,14975,Heart
21275,14975,Heart
21325,14975,Heart
21375,14975,Heart
21425,14975,Heart
21475,14975,Heart
21525,14975,Heart
21575,14975,Heart
21625,14975,Heart
21675,14975,Heart
21725,14975,Heart
21775,14975,Heart
21825,14975,Heart
21875,14975,Heart
21925,14975,Heart
21975,14975,Heart
22025,14975,Heart
22075,14975,Heart
22125,14975,Connective tissue
22175,14975,Connective tissue
22225,14975,Blood vessel
22275,14975,Cavity
22325,14975,Cavity
22375,14975,Heart
22425,14975,Blood vessel
22475,14975,Blood vessel
22525,14975,Blood vessel
22575,14975,Blood vessel
22625,14975,Blood vessel
22675,14975,Blood vessel
22725,14975,Blood vessel
22775,14975,Blood vessel
22825,14975,Connective tissue
22875,14975,Connective tissue
22925,14975,Connective tissue
22975,14975,Connective tissue
23025,14975,Connective tissue
23075,14975,Connective tissue
23125,14975,Connective tissue
23175,14975,Connective tissue
23225,14975,Connective tissue
23275,14975,Connective tissue
23325,14975,Connective tissue
23375,14975,Connective tissue
23425,14975,Connective tissue
23475,14975,Connective tissue
23525,14975,Connective tissue
23575,14975,Connective tissue
23625,14975,Connective tissue
23675,14975,Connective tissue
23725,14975,Liver
23775,14975,Liver
23825,14975,Blood vessel
23875,14975,Blood vessel
23925,14975,Blood vessel
23975,14975,Blood vessel
24025,14975,Blood vessel
24075,14975,Blood vessel
24125,14975,Blood vessel
24175,14975,Blood vessel
24225,14975,Blood vessel
24275,14975,Blood vessel
24325,14975,Blood vessel
24375,14975,Blood vessel
24425,14975,Blood vessel
24475,14975,Blood vessel
24525,14975,Blood vessel
24575,14975,Blood vessel
24625,14975,Blood vessel
24675,14975,Blood vessel
24725,14975,Blood vessel
24775,14975,Blood vessel
24825,14975,Blood vessel
24875,14975,Blood vessel
24925,14975,Liver
24975,14975,Liver
15025,15025,Connective tissue
15075,15025,Connective tissue
15125,15025,Connective tissue
15175,15025,Kidney
15225,15025,Muscle
15275,15025,Muscle
15325,15025,Muscle
15375,15025,Muscle
15425,15025,Muscle
15475,15025,Muscle
15525,15025,Muscle
15575,15025,Muscle
15625,15025,Muscle
15675,15025,Muscle
15725,15025,Muscle
15775,15025,Connective tissue
15825,15025,Connective tissue
15875,15025,Connective tissue
15925,15025,Connective tissue
15975,15025,Connective tissue
16025,15025,Connective tissue
16075,15025,Kidney
16125,15025,Connective tissue
16175,15025,Connective tissue
16225,15025,Kidney
16275,15025,Kidney
16325,15025,Kidney
16375,15025,Kidney
16425,15025,Connective tissue
16475,15025,Kidney
16525,15025,Kidney
16575,15025,Kidney
16625,15025,Kidney
16675,15025,Kidney
16725,15025,Connective tissue
16775,15025,Connective tissue
16825,15025,Connective tissue
16875,15025,Connective tissue
16925,15025,Connective tissue
16975,15025,Connective tissue
17025,15025,Connective tissue
17075,15025,Thymus
17125,15025,Thymus
17175,15025,Thymus
17225,15025,Thymus
17275,15025,Thymus
17325,15025,Thymus
17375,15025,Thymus
17425,15025,Thymus
17475,15025,Thymus
17525,15025,Thymus
17575,15025,Thymus
17625,15025,Thymus
17675,15025,Thymus
17725,15025,Thymus
17775,15025,Thymus
17825,15025,Thymus
17875,15025,Thymus
17925,15025,Thymus
17975,15025,Thymus
18025,15025,Thymus
18075,15025,Thymus
18125,15025,Thymus
18175,15025,Thymus
18225,15025,Thymus
18275,15025,Thymus
18325,15025,Thymus
18375,15025,Thymus
18425,15025,Thymus
18475,15025,Thymus
18525,15025,Thymus
18575,15025,Thymus
18625,15025,Thymus
18675,15025,Connective tissue
18725,15025,Connective tissue
18775,15025,Connective tissue
18825,15025,Heart
18875,15025,Heart
18925,15025,Heart
18975,15025,Heart
19025,15025,Heart
19075,15025,Heart
19125,15025,Connective tissue
19175,15025,Connective tissue
19225,15025,Connective tissue
19275,15025,Connective tissue
19325,15025,Connective tissue
19375,15025,Connective tissue
19425,15025,Connective tissue
19475,15025,Heart
19525,15025,Heart
19575,15025,Heart
19625,15025,Heart
19675,15025,Heart
19725,15025,Heart
19775,15025,Heart
19825,15025,Heart
19875,15025,Heart
19925,15025,Heart
19975,15025,Heart
20025,15025,Connective tissue
20075,15025,Heart
20125,15025,Heart
20175,15025,Heart
20225,15025,Heart
20275,15025,Heart
20325,15025,Heart
20375,15025,Heart
20425,15025,Heart
20475,15025,Heart
20525,15025,Heart
20575,15025,Heart
20625,15025,Heart
20675,15025,Heart
20725,15025,Heart
20775,15025,Heart
20825,15025,Heart
20875,15025,Heart
20925,15025,Heart
20975,15025,Heart
21025,15025,Heart
21075,15025,Heart
21125,15025,Heart
21175,15025,Heart
21225,15025,Heart
21275,15025,Heart
21325,15025,Heart
21375,15025,Heart
21425,15025,Heart
21475,15025,Heart
21525,15025,Heart
21575,15025,Heart
21625,15025,Heart
21675,15025,Heart
21725,15025,Heart
21775,15025,Heart
21825,15025,Heart
21875,15025,Heart
21925,15025,Heart
21975,15025,Heart
22025,15025,Heart
22075,15025,Heart
22125,15025,Connective tissue
22175,15025,Connective tissue
22225,15025,Connective tissue
22275,15025,Connective tissue
22325,15025,Connective tissue
22375,15025,Cavity
22425,15025,Blood vessel
22475,15025,Blood vessel
22525,15025,Blood vessel
22575,15025,Blood vessel
22625,15025,Cavity
22675,15025,Connective tissue
22725,15025,Connective tissue
22775,15025,Connective tissue
22825,15025,Connective tissue
22875,15025,Connective tissue
22925,15025,Connective tissue
22975,15025,Connective tissue
23025,15025,Connective tissue
23075,15025,Connective tissue
23125,15025,Connective tissue
23175,15025,Connective tissue
23225,15025,Connective tissue
23275,15025,Connective tissue
23325,15025,Connective tissue
23375,15025,Connective tissue
23425,15025,Connective tissue
23475,15025,Liver
23525,15025,Liver
23575,15025,Liver
23625,15025,Liver
23675,15025,Liver
23725,15025,Liver
23775,15025,Liver
23825,15025,Liver
23875,15025,Blood vessel
23925,15025,Blood vessel
23975,15025,Blood vessel
24025,15025,Blood vessel
24075,15025,Blood vessel
24125,15025,Blood vessel
24175,15025,Blood vessel
24225,15025,Blood vessel
24275,15025,Blood vessel
24325,15025,Blood vessel
24375,15025,Blood vessel
24425,15025,Blood vessel
24475,15025,Blood vessel
24525,15025,Blood vessel
24575,15025,Blood vessel
24625,15025,Blood vessel
24675,15025,Blood vessel
24725,15025,Blood vessel
24775,15025,Blood vessel
24825,15025,Liver
24875,15025,Liver
24925,15025,Liver
24975,15025,Liver
15025,15075,Connective tissue
15075,15075,Connective tissue
15125,15075,Connective tissue
15175,15075,Muscle
15225,15075,Muscle
15275,15075,Muscle
15325,15075,Muscle
15375,15075,Connective tissue
15425,15075,Muscle
15475,15075,Muscle
15525,15075,Muscle
15575,15075,Muscle
15625,15075,Muscle
15675,15075,Connective tissue
15725,15075,Connective tissue
15775,15075,Connective tissue
15825,15075,Connective tissue
15875,15075,Connective tissue
15925,15075,Bone
15975,15075,Bone
16025,15075,Connective tissue
16075,15075,Kidney
16125,15075,Kidney
16175,15075,Connective tissue
16225,15075,Connective tissue
16275,15075,Thymus
16325,15075,Thymus
16375,15075,Kidney
16425,15075,Kidney
16475,15075,Kidney
16525,15075,Kidney
16575,15075,Kidney
16625,15075,Kidney
16675,15075,Pancreas
16725,15075,Pancreas
16775,15075,Connective tissue
16825,15075,Connective tissue
16875,15075,Connective tissue
16925,15075,Connective tissue
16975,15075,Kidney
17025,15075,Thymus
17075,15075,Thymus
17125,15075,Thymus
17175,15075,Thymus
17225,15075,Thymus
17275,15075,Thymus
17325,15075,Thymus
17375,15075,Thymus
17425,15075,Thymus
17475,15075,Thymus
17525,15075,Thymus
17575,15075,Thymus
17625,15075,Thymus
17675,15075,Thymus
17725,15075,Thymus
17775,15075,Thymus
17825,15075,Thymus
17875,15075,Thymus
17925,15075,Thymus
17975,15075,Thymus
18025,15075,Thymus
18075,15075,Thymus
18125,15075,Thymus
18175,15075,Thymus
18225,15075,Thymus
18275,15075,Thymus
18325,15075,Thymus
18375,15075,Thymus
18425,15075,Thymus
18475,15075,Thymus
18525,15075,Thymus
18575,15075,Thymus
18625,15075,Thymus
18675,15075,Connective tissue
18725,15075,Connective tissue
18775,15075,Connective tissue
18825,15075,Heart
18875,15075,Heart
18925,15075,Heart
18975,15075,Heart
19025,15075,Heart
19075,15075,Heart
19125,15075,Heart
19175,15075,Connective tissue
19225,15075,Connective tissue
19275,15075,Connective tissue
19325,15075,Connective tissue
19375,15075,Connective tissue
19425,15075,Connective tissue
19475,15075,Heart
19525,15075,Heart
19575,15075,Heart
19625,15075,Heart
19675,15075,Heart
19725,15075,Heart
19775,15075,Heart
19825,15075,Heart
19875,15075,Heart
19925,15075,Heart
19975,15075,Heart
20025,15075,Heart
20075,15075,Heart
20125,15075,Heart
20175,15075,Heart
20225,15075,Heart
20275,15075,Heart
20325,15075,Heart
20375,15075,Heart
20425,15075,Heart
20475,15075,Heart
20525,15075,Heart
20575,15075,Heart
20625,15075,Heart
20675,15075,Heart
20725,15075,Heart
20775,15075,Heart
20825,15075,Heart
20875,15075,Heart
20925,15075,Heart
20975,15075,Heart
21025,15075,Heart
21075,15075,Heart
21125,15075,Heart
21175,15075,Heart
21225,15075,Heart
21275,15075,Heart
21325,15075,Heart
21375,15075,Heart
21425,15075,Heart
21475,15075,Heart
21525,15075,Heart
21575,15075,Heart
21625,15075,Heart
21675,15075,Heart
21725,15075,Heart
21775,15075,Heart
21825,15075,Heart
21875,15075,Heart
21925,15075,Heart
21975,15075,Heart
22025,15075,Heart
22075,15075,Heart
22125,15075,Heart
22175,15075,Connective tissue
22225,15075,Cavity
22275,15075,Connective tissue
22325,15075,Connective tissue
22375,15075,Connective tissue
22425,15075,Connective tissue
22475,15075,Connective tissue
22525,15075,Connective tissue
22575,15075,Connective tissue
22625,15075,Connective tissue
22675,15075,Connective tissue
22725,15075,Connective tissue
22775,15075,Connective tissue
22825,15075,Connective tissue
22875,15075,Connective tissue
22925,15075,Connective tissue
22975,15075,Connective tissue
23025,15075,Connective tissue
23075,15075,Connective tissue
23125,15075,Connective tissue
23175,15075,Connective tissue
23225,15075,Liver
23275,15075,Liver
23325,15075,Liver
23375,15075,Liver
23425,15075,Liver
23475,15075,Liver
23525,15075,Liver
23575,15075,Liver
23625,15075,Liver
23675,15075,Liver
23725,15075,Liver
23775,15075,Liver
23825,15075,Liver
23875,15075,Blood vessel
23925,15075,Blood vessel
23975,15075,Blood vessel
24025,15075,Liver
24075,15075,Blood vessel
24125,15075,Blood vessel
24175,15075,Blood vessel
24225,15075,Blood vessel
24275,15075,Blood vessel
24325,15075,Liver
24375,15075,Blood vessel
24425,15075,Blood vessel
24475,15075,Blood vessel
24525,15075,Blood vessel
24575,15075,Blood vessel
24625,15075,Blood vessel
24675,15075,Blood vessel
24725,15075,Blood vessel
24775,15075,Blood vessel
24825,15075,Liver
24875,15075,Liver
24925,15075,Blood vessel
24975,15075,Blood vessel
15025,15125,Muscle
15075,15125,Muscle
15125,15125,Muscle
15175,15125,Muscle
15225,15125,Muscle
15275,15125,Muscle
15325,15125,Muscle
15375,15125,Muscle
15425,15125,Muscle
15475,15125,Muscle
15525,15125,Muscle
15575,15125,Muscle
15625,15125,Muscle
15675,15125,Connective tissue
15725,15125,Connective tissue
15775,15125,Connective tissue
15825,15125,Connective tissue
15875,15125,Connective tissue
15925,15125,Connective tissue
15975,15125,Connective tissue
16025,15125,Connective tissue
16075,15125,Connective tissue
16125,15125,Kidney
16175,15125,Connective tissue
16225,15125,Connective tissue
16275,15125,Connective tissue
16325,15125,Thymus
16375,15125,Kidney
16425,15125,Kidney
16475,15125,Kidney
16525,15125,Kidney
16575,15125,Kidney
16625,15125,Kidney
16675,15125,GI tract
16725,15125,Pancreas
16775,15125,Pancreas
16825,15125,Connective tissue
16875,15125,Connective tissue
16925,15125,Connective tissue
16975,15125,Kidney
17025,15125,Thymus
17075,15125,Thymus
17125,15125,Thymus
17175,15125,Thymus
17225,15125,Thymus
17275,15125,Thymus
17325,15125,Thymus
17375,15125,Thymus
17425,15125,Thymus
17475,15125,Thymus
17525,15125,Thymus
17575,15125,Thymus
17625,15125,Thymus
17675,15125,Thymus
17725,15125,Thymus
17775,15125,Thymus
17825,15125,Thymus
17875,15125,Thymus
17925,15125,Thymus
17975,15125,Thymus
18025,15125,Thymus
18075,15125,Thymus
18125,15125,Thymus
18175,15125,Thymus
18225,15125,Thymus
18275,15125,Thymus
18325,15125,Thymus
18375,15125,Thymus
18425,15125,Thymus
18475,15125,Thymus
18525,15125,Thymus
18575,15125,Thymus
18625,15125,Thymus
18675,15125,Thymus
18725,15125,Thymus
18775,15125,Thymus
18825,15125,Heart
18875,15125,Heart
18925,15125,Heart
18975,15125,Heart
19025,15125,Heart
19075,15125,Heart
19125,15125,Heart
19175,15125,Connective tissue
19225,15125,Connective tissue
19275,15125,Connective tissue
19325,15125,Connective tissue
19375,15125,Connective tissue
19425,15125,Connective tissue
19475,15125,Heart
19525,15125,Heart
19575,15125,Heart
19625,15125,Heart
19675,15125,Heart
19725,15125,Heart
19775,15125,Heart
19825,15125,Heart
19875,15125,Heart
19925,15125,Heart
19975,15125,Heart
20025,15125,Connective tissue
20075,15125,Heart
20125,15125,Heart
20175,15125,Heart
20225,15125,Heart
20275,15125,Heart
20325,15125,Heart
20375,15125,Heart
20425,15125,Heart
20475,15125,Heart
20525,15125,Heart
20575,15125,Heart
20625,15125,Heart
20675,15125,Heart
20725,15125,Heart
20775,15125,Heart
20825,15125,Heart
20875,15125,Heart
20925,15125,Heart
20975,15125,Heart
21025,15125,Heart
21075,15125,Heart
21125,15125,Heart
21175,15125,Heart
21225,15125,Heart
21275,15125,Heart
21325,15125,Heart
21375,15125,Heart
21425,15125,Heart
21475,15125,Heart
21525,15125,Heart
21575,15125,Heart
21625,15125,Heart
21675,15125,Heart
21725,15125,Heart
21775,15125,Heart
21825,15125,Heart
21875,15125,Heart
21925,15125,Heart
21975,15125,Heart
22025,15125,Heart
22075,15125,Heart
22125,15125,Heart
22175,15125,Connective tissue
22225,15125,Cavity
22275,15125,Cavity
22325,15125,Cavity
22375,15125,Connective tissue
22425,15125,Cavity
22475,15125,Cavity
22525,15125,Connective tissue
22575,15125,Connective tissue
22625,15125,Connective tissue
22675,15125,Connective tissue
22725,15125,Connective tissue
22775,15125,Connective tissue
22825,15125,Connective tissue
22875,15125,Connective tissue
22925,15125,Connective tissue
22975,15125,Connective tissue
23025,15125,Connective tissue
23075,15125,Connective tissue
23125,15125,Connective tissue
23175,15125,Liver
23225,15125,Liver
23275,15125,Liver
23325,15125,Liver
23375,15125,Liver
23425,15125,Liver
23475,15125,Liver
23525,15125,Liver
23575,15125,Liver
23625,15125,Liver
23675,15125,Liver
23725,15125,Liver
23775,15125,Liver
23825,15125,Liver
23875,15125,Liver
23925,15125,Blood vessel
23975,15125,Blood vessel
24025,15125,Blood vessel
24075,15125,Blood vessel
24125,15125,Blood vessel
24175,15125,Blood vessel
24225,15125,Blood vessel
24275,15125,Blood vessel
24325,15125,Blood vessel
24375,15125,Blood vessel
24425,15125,Blood vessel
24475,15125,Liver
24525,15125,Blood vessel
24575,15125,Blood vessel
24625,15125,Blood vessel
24675,15125,Blood vessel
24725,15125,Blood vessel
24775,15125,Liver
24825,15125,Liver
24875,15125,Liver
24925,15125,Blood vessel
24975,15125,Blood vessel
15025,15175,Muscle
15075,15175,Muscle
15125,15175,Muscle
15175,15175,Muscle
15225,15175,Muscle
15275,15175,Muscle
15325,15175,Connective tissue
15375,15175,Muscle
15425,15175,Muscle
15475,15175,Muscle
15525,15175,Muscle
15575,15175,Muscle
15625,15175,Connective tissue
15675,15175,Bone
15725,15175,Connective tissue
15775,15175,Connective tissue
15825,15175,Connective tissue
15875,15175,Connective tissue
15925,15175,Connective tissue
15975,15175,Connective tissue
16025,15175,Connective tissue
16075,15175,Connective tissue
16125,15175,Connective tissue
16175,15175,Connective tissue
16225,15175,Connective tissue
16275,15175,Connective tissue
16325,15175,Kidney
16375,15175,Kidney
16425,15175,Kidney
16475,15175,Kidney
16525,15175,Kidney
16575,15175,Kidney
16625,15175,Kidney
16675,15175,Kidney
16725,15175,Pancreas
16775,15175,GI tract
16825,15175,Connective tissue
16875,15175,Connective tissue
16925,15175,Connective tissue
16975,15175,Thymus
17025,15175,Thymus
17075,15175,Thymus
17125,15175,Thymus
17175,15175,Thymus
17225,15175,Thymus
17275,15175,Thymus
17325,15175,Thymus
17375,15175,Thymus
17425,15175,Thymus
17475,15175,Thymus
17525,15175,Thymus
17575,15175,Thymus
17625,15175,Thymus
17675,15175,Thymus
17725,15175,Thymus
17775,15175,Thymus
17825,15175,Thymus
17875,15175,Thymus
17925,15175,Thymus
17975,15175,Thymus
18025,15175,Thymus
18075,15175,Thymus
18125,15175,Thymus
18175,15175,Thymus
18225,15175,Thymus
18275,15175,Thymus
18325,15175,Thymus
18375,15175,Thymus
18425,15175,Thymus
18475,15175,Thymus
18525,15175,Thymus
18575,15175,Thymus
18625,15175,Thymus
18675,15175,Thymus
18725,15175,Thymus
18775,15175,Thymus
18825,15175,Heart
18875,15175,Heart
18925,15175,Heart
18975,15175,Heart
19025,15175,Heart
19075,15175,Heart
19125,15175,Heart
19175,15175,Connective tissue
19225,15175,Connective tissue
19275,15175,Connective tissue
19325,15175,Connective tissue
19375,15175,Connective tissue
19425,15175,Connective tissue
19475,15175,Heart
19525,15175,Heart
19575,15175,Heart
19625,15175,Heart
19675,15175,Heart
19725,15175,Heart
19775,15175,Heart
19825,15175,Heart
19875,15175,Heart
19925,15175,Heart
19975,15175,Heart
20025,15175,Heart
20075,15175,Heart
20125,15175,Heart
20175,15175,Heart
20225,15175,Heart
20275,15175,Heart
20325,15175,Heart
20375,15175,Heart
20425,15175,Heart
20475,15175,Heart
20525,15175,Heart
20575,15175,Heart
20625,15175,Heart
20675,15175,Heart
20725,15175,Heart
20775,15175,Heart
20825,15175,Heart
20875,15175,Heart
20925,15175,Heart
20975,15175,Heart
21025,15175,Heart
21075,15175,Heart
21125,15175,Heart
21175,15175,Heart
21225,15175,Heart
21275,15175,Heart
21325,15175,Heart
21375,15175,Heart
21425,15175,Heart
21475,15175,Heart
21525,15175,Heart
21575,15175,Heart
21625,15175,Heart
21675,15175,Heart
21725,15175,Heart
21775,15175,Heart
21825,15175,Heart
21875,15175,Heart
21925,15175,Heart
21975,15175,Heart
22025,15175,Heart
22075,15175,Heart
22125,15175,Heart
22175,15175,Connective tissue
22225,15175,Cavity
22275,15175,Connective tissue
22325,15175,Cavity
22375,15175,Cavity
22425,15175,Cavity
22475,15175,Liver
22525,15175,Cavity
22575,15175,Connective tissue
22625,15175,Connective tissue
22675,15175,Connective tissue
22725,15175,Connective tissue
22775,15175,Connective tissue
22825,15175,Connective tissue
22875,15175,Connective tissue
22925,15175,Connective tissue
22975,15175,Connective tissue
23025,15175,Connective tissue
23075,15175,Liver
23125,15175,Liver
23175,15175,Liver
23225,15175,Liver
23275,15175,Liver
23325,15175,Liver
23375,15175,Liver
23425,15175,Liver
23475,15175,Liver
23525,15175,Liver
23575,15175,Liver
23625,15175,Liver
23675,15175,Liver
23725,15175,Liver
23775,15175,Liver
23825,15175,Liver
23875,15175,Liver
23925,15175,Liver
23975,15175,Blood vessel
24025,15175,Blood vessel
24075,15175,Liver
24125,15175,Liver
24175,15175,Liver
24225,15175,Liver
24275,15175,Liver
24325,15175,Liver
24375,15175,Liver
24425,15175,Liver
24475,15175,Blood vessel
24525,15175,Liver
24575,15175,Liver
24625,15175,Liver
24675,15175,Liver
24725,15175,Blood vessel
24775,15175,Blood vessel
24825,15175,Blood vessel
24875,15175,Liver
24925,15175,Liver
24975,15175,Blood vessel
15025,15225,Muscle
15075,15225,Muscle
15125,15225,Muscle
15175,15225,Muscle
15225,15225,Muscle
15275,15225,Connective tissue
15325,15225,Connective tissue
15375,15225,Connective tissue
15425,15225,Connective tissue
15475,15225,Connective tissue
15525,15225,Connective tissue
15575,15225,Connective tissue
15625,15225,Connective tissue
15675,15225,Connective tissue
15725,15225,Connective tissue
15775,15225,Connective tissue
15825,15225,Connective tissue
15875,15225,Connective tissue
15925,15225,Connective tissue
15975,15225,Connective tissue
16025,15225,Connective tissue
16075,15225,Connective tissue
16125,15225,Connective tissue
16175,15225,Connective tissue
16225,15225,Connective tissue
16275,15225,Connective tissue
16325,15225,Connective tissue
16375,15225,Kidney
16425,15225,Kidney
16475,15225,Kidney
16525,15225,Kidney
16575,15225,Kidney
16625,15225,Connective tissue
16675,15225,Kidney
16725,15225,Kidney
16775,15225,Connective tissue
16825,15225,Connective tissue
16875,15225,Connective tissue
16925,15225,Connective tissue
16975,15225,Kidney
17025,15225,Thymus
17075,15225,Thymus
17125,15225,Thymus
17175,15225,Thymus
17225,15225,Thymus
17275,15225,Thymus
17325,15225,Thymus
17375,15225,Thymus
17425,15225,Thymus
17475,15225,Thymus
17525,15225,Thymus
17575,15225,Thymus
17625,15225,Thymus
17675,15225,Thymus
17725,15225,Thymus
17775,15225,Thymus
17825,15225,Thymus
17875,15225,Thymus
17925,15225,Thymus
17975,15225,Thymus
18025,15225,Thymus
18075,15225,Thymus
18125,15225,Kidney
18175,15225,Thymus
18225,15225,Thymus
18275,15225,Thymus
18325,15225,Thymus
18375,15225,Thymus
18425,15225,Thymus
18475,15225,Thymus
18525,15225,Thymus
18575,15225,Thymus
18625,15225,Thymus
18675,15225,Thymus
18725,15225,Thymus
18775,15225,Thymus
18825,15225,Heart
18875,15225,Heart
18925,15225,Heart
18975,15225,Heart
19025,15225,Heart
19075,15225,Heart
19125,15225,Heart
19175,15225,Connective tissue
19225,15225,Connective tissue
19275,15225,Connective tissue
19325,15225,Connective tissue
19375,15225,Connective tissue
19425,15225,Connective tissue
19475,15225,Heart
19525,15225,Heart
19575,15225,Heart
19625,15225,Heart
19675,15225,Heart
19725,15225,Heart
19775,15225,Heart
19825,15225,Heart
19875,15225,Heart
19925,15225,Heart
19975,15225,Heart
20025,15225,Heart
20075,15225,Heart
20125,15225,Heart
20175,15225,Heart
20225,15225,Heart
20275,15225,Heart
20325,15225,Heart
20375,15225,Heart
20425,15225,Heart
20475,15225,Heart
20525,15225,Heart
20575,15225,Heart
20625,15225,Heart
20675,15225,Heart
20725,15225,Heart
20775,15225,Heart
20825,15225,Heart
20875,15225,Heart
20925,15225,Heart
20975,15225,Heart
21025,15225,Heart
21075,15225,Heart
21125,15225,Heart
21175,15225,Heart
21225,15225,Heart
21275,15225,Heart
21325,15225,Heart
21375,15225,Heart
21425,15225,Heart
21475,15225,Heart
21525,15225,Heart
21575,15225,Heart
21625,15225,Heart
21675,15225,Heart
21725,15225,Heart
21775,15225,Heart
21825,15225,Heart
21875,15225,Heart
21925,15225,Heart
21975,15225,Heart
22025,15225,Heart
22075,15225,Heart
22125,15225,Heart
22175,15225,Connective tissue
22225,15225,Cavity
22275,15225,Cavity
22325,15225,Cavity
22375,15225,Cavity
22425,15225,Liver
22475,15225,Liver
22525,15225,Cavity
22575,15225,Connective tissue
22625,15225,Connective tissue
22675,15225,Connective tissue
22725,15225,Connective tissue
22775,15225,Connective tissue
22825,15225,Connective tissue
22875,15225,Connective tissue
22925,15225,Connective tissue
22975,15225,Liver
23025,15225,Liver
23075,15225,Liver
23125,15225,Liver
23175,15225,Liver
23225,15225,Liver
23275,15225,Liver
23325,15225,Liver
23375,15225,Liver
23425,15225,Liver
23475,15225,Liver
23525,15225,Liver
23575,15225,Liver
23625,15225,Liver
23675,15225,Liver
23725,15225,Liver
23775,15225,Liver
23825,15225,Liver
23875,15225,Liver
23925,15225,Liver
23975,15225,Liver
24025,15225,Liver
24075,15225,Liver
24125,15225,Liver
24175,15225,Liver
24225,15225,Liver
24275,15225,Liver
24325,15225,Liver
24375,15225,Liver
24425,15225,Liver
24475,15225,Liver
24525,15225,Liver
24575,15225,Liver
24625,15225,Liver
24675,15225,Liver
24725,15225,Liver
24775,15225,Blood vessel
24825,15225,Liver
24875,15225,Liver
24925,15225,Liver
24975,15225,Liver
15025,15275,Muscle
15075,15275,Muscle
15125,15275,Muscle
15175,15275,Muscle
15225,15275,Connective tissue
15275,15275,Connective tissue
15325,15275,Connective tissue
15375,15275,Connective tissue
15425,15275,Connective tissue
15475,15275,Connective tissue
15525,15275,Connective tissue
15575,15275,Connective tissue
15625,15275,Connective tissue
15675,15275,Connective tissue
15725,15275,Connective tissue
15775,15275,Connective tissue
15825,15275,Connective tissue
15875,15275,Connective tissue
15925,15275,Connective tissue
15975,15275,Connective tissue
16025,15275,Connective tissue
16075,15275,Connective tissue
16125,15275,Connective tissue
16175,15275,Connective tissue
16225,15275,Connective tissue
16275,15275,Connective tissue
16325,15275,Connective tissue
16375,15275,Kidney
16425,15275,Kidney
16475,15275,Kidney
16525,15275,Kidney
16575,15275,Kidney
16625,15275,Kidney
16675,15275,Kidney
16725,15275,Kidney
16775,15275,Connective tissue
16825,15275,Connective tissue
16875,15275,Connective tissue
16925,15275,Connective tissue
16975,15275,Connective tissue
17025,15275,Connective tissue
17075,15275,Connective tissue
17125,15275,Thymus
17175,15275,Thymus
17225,15275,Thymus
17275,15275,Thymus
17325,15275,Thymus
17375,15275,Thymus
17425,15275,Thymus
17475,15275,Thymus
17525,15275,Thymus
17575,15275,Thymus
17625,15275,Thymus
17675,15275,Thymus
17725,15275,Kidney
17775,15275,Thymus
17825,15275,Thymus
17875,15275,Thymus
17925,15275,Thymus
17975,15275,Thymus
18025,15275,Thymus
18075,15275,Thymus
18125,15275,Kidney
18175,15275,Thymus
18225,15275,Thymus
18275,15275,Thymus
18325,15275,Thymus
18375,15275,Thymus
18425,15275,Thymus
18475,15275,Thymus
18525,15275,Thymus
18575,15275,Thymus
18625,15275,Thymus
18675,15275,Thymus
18725,15275,Thymus
18775,15275,Thymus
18825,15275,Heart
18875,15275,Heart
18925,15275,Heart
18975,15275,Heart
19025,15275,Heart
19075,15275,Heart
19125,15275,Heart
19175,15275,Heart
19225,15275,Connective tissue
19275,15275,Connective tissue
19325,15275,Connective tissue
19375,15275,Connective tissue
19425,15275,Connective tissue
19475,15275,Heart
19525,15275,Heart
19575,15275,Heart
19625,15275,Heart
19675,15275,Heart
19725,15275,Heart
19775,15275,Heart
19825,15275,Heart
19875,15275,Heart
19925,15275,Heart
19975,15275,Heart
20025,15275,Heart
20075,15275,Heart
20125,15275,Heart
20175,15275,Heart
20225,15275,Heart
20275,15275,Heart
20325,15275,Heart
20375,15275,Heart
20425,15275,Heart
20475,15275,Heart
20525,15275,Heart
20575,15275,Heart
20625,15275,Heart
20675,15275,Heart
20725,15275,Heart
20775,15275,Heart
20825,15275,Heart
20875,15275,Heart
20925,15275,Heart
20975,15275,Heart
21025,15275,Heart
21075,15275,Heart
21125,15275,Heart
21175,15275,Heart
21225,15275,Heart
21275,15275,Heart
21325,15275,Heart
21375,15275,Heart
21425,15275,Heart
21475,15275,Heart
21525,15275,Heart
21575,15275,Heart
21625,15275,Heart
21675,15275,Heart
21725,15275,Heart
21775,15275,Heart
21825,15275,Heart
21875,15275,Heart
21925,15275,Blood vessel
21975,15275,Heart
22025,15275,Heart
22075,15275,Heart
22125,15275,Heart
22175,15275,Connective tissue
22225,15275,Connective tissue
22275,15275,Cavity
22325,15275,Cavity
22375,15275,Cavity
22425,15275,Cavity
22475,15275,Liver
22525,15275,Connective tissue
22575,15275,Connective tissue
22625,15275,Connective tissue
22675,15275,Connective tissue
22725,15275,Connective tissue
22775,15275,Connective tissue
22825,15275,Connective tissue
22875,15275,Liver
22925,15275,Liver
22975,15275,Liver
23025,15275,Liver
23075,15275,Liver
23125,15275,Liver
23175,15275,Liver
23225,15275,Liver
23275,15275,Liver
23325,15275,Liver
23375,15275,Liver
23425,15275,Liver
23475,15275,Liver
23525,15275,Liver
23575,15275,Liver
23625,15275,Liver
23675,15275,Liver
23725,15275,Liver
23775,15275,Liver
23825,15275,Liver
23875,15275,Liver
23925,15275,Liver
23975,15275,Liver
24025,15275,Liver
24075,15275,Liver
24125,15275,Liver
24175,15275,Liver
24225,15275,Liver
24275,15275,Liver
24325,15275,Liver
24375,15275,Liver
24425,15275,Liver
24475,15275,Liver
24525,15275,Liver
24575,15275,Liver
24625,15275,Liver
24675,15275,Liver
24725,15275,Liver
24775,15275,Liver
24825,15275,Liver
24875,15275,Liver
24925,15275,Liver
24975,15275,Liver
15025,15325,Muscle
15075,15325,Muscle
15125,15325,Muscle
15175,15325,Connective tissue
15225,15325,Connective tissue
15275,15325,Connective tissue
15325,15325,Connective tissue
15375,15325,Connective tissue
15425,15325,Connective tissue
15475,15325,Connective tissue
15525,15325,Connective tissue
15575,15325,Connective tissue
15625,15325,Connective tissue
15675,15325,Connective tissue
15725,15325,Connective tissue
15775,15325,Connective tissue
15825,15325,Connective tissue
15875,15325,Connective tissue
15925,15325,Connective tissue
15975,15325,Connective tissue
16025,15325,Connective tissue
16075,15325,Connective tissue
16125,15325,Muscle
16175,15325,Muscle
16225,15325,Muscle
16275,15325,Connective tissue
16325,15325,Connective tissue
16375,15325,Connective tissue
16425,15325,Connective tissue
16475,15325,Thymus
16525,15325,Kidney
16575,15325,Kidney
16625,15325,Kidney
16675,15325,Kidney
16725,15325,Connective tissue
16775,15325,Connective tissue
16825,15325,Connective tissue
16875,15325,Connective tissue
16925,15325,Connective tissue
16975,15325,Muscle
17025,15325,Connective tissue
17075,15325,Connective tissue
17125,15325,Connective tissue
17175,15325,Connective tissue
17225,15325,Connective tissue
17275,15325,Thymus
17325,15325,Thymus
17375,15325,Thymus
17425,15325,Thymus
17475,15325,Thymus
17525,15325,Thymus
17575,15325,Thymus
17625,15325,Thymus
17675,15325,Thymus
17725,15325,Thymus
17775,15325,Thymus
17825,15325,Thymus
17875,15325,Thymus
17925,15325,Thymus
17975,15325,Thymus
18025,15325,Thymus
18075,15325,Thymus
18125,15325,Thymus
18175,15325,Thymus
18225,15325,Thymus
18275,15325,Thymus
18325,15325,Thymus
18375,15325,Thymus
18425,15325,Thymus
18475,15325,Thymus
18525,15325,Thymus
18575,15325,Thymus
18625,15325,Thymus
18675,15325,Thymus
18725,15325,Thymus
18775,15325,Thymus
18825,15325,Heart
18875,15325,Heart
18925,15325,Heart
18975,15325,Heart
19025,15325,Heart
19075,15325,Heart
19125,15325,Heart
19175,15325,Heart
19225,15325,Connective tissue
19275,15325,Connective tissue
19325,15325,Heart
19375,15325,Heart
19425,15325,Heart
19475,15325,Heart
19525,15325,Heart
19575,15325,Heart
19625,15325,Heart
19675,15325,Heart
19725,15325,Heart
19775,15325,Heart
19825,15325,Heart
19875,15325,Heart
19925,15325,Heart
19975,15325,Heart
20025,15325,Heart
20075,15325,Heart
20125,15325,Heart
20175,15325,Heart
20225,15325,Heart
20275,15325,Heart
20325,15325,Heart
20375,15325,Heart
20425,15325,Heart
20475,15325,Heart
20525,15325,Heart
20575,15325,Heart
20625,15325,Heart
20675,15325,Heart
20725,15325,Heart
20775,15325,Heart
20825,15325,Heart
20875,15325,Heart
20925,15325,Heart
20975,15325,Heart
21025,15325,Heart
21075,15325,Heart
21125,15325,Heart
21175,15325,Heart
21225,15325,Heart
21275,15325,Heart
21325,15325,Heart
21375,15325,Heart
21425,15325,Heart
21475,15325,Heart
21525,15325,Heart
21575,15325,Heart
21625,15325,Heart
21675,15325,Heart
21725,15325,Heart
21775,15325,Heart
21825,15325,Heart
21875,15325,Heart
21925,15325,Heart
21975,15325,Heart
22025,15325,Heart
22075,15325,Heart
22125,15325,Heart
22175,15325,Heart
22225,15325,Liver
22275,15325,Cavity
22325,15325,Cavity
22375,15325,Cavity
22425,15325,Connective tissue
22475,15325,Connective tissue
22525,15325,Connective tissue
22575,15325,Connective tissue
22625,15325,Connective tissue
22675,15325,Connective tissue
22725,15325,Connective tissue
22775,15325,Connective tissue
22825,15325,Connective tissue
22875,15325,Liver
22925,15325,Liver
22975,15325,Liver
23025,15325,Liver
23075,15325,Liver
23125,15325,Liver
23175,15325,Liver
23225,15325,Liver
23275,15325,Liver
23325,15325,Liver
23375,15325,Liver
23425,15325,Liver
23475,15325,Liver
23525,15325,Liver
23575,15325,Liver
23625,15325,Liver
23675,15325,Liver
23725,15325,Liver
23775,15325,Liver
23825,15325,Liver
23875,15325,Liver
23925,15325,Liver
23975,15325,Liver
24025,15325,Liver
24075,15325,Liver
24125,15325,Liver
24175,15325,Liver
24225,15325,Liver
24275,15325,Liver
24325,15325,Liver
24375,15325,Liver
24425,15325,Liver
24475,15325,Liver
24525,15325,Liver
24575,15325,Liver
24625,15325,Liver
24675,15325,Liver
24725,15325,Liver
24775,15325,Liver
24825,15325,Liver
24875,15325,Liver
24925,15325,Liver
24975,15325,Liver
15025,15375,Connective tissue
15075,15375,Bone
15125,15375,Bone
15175,15375,Connective tissue
15225,15375,Connective tissue
15275,15375,Connective tissue
15325,15375,Connective tissue
15375,15375,Connective tissue
15425,15375,Connective tissue
15475,15375,Connective tissue
15525,15375,Connective tissue
15575,15375,Connective tissue
15625,15375,Connective tissue
15675,15375,Connective tissue
15725,15375,Kidney
15775,15375,Connective tissue
15825,15375,Connective tissue
15875,15375,Connective tissue
15925,15375,Connective tissue
15975,15375,Muscle
16025,15375,Muscle
16075,15375,Muscle
16125,15375,Muscle
16175,15375,Muscle
16225,15375,Muscle
16275,15375,Muscle
16325,15375,Connective tissue
16375,15375,Connective tissue
16425,15375,Connective tissue
16475,15375,Thymus
16525,15375,Kidney
16575,15375,Kidney
16625,15375,Kidney
16675,15375,Kidney
16725,15375,Connective tissue
16775,15375,Connective tissue
16825,15375,Connective tissue
16875,15375,Muscle
16925,15375,Muscle
16975,15375,Muscle
17025,15375,Muscle
17075,15375,Muscle
17125,15375,Muscle
17175,15375,Muscle
17225,15375,Connective tissue
17275,15375,Connective tissue
17325,15375,Connective tissue
17375,15375,Thymus
17425,15375,Thymus
17475,15375,Thymus
17525,15375,Thymus
17575,15375,Thymus
17625,15375,Thymus
17675,15375,Thymus
17725,15375,Thymus
17775,15375,Thymus
17825,15375,Thymus
17875,15375,Thymus
17925,15375,Thymus
17975,15375,Thymus
18025,15375,Thymus
18075,15375,Thymus
18125,15375,Thymus
18175,15375,Thymus
18225,15375,Thymus
18275,15375,Thymus
18325,15375,Thymus
18375,15375,Thymus
18425,15375,Thymus
18475,15375,Thymus
18525,15375,Thymus
18575,15375,Thymus
18625,15375,Thymus
18675,15375,Thymus
18725,15375,Thymus
18775,15375,Heart
18825,15375,Heart
18875,15375,Heart
18925,15375,Heart
18975,15375,Heart
19025,15375,Heart
19075,15375,Heart
19125,15375,Heart
19175,15375,Heart
19225,15375,Heart
19275,15375,Heart
19325,15375,Heart
19375,15375,Heart
19425,15375,Heart
19475,15375,Heart
19525,15375,Heart
19575,15375,Heart
19625,15375,Heart
19675,15375,Heart
19725,15375,Heart
19775,15375,Heart
19825,15375,Heart
19875,15375,Heart
19925,15375,Heart
19975,15375,Heart
20025,15375,Heart
20075,15375,Heart
20125,15375,Heart
20175,15375,Heart
20225,15375,Heart
20275,15375,Heart
20325,15375,Heart
20375,15375,Heart
20425,15375,Heart
20475,15375,Heart
20525,15375,Heart
20575,15375,Heart
20625,15375,Heart
20675,15375,Heart
20725,15375,Heart
20775,15375,Heart
20825,15375,Heart
20875,15375,Heart
20925,15375,Heart
20975,15375,Heart
21025,15375,Heart
21075,15375,Heart
21125,15375,Heart
21175,15375,Heart
21225,15375,Heart
21275,15375,Heart
21325,15375,Heart
21375,15375,Heart
21425,15375,Heart
21475,15375,Heart
21525,15375,Heart
21575,15375,Heart
21625,15375,Heart
21675,15375,Heart
21725,15375,Heart
21775,15375,Heart
21825,15375,Heart
21875,15375,Heart
21925,15375,Heart
21975,15375,Heart
22025,15375,Heart
22075,15375,Heart
22125,15375,Heart
22175,15375,Connective tissue
22225,15375,Connective tissue
22275,15375,Cavity
22325,15375,Connective tissue
22375,15375,Connective tissue
22425,15375,Connective tissue
22475,15375,Connective tissue
22525,15375,Connective tissue
22575,15375,Connective tissue
22625,15375,Connective tissue
22675,15375,Connective tissue
22725,15375,Connective tissue
22775,15375,Liver
22825,15375,Liver
22875,15375,Liver
22925,15375,Liver
22975,15375,Liver
23025,15375,Liver
23075,15375,Liver
23125,15375,Liver
23175,15375,Liver
23225,15375,Liver
23275,15375,Liver
23325,15375,Liver
23375,15375,Liver
23425,15375,Liver
23475,15375,Liver
23525,15375,Liver
23575,15375,Liver
23625,15375,Liver
23675,15375,Liver
23725,15375,Liver
23775,15375,Liver
23825,15375,Liver
23875,15375,Liver
23925,15375,Liver
23975,15375,Liver
24025,15375,Liver
24075,15375,Liver
24125,15375,Liver
24175,15375,Liver
24225,15375,Liver
24275,15375,Liver
24325,15375,Liver
24375,15375,Liver
24425,15375,Liver
24475,15375,Liver
24525,15375,Liver
24575,15375,Liver
24625,15375,Liver
24675,15375,Liver
24725,15375,Liver
24775,15375,Liver
24825,15375,Liver
24875,15375,Liver
24925,15375,Liver
24975,15375,Liver
15025,15425,Bone
15075,15425,Bone
15125,15425,Bone
15175,15425,Connective tissue
15225,15425,Connective tissue
15275,15425,Connective tissue
15325,15425,Connective tissue
15375,15425,Connective tissue
15425,15425,Connective tissue
15475,15425,Connective tissue
15525,15425,Bone
15575,15425,Connective tissue
15625,15425,Muscle
15675,15425,Connective tissue
15725,15425,Connective tissue
15775,15425,Connective tissue
15825,15425,Connective tissue
15875,15425,Connective tissue
15925,15425,Muscle
15975,15425,Muscle
16025,15425,Muscle
16075,15425,Muscle
16125,15425,Muscle
16175,15425,Muscle
16225,15425,Muscle
16275,15425,Muscle
16325,15425,Muscle
16375,15425,Connective tissue
16425,15425,Connective tissue
16475,15425,Connective tissue
16525,15425,Connective tissue
16575,15425,Connective tissue
16625,15425,Connective tissue
16675,15425,Connective tissue
16725,15425,Muscle
16775,15425,Connective tissue
16825,15425,Muscle
16875,15425,Muscle
16925,15425,Muscle
16975,15425,Muscle
17025,15425,Muscle
17075,15425,Muscle
17125,15425,Muscle
17175,15425,Muscle
17225,15425,Muscle
17275,15425,Muscle
17325,15425,Muscle
17375,15425,Muscle
17425,15425,Connective tissue
17475,15425,Thymus
17525,15425,Thymus
17575,15425,Thymus
17625,15425,Thymus
17675,15425,Thymus
17725,15425,Thymus
17775,15425,Thymus
17825,15425,Thymus
17875,15425,Thymus
17925,15425,Thymus
17975,15425,Thymus
18025,15425,Thymus
18075,15425,Thymus
18125,15425,Thymus
18175,15425,Thymus
18225,15425,Thymus
18275,15425,Thymus
18325,15425,Thymus
18375,15425,Thymus
18425,15425,Thymus
18475,15425,Thymus
18525,15425,Thymus
18575,15425,Thymus
18625,15425,Thymus
18675,15425,Thymus
18725,15425,Thymus
18775,15425,Heart
18825,15425,Heart
18875,15425,Heart
18925,15425,Heart
18975,15425,Heart
19025,15425,Heart
19075,15425,Heart
19125,15425,Heart
19175,15425,Heart
19225,15425,Heart
19275,15425,Heart
19325,15425,Heart
19375,15425,Heart
19425,15425,Heart
19475,15425,Heart
19525,15425,Heart
19575,15425,Heart
19625,15425,Heart
19675,15425,Heart
19725,15425,Heart
19775,15425,Heart
19825,15425,Heart
19875,15425,Heart
19925,15425,Heart
19975,15425,Heart
20025,15425,Heart
20075,15425,Heart
20125,15425,Heart
20175,15425,Heart
20225,15425,Heart
20275,15425,Heart
20325,15425,Heart
20375,15425,Heart
20425,15425,Heart
20475,15425,Heart
20525,15425,Heart
20575,15425,Heart
20625,15425,Heart
20675,15425,Heart
20725,15425,Heart
20775,15425,Heart
20825,15425,Heart
20875,15425,Heart
20925,15425,Heart
20975,15425,Heart
21025,15425,Heart
21075,15425,Heart
21125,15425,Heart
21175,15425,Heart
21225,15425,Heart
21275,15425,Heart
21325,15425,Heart
21375,15425,Heart
21425,15425,Heart
21475,15425,Heart
21525,15425,Heart
21575,15425,Heart
21625,15425,Heart
21675,15425,Heart
21725,15425,Heart
21775,15425,Heart
21825,15425,Heart
21875,15425,Heart
21925,15425,Heart
21975,15425,Heart
22025,15425,Heart
22075,15425,Heart
22125,15425,Heart
22175,15425,Connective tissue
22225,15425,Connective tissue
22275,15425,Connective tissue
22325,15425,Connective tissue
22375,15425,Connective tissue
22425,15425,Connective tissue
22475,15425,Connective tissue
22525,15425,Connective tissue
22575,15425,Connective tissue
22625,15425,Connective tissue
22675,15425,Connective tissue
22725,15425,Liver
22775,15425,Liver
22825,15425,Liver
22875,15425,Liver
22925,15425,Liver
22975,15425,Liver
23025,15425,Liver
23075,15425,Liver
23125,15425,Liver
23175,15425,Liver
23225,15425,Liver
23275,15425,Liver
23325,15425,Liver
23375,15425,Liver
23425,15425,Liver
23475,15425,Liver
23525,15425,Liver
23575,15425,Liver
23625,15425,Liver
23675,15425,Liver
23725,15425,Liver
23775,15425,Liver
23825,15425,Liver
23875,15425,Liver
23925,15425,Liver
23975,15425,Liver
24025,15425,Liver
24075,15425,Liver
24125,15425,Liver
24175,15425,Liver
24225,15425,Liver
24275,15425,Liver
24325,15425,Liver
24375,15425,Liver
24425,15425,Liver
24475,15425,Liver
24525,15425,Liver
24575,15425,Liver
24625,15425,Liver
24675,15425,Liver
24725,15425,Liver
24775,15425,Liver
24825,15425,Liver
24875,15425,Liver
24925,15425,Liver
24975,15425,Liver
15025,15475,Connective tissue
15075,15475,Bone
15125,15475,Bone
15175,15475,Connective tissue
15225,15475,Connective tissue
15275,15475,Connective tissue
15325,15475,Connective tissue
15375,15475,Connective tissue
15425,15475,Connective tissue
15475,15475,Connective tissue
15525,15475,Connective tissue
15575,15475,Muscle
15625,15475,Muscle
15675,15475,Connective tissue
15725,15475,Connective tissue
15775,15475,Connective tissue
15825,15475,Connective tissue
15875,15475,Muscle
15925,15475,Muscle
15975,15475,Muscle
16025,15475,Muscle
16075,15475,Muscle
16125,15475,Muscle
16175,15475,Muscle
16225,15475,Muscle
16275,15475,Muscle
16325,15475,Muscle
16375,15475,Muscle
16425,15475,Muscle
16475,15475,Connective tissue
16525,15475,Connective tissue
16575,15475,Connective tissue
16625,15475,Connective tissue
16675,15475,Muscle
16725,15475,Muscle
16775,15475,Muscle
16825,15475,Muscle
16875,15475,Muscle
16925,15475,Muscle
16975,15475,Muscle
17025,15475,Muscle
17075,15475,Muscle
17125,15475,Muscle
17175,15475,Muscle
17225,15475,Muscle
17275,15475,Muscle
17325,15475,Muscle
17375,15475,Muscle
17425,15475,Muscle
17475,15475,Muscle
17525,15475,Connective tissue
17575,15475,Connective tissue
17625,15475,Thymus
17675,15475,Thymus
17725,15475,Thymus
17775,15475,Thymus
17825,15475,Thymus
17875,15475,Thymus
17925,15475,Thymus
17975,15475,Thymus
18025,15475,Thymus
18075,15475,Thymus
18125,15475,Thymus
18175,15475,Thymus
18225,15475,Thymus
18275,15475,Thymus
18325,15475,Thymus
18375,15475,Thymus
18425,15475,Thymus
18475,15475,Thymus
18525,15475,Thymus
18575,15475,Thymus
18625,15475,Thymus
18675,15475,Thymus
18725,15475,Thymus
18775,15475,Heart
18825,15475,Heart
18875,15475,Heart
18925,15475,Heart
18975,15475,Heart
19025,15475,Heart
19075,15475,Heart
19125,15475,Heart
19175,15475,Heart
19225,15475,Heart
19275,15475,Heart
19325,15475,Heart
19375,15475,Heart
19425,15475,Heart
19475,15475,Heart
19525,15475,Heart
19575,15475,Heart
19625,15475,Heart
19675,15475,Heart
19725,15475,Heart
19775,15475,Heart
19825,15475,Heart
19875,15475,Heart
19925,15475,Heart
19975,15475,Heart
20025,15475,Heart
20075,15475,Heart
20125,15475,Heart
20175,15475,Heart
20225,15475,Heart
20275,15475,Heart
20325,15475,Heart
20375,15475,Heart
20425,15475,Heart
20475,15475,Heart
20525,15475,Heart
20575,15475,Heart
20625,15475,Heart
20675,15475,Heart
20725,15475,Heart
20775,15475,Heart
20825,15475,Heart
20875,15475,Heart
20925,15475,Heart
20975,15475,Heart
21025,15475,Heart
21075,15475,Heart
21125,15475,Heart
21175,15475,Heart
21225,15475,Heart
21275,15475,Heart
21325,15475,Heart
21375,15475,Heart
21425,15475,Heart
21475,15475,Heart
21525,15475,Heart
21575,15475,Heart
21625,15475,Heart
21675,15475,Heart
21725,15475,Heart
21775,15475,Heart
21825,15475,Heart
21875,15475,Heart
21925,15475,Heart
21975,15475,Heart
22025,15475,Heart
22075,15475,Heart
22125,15475,Connective tissue
22175,15475,Connective tissue
22225,15475,Connective tissue
22275,15475,Connective tissue
22325,15475,Connective tissue
22375,15475,Connective tissue
22425,15475,Connective tissue
22475,15475,Connective tissue
22525,15475,Connective tissue
22575,15475,Connective tissue
22625,15475,Connective tissue
22675,15475,Liver
22725,15475,Liver
22775,15475,Liver
22825,15475,Liver
22875,15475,Liver
22925,15475,Liver
22975,15475,Liver
23025,15475,Liver
23075,15475,Liver
23125,15475,Liver
23175,15475,Liver
23225,15475,Liver
23275,15475,Liver
23325,15475,Liver
23375,15475,Liver
23425,15475,Liver
23475,15475,Liver
23525,15475,Liver
23575,15475,Liver
23625,15475,Liver
23675,15475,Liver
23725,15475,Liver
23775,15475,Liver
23825,15475,Liver
23875,15475,Liver
23925,15475,Liver
23975,15475,Liver
24025,15475,Liver
24075,15475,Liver
24125,15475,Liver
24175,15475,Liver
24225,15475,Liver
24275,15475,Liver
24325,15475,Liver
24375,15475,Liver
24425,15475,Blood vessel
24475,15475,Liver
24525,15475,Liver
24575,15475,Liver
24625,15475,Liver
24675,15475,Liver
24725,15475,Liver
24775,15475,Liver
24825,15475,Liver
24875,15475,Liver
24925,15475,Liver
24975,15475,Liver
15025,15525,Connective tissue
15075,15525,Bone
15125,15525,Bone
15175,15525,Mucosal epithelium
15225,15525,Connective tissue
15275,15525,Connective tissue
15325,15525,Connective tissue
15375,15525,Connective tissue
15425,15525,Connective tissue
15475,15525,Connective tissue
15525,15525,Connective tissue
15575,15525,Connective tissue
15625,15525,Connective tissue
15675,15525,Connective tissue
15725,15525,Connective tissue
15775,15525,Connective tissue
15825,15525,Connective tissue
15875,15525,Muscle
15925,15525,Muscle
15975,15525,Muscle
16025,15525,Muscle
16075,15525,Muscle
16125,15525,Muscle
16175,15525,Muscle
16225,15525,Muscle
16275,15525,Muscle
16325,15525,Muscle
16375,15525,Muscle
16425,15525,Muscle
16475,15525,Connective tissue
16525,15525,Connective tissue
16575,15525,Muscle
16625,15525,Muscle
16675,15525,Muscle
16725,15525,Muscle
16775,15525,Muscle
16825,15525,Muscle
16875,15525,Muscle
16925,15525,Muscle
16975,15525,Muscle
17025,15525,Muscle
17075,15525,Connective tissue
17125,15525,Connective tissue
17175,15525,Muscle
17225,15525,Muscle
17275,15525,Muscle
17325,15525,Muscle
17375,15525,Muscle
17425,15525,Muscle
17475,15525,Muscle
17525,15525,Muscle
17575,15525,Muscle
17625,15525,Muscle
17675,15525,Connective tissue
17725,15525,Connective tissue
17775,15525,Thymus
17825,15525,Thymus
17875,15525,Thymus
17925,15525,Thymus
17975,15525,Thymus
18025,15525,Thymus
18075,15525,Thymus
18125,15525,Thymus
18175,15525,Thymus
18225,15525,Thymus
18275,15525,Thymus
18325,15525,Thymus
18375,15525,Thymus
18425,15525,Thymus
18475,15525,Thymus
18525,15525,Thymus
18575,15525,Thymus
18625,15525,Thymus
18675,15525,Thymus
18725,15525,Thymus
18775,15525,Heart
18825,15525,Heart
18875,15525,Heart
18925,15525,Heart
18975,15525,Heart
19025,15525,Heart
19075,15525,Heart
19125,15525,Heart
19175,15525,Heart
19225,15525,Heart
19275,15525,Heart
19325,15525,Heart
19375,15525,Heart
19425,15525,Heart
19475,15525,Heart
19525,15525,Heart
19575,15525,Heart
19625,15525,Heart
19675,15525,Heart
19725,15525,Heart
19775,15525,Heart
19825,15525,Heart
19875,15525,Heart
19925,15525,Heart
19975,15525,Heart
20025,15525,Heart
20075,15525,Heart
20125,15525,Heart
20175,15525,Heart
20225,15525,Heart
20275,15525,Heart
20325,15525,Heart
20375,15525,Heart
20425,15525,Heart
20475,15525,Heart
20525,15525,Heart
20575,15525,Heart
20625,15525,Heart
20675,15525,Heart
20725,15525,Heart
20775,15525,Heart
20825,15525,Heart
20875,15525,Heart
20925,15525,Heart
20975,15525,Heart
21025,15525,Heart
21075,15525,Heart
21125,15525,Heart
21175,15525,Heart
21225,15525,Heart
21275,15525,Heart
21325,15525,Heart
21375,15525,Heart
21425,15525,Heart
21475,15525,Heart
21525,15525,Heart
21575,15525,Heart
21625,15525,Heart
21675,15525,Heart
21725,15525,Heart
21775,15525,Heart
21825,15525,Heart
21875,15525,Heart
21925,15525,Heart
21975,15525,Blood vessel
22025,15525,Heart
22075,15525,Heart
22125,15525,Connective tissue
22175,15525,Connective tissue
22225,15525,Connective tissue
22275,15525,Connective tissue
22325,15525,Connective tissue
22375,15525,Connective tissue
22425,15525,Connective tissue
22475,15525,Connective tissue
22525,15525,Connective tissue
22575,15525,Connective tissue
22625,15525,Liver
22675,15525,Liver
22725,15525,Liver
22775,15525,Liver
22825,15525,Liver
22875,15525,Liver
22925,15525,Liver
22975,15525,Liver
23025,15525,Liver
23075,15525,Liver
23125,15525,Liver
23175,15525,Liver
23225,15525,Liver
23275,15525,Liver
23325,15525,Liver
23375,15525,Liver
23425,15525,Liver
23475,15525,Liver
23525,15525,Liver
23575,15525,Liver
23625,15525,Liver
23675,15525,Liver
23725,15525,Liver
23775,15525,Liver
23825,15525,Liver
23875,15525,Liver
23925,15525,Liver
23975,15525,Liver
24025,15525,Liver
24075,15525,Liver
24125,15525,Liver
24175,15525,Liver
24225,15525,Liver
24275,15525,Liver
24325,15525,Liver
24375,15525,Liver
24425,15525,Liver
24475,15525,Liver
24525,15525,Liver
24575,15525,Liver
24625,15525,Liver
24675,15525,Liver
24725,15525,Liver
24775,15525,Liver
24825,15525,Liver
24875,15525,Liver
24925,15525,Liver
24975,15525,Liver
15025,15575,Bone
15075,15575,Bone
15125,15575,Connective tissue
15175,15575,Mucosal epithelium
15225,15575,Mucosal epithelium
15275,15575,Connective tissue
15325,15575,Connective tissue
15375,15575,Connective tissue
15425,15575,Muscle
15475,15575,Muscle
15525,15575,Connective tissue
15575,15575,Connective tissue
15625,15575,Connective tissue
15675,15575,Connective tissue
15725,15575,Connective tissue
15775,15575,Connective tissue
15825,15575,Muscle
15875,15575,Muscle
15925,15575,Muscle
15975,15575,Muscle
16025,15575,Muscle
16075,15575,Connective tissue
16125,15575,Muscle
16175,15575,Muscle
16225,15575,Muscle
16275,15575,Muscle
16325,15575,Muscle
16375,15575,Muscle
16425,15575,Muscle
16475,15575,Connective tissue
16525,15575,Muscle
16575,15575,Muscle
16625,15575,Muscle
16675,15575,Muscle
16725,15575,Muscle
16775,15575,Muscle
16825,15575,Muscle
16875,15575,Connective tissue
16925,15575,Connective tissue
16975,15575,Connective tissue
17025,15575,Connective tissue
17075,15575,Connective tissue
17125,15575,Connective tissue
17175,15575,Connective tissue
17225,15575,Connective tissue
17275,15575,Connective tissue
17325,15575,Muscle
17375,15575,Muscle
17425,15575,Muscle
17475,15575,Muscle
17525,15575,Muscle
17575,15575,Muscle
17625,15575,Muscle
17675,15575,Muscle
17725,15575,Muscle
17775,15575,Muscle
17825,15575,Connective tissue
17875,15575,Connective tissue
17925,15575,Thymus
17975,15575,Thymus
18025,15575,Thymus
18075,15575,Thymus
18125,15575,Thymus
18175,15575,Thymus
18225,15575,Thymus
18275,15575,Thymus
18325,15575,Thymus
18375,15575,Thymus
18425,15575,Thymus
18475,15575,Thymus
18525,15575,Thymus
18575,15575,Thymus
18625,15575,Thymus
18675,15575,Thymus
18725,15575,Heart
18775,15575,Heart
18825,15575,Heart
18875,15575,Heart
18925,15575,Heart
18975,15575,Heart
19025,15575,Heart
19075,15575,Heart
19125,15575,Heart
19175,15575,Heart
19225,15575,Heart
19275,15575,Heart
19325,15575,Heart
19375,15575,Heart
19425,15575,Heart
19475,15575,Heart
19525,15575,Heart
19575,15575,Heart
19625,15575,Heart
19675,15575,Heart
19725,15575,Heart
19775,15575,Heart
19825,15575,Heart
19875,15575,Heart
19925,15575,Heart
19975,15575,Heart
20025,15575,Heart
20075,15575,Heart
20125,15575,Connective tissue
20175,15575,Heart
20225,15575,Heart
20275,15575,Heart
20325,15575,Heart
20375,15575,Heart
20425,15575,Heart
20475,15575,Heart
20525,15575,Heart
20575,15575,Heart
20625,15575,Heart
20675,15575,Heart
20725,15575,Heart
20775,15575,Heart
20825,15575,Heart
20875,15575,Heart
20925,15575,Heart
20975,15575,Heart
21025,15575,Heart
21075,15575,Heart
21125,15575,Heart
21175,15575,Heart
21225,15575,Heart
21275,15575,Heart
21325,15575,Heart
21375,15575,Heart
21425,15575,Heart
21475,15575,Heart
21525,15575,Heart
21575,15575,Heart
21625,15575,Heart
21675,15575,Heart
21725,15575,Heart
21775,15575,Heart
21825,15575,Heart
21875,15575,Heart
21925,15575,Heart
21975,15575,Heart
22025,15575,Heart
22075,15575,Heart
22125,15575,Connective tissue
22175,15575,Connective tissue
22225,15575,Connective tissue
22275,15575,Connective tissue
22325,15575,Connective tissue
22375,15575,Connective tissue
22425,15575,Connective tissue
22475,15575,Connective tissue
22525,15575,Connective tissue
22575,15575,Connective tissue
22625,15575,Liver
22675,15575,Liver
22725,15575,Liver
22775,15575,Liver
22825,15575,Liver
22875,15575,Liver
22925,15575,Liver
22975,15575,Liver
23025,15575,Liver
23075,15575,Liver
23125,15575,Liver
23175,15575,Liver
23225,15575,Liver
23275,15575,Liver
23325,15575,Liver
23375,15575,Liver
23425,15575,Liver
23475,15575,Liver
23525,15575,Liver
23575,15575,Liver
23625,15575,Liver
23675,15575,Liver
23725,15575,Liver
23775,15575,Liver
23825,15575,Liver
23875,15575,Liver
23925,15575,Liver
23975,15575,Liver
24025,15575,Liver
24075,15575,Liver
24125,15575,Liver
24175,15575,Liver
24225,15575,Liver
24275,15575,Liver
24325,15575,Liver
24375,15575,Liver
24425,15575,Liver
24475,15575,Liver
24525,15575,Liver
24575,15575,Liver
24625,15575,Liver
24675,15575,Liver
24725,15575,Liver
24775,15575,Liver
24825,15575,Liver
24875,15575,Liver
24925,15575,Liver
24975,15575,Liver
15025,15625,Bone
15075,15625,Bone
15125,15625,Connective tissue
15175,15625,Mucosal epithelium
15225,15625,Connective tissue
15275,15625,Connective tissue
15325,15625,Connective tissue
15375,15625,Muscle
15425,15625,Muscle
15475,15625,Muscle
15525,15625,Connective tissue
15575,15625,Connective tissue
15625,15625,Connective tissue
15675,15625,Connective tissue
15725,15625,Connective tissue
15775,15625,Connective tissue
15825,15625,Muscle
15875,15625,Muscle
15925,15625,Muscle
15975,15625,Muscle
16025,15625,Muscle
16075,15625,Connective tissue
16125,15625,Muscle
16175,15625,Muscle
16225,15625,Muscle
16275,15625,Muscle
16325,15625,Muscle
16375,15625,Muscle
16425,15625,Muscle
16475,15625,Muscle
16525,15625,Muscle
16575,15625,Muscle
16625,15625,Muscle
16675,15625,Muscle
16725,15625,Muscle
16775,15625,Connective tissue
16825,15625,Connective tissue
16875,15625,Connective tissue
16925,15625,Connective tissue
16975,15625,Connective tissue
17025,15625,Connective tissue
17075,15625,Connective tissue
17125,15625,Connective tissue
17175,15625,Connective tissue
17225,15625,Connective tissue
17275,15625,Connective tissue
17325,15625,Connective tissue
17375,15625,Muscle
17425,15625,Muscle
17475,15625,Muscle
17525,15625,Muscle
17575,15625,Muscle
17625,15625,Muscle
17675,15625,Muscle
17725,15625,Muscle
17775,15625,Muscle
17825,15625,Muscle
17875,15625,Muscle
17925,15625,Connective tissue
17975,15625,Thymus
18025,15625,Thymus
18075,15625,Thymus
18125,15625,Thymus
18175,15625,Thymus
18225,15625,Thymus
18275,15625,Thymus
18325,15625,Thymus
18375,15625,Thymus
18425,15625,Thymus
18475,15625,Thymus
18525,15625,Thymus
18575,15625,Thymus
18625,15625,Thymus
18675,15625,Thymus
18725,15625,Heart
18775,15625,Heart
18825,15625,Heart
18875,15625,Heart
18925,15625,Heart
18975,15625,Heart
19025,15625,Heart
19075,15625,Heart
19125,15625,Heart
19175,15625,Heart
19225,15625,Heart
19275,15625,Heart
19325,15625,Heart
19375,15625,Heart
19425,15625,Heart
19475,15625,Heart
19525,15625,Heart
19575,15625,Heart
19625,15625,Heart
19675,15625,Heart
19725,15625,Heart
19775,15625,Heart
19825,15625,Heart
19875,15625,Heart
19925,15625,Heart
19975,15625,Heart
20025,15625,Heart
20075,15625,Heart
20125,15625,Heart
20175,15625,Heart
20225,15625,Heart
20275,15625,Heart
20325,15625,Heart
20375,15625,Heart
20425,15625,Heart
20475,15625,Heart
20525,15625,Heart
20575,15625,Heart
20625,15625,Heart
20675,15625,Heart
20725,15625,Heart
20775,15625,Heart
20825,15625,Heart
20875,15625,Heart
20925,15625,Heart
20975,15625,Heart
21025,15625,Heart
21075,15625,Heart
21125,15625,Heart
21175,15625,Heart
21225,15625,Heart
21275,15625,Heart
21325,15625,Heart
21375,15625,Heart
21425,15625,Heart
21475,15625,Heart
21525,15625,Heart
21575,15625,Heart
21625,15625,Heart
21675,15625,Heart
21725,15625,Heart
21775,15625,Heart
21825,15625,Heart
21875,15625,Heart
21925,15625,Heart
21975,15625,Heart
22025,15625,Heart
22075,15625,Heart
22125,15625,Connective tissue
22175,15625,Connective tissue
22225,15625,Connective tissue
22275,15625,Connective tissue
22325,15625,Connective tissue
22375,15625,Connective tissue
22425,15625,Connective tissue
22475,15625,Connective tissue
22525,15625,Connective tissue
22575,15625,Liver
22625,15625,Liver
22675,15625,Liver
22725,15625,Liver
22775,15625,Liver
22825,15625,Liver
22875,15625,Liver
22925,15625,Liver
22975,15625,Liver
23025,15625,Liver
23075,15625,Liver
23125,15625,Liver
23175,15625,Liver
23225,15625,Liver
23275,15625,Liver
23325,15625,Liver
23375,15625,Liver
23425,15625,Liver
23475,15625,Liver
23525,15625,Liver
23575,15625,Liver
23625,15625,Liver
23675,15625,Liver
23725,15625,Liver
23775,15625,Liver
23825,15625,Liver
23875,15625,Liver
23925,15625,Liver
23975,15625,Liver
24025,15625,Liver
24075,15625,Liver
24125,15625,Liver
24175,15625,Liver
24225,15625,Liver
24275,15625,Liver
24325,15625,Liver
24375,15625,Liver
24425,15625,Liver
24475,15625,Liver
24525,15625,Liver
24575,15625,Liver
24625,15625,Liver
24675,15625,Liver
24725,15625,Liver
24775,15625,Liver
24825,15625,Liver
24875,15625,Liver
24925,15625,Liver
24975,15625,Liver
15025,15675,Bone
15075,15675,Bone
15125,15675,Connective tissue
15175,15675,Mucosal epithelium
15225,15675,Connective tissue
15275,15675,Connective tissue
15325,15675,Connective tissue
15375,15675,Connective tissue
15425,15675,Muscle
15475,15675,Muscle
15525,15675,Connective tissue
15575,15675,Connective tissue
15625,15675,Connective tissue
15675,15675,Connective tissue
15725,15675,Connective tissue
15775,15675,Muscle
15825,15675,Muscle
15875,15675,Muscle
15925,15675,Muscle
15975,15675,Muscle
16025,15675,Muscle
16075,15675,Muscle
16125,15675,Muscle
16175,15675,Muscle
16225,15675,Muscle
16275,15675,Muscle
16325,15675,Muscle
16375,15675,Muscle
16425,15675,Muscle
16475,15675,Muscle
16525,15675,Muscle
16575,15675,Muscle
16625,15675,Muscle
16675,15675,Connective tissue
16725,15675,Connective tissue
16775,15675,Connective tissue
16825,15675,Connective tissue
16875,15675,Connective tissue
16925,15675,Connective tissue
16975,15675,Connective tissue
17025,15675,Connective tissue
17075,15675,Connective tissue
17125,15675,Connective tissue
17175,15675,Connective tissue
17225,15675,Connective tissue
17275,15675,Connective tissue
17325,15675,Connective tissue
17375,15675,Connective tissue
17425,15675,Connective tissue
17475,15675,Muscle
17525,15675,Muscle
17575,15675,Muscle
17625,15675,Muscle
17675,15675,Muscle
17725,15675,Muscle
17775,15675,Muscle
17825,15675,Muscle
17875,15675,Muscle
17925,15675,Muscle
17975,15675,Connective tissue
18025,15675,Connective tissue
18075,15675,Thymus
18125,15675,Thymus
18175,15675,Thymus
18225,15675,Thymus
18275,15675,Thymus
18325,15675,Thymus
18375,15675,Thymus
18425,15675,Thymus
18475,15675,Thymus
18525,15675,Thymus
18575,15675,Thymus
18625,15675,Thymus
18675,15675,Heart
18725,15675,Heart
18775,15675,Heart
18825,15675,Heart
18875,15675,Heart
18925,15675,Heart
18975,15675,Heart
19025,15675,Heart
19075,15675,Heart
19125,15675,Heart
19175,15675,Heart
19225,15675,Heart
19275,15675,Heart
19325,15675,Heart
19375,15675,Heart
19425,15675,Heart
19475,15675,Heart
19525,15675,Heart
19575,15675,Heart
19625,15675,Heart
19675,15675,Heart
19725,15675,Heart
19775,15675,Heart
19825,15675,Heart
19875,15675,Heart
19925,15675,Heart
19975,15675,Heart
20025,15675,Heart
20075,15675,Heart
20125,15675,Heart
20175,15675,Heart
20225,15675,Heart
20275,15675,Heart
20325,15675,Heart
20375,15675,Heart
20425,15675,Heart
20475,15675,Heart
20525,15675,Heart
20575,15675,Heart
20625,15675,Heart
20675,15675,Heart
20725,15675,Heart
20775,15675,Heart
20825,15675,Heart
20875,15675,Heart
20925,15675,Heart
20975,15675,Heart
21025,15675,Heart
21075,15675,Heart
21125,15675,Heart
21175,15675,Heart
21225,15675,Heart
21275,15675,Heart
21325,15675,Heart
21375,15675,Heart
21425,15675,Heart
21475,15675,Heart
21525,15675,Heart
21575,15675,Heart
21625,15675,Heart
21675,15675,Heart
21725,15675,Heart
21775,15675,Heart
21825,15675,Heart
21875,15675,Heart
21925,15675,Heart
21975,15675,Heart
22025,15675,Heart
22075,15675,Connective tissue
22125,15675,Connective tissue
22175,15675,Connective tissue
22225,15675,Connective tissue
22275,15675,Connective tissue
22325,15675,Connective tissue
22375,15675,Connective tissue
22425,15675,Connective tissue
22475,15675,Connective tissue
22525,15675,Liver
22575,15675,Liver
22625,15675,Liver
22675,15675,Liver
22725,15675,Liver
22775,15675,Liver
22825,15675,Liver
22875,15675,Liver
22925,15675,Liver
22975,15675,Liver
23025,15675,Liver
23075,15675,Liver
23125,15675,Liver
23175,15675,Liver
23225,15675,Liver
23275,15675,Liver
23325,15675,Liver
23375,15675,Liver
23425,15675,Liver
23475,15675,Liver
23525,15675,Liver
23575,15675,Liver
23625,15675,Liver
23675,15675,Liver
23725,15675,Liver
23775,15675,Liver
23825,15675,Liver
23875,15675,Liver
23925,15675,Liver
23975,15675,Liver
24025,15675,Liver
24075,15675,Liver
24125,15675,Liver
24175,15675,Liver
24225,15675,Liver
24275,15675,Liver
24325,15675,Liver
24375,15675,Liver
24425,15675,Liver
24475,15675,Liver
24525,15675,Liver
24575,15675,Liver
24625,15675,Liver
24675,15675,Liver
24725,15675,Liver
24775,15675,Liver
24825,15675,Liver
24875,15675,Liver
24925,15675,Liver
24975,15675,Liver
15025,15725,Connective tissue
15075,15725,Connective tissue
15125,15725,Bone
15175,15725,Connective tissue
15225,15725,Connective tissue
15275,15725,Connective tissue
15325,15725,Brain
15375,15725,Connective tissue
15425,15725,Connective tissue
15475,15725,Connective tissue
15525,15725,Connective tissue
15575,15725,Connective tissue
15625,15725,Connective tissue
15675,15725,Connective tissue
15725,15725,Connective tissue
15775,15725,Connective tissue
15825,15725,Muscle
15875,15725,Muscle
15925,15725,Muscle
15975,15725,Muscle
16025,15725,Muscle
16075,15725,Muscle
16125,15725,Muscle
16175,15725,Muscle
16225,15725,Muscle
16275,15725,Muscle
16325,15725,Muscle
16375,15725,Connective tissue
16425,15725,Muscle
16475,15725,Muscle
16525,15725,Muscle
16575,15725,Muscle
16625,15725,Muscle
16675,15725,Connective tissue
16725,15725,Connective tissue
16775,15725,Connective tissue
16825,15725,Connective tissue
16875,15725,Connective tissue
16925,15725,Connective tissue
16975,15725,Connective tissue
17025,15725,Connective tissue
17075,15725,Connective tissue
17125,15725,Connective tissue
17175,15725,Connective tissue
17225,15725,Connective tissue
17275,15725,Connective tissue
17325,15725,Connective tissue
17375,15725,Connective tissue
17425,15725,Connective tissue
17475,15725,Connective tissue
17525,15725,Muscle
17575,15725,Muscle
17625,15725,Muscle
17675,15725,Muscle
17725,15725,Muscle
17775,15725,Muscle
17825,15725,Muscle
17875,15725,Muscle
17925,15725,Muscle
17975,15725,Muscle
18025,15725,Connective tissue
18075,15725,Connective tissue
18125,15725,Kidney
18175,15725,Kidney
18225,15725,Thymus
18275,15725,Thymus
18325,15725,Thymus
18375,15725,Thymus
18425,15725,Thymus
18475,15725,Thymus
18525,15725,Kidney
18575,15725,GI tract
18625,15725,Heart
18675,15725,Heart
18725,15725,Heart
18775,15725,Heart
18825,15725,Heart
18875,15725,Heart
18925,15725,Heart
18975,15725,Heart
19025,15725,Heart
19075,15725,Heart
19125,15725,Heart
19175,15725,Heart
19225,15725,Heart
19275,15725,Heart
19325,15725,Heart
19375,15725,Heart
19425,15725,Heart
19475,15725,Heart
19525,15725,Heart
19575,15725,Heart
19625,15725,Heart
19675,15725,Heart
19725,15725,Heart
19775,15725,Heart
19825,15725,Heart
19875,15725,Heart
19925,15725,Heart
19975,15725,Heart
20025,15725,Heart
20075,15725,Heart
20125,15725,Heart
20175,15725,Heart
20225,15725,Heart
20275,15725,Heart
20325,15725,Heart
20375,15725,Heart
20425,15725,Heart
20475,15725,Heart
20525,15725,Heart
20575,15725,Heart
20625,15725,Heart
20675,15725,Heart
20725,15725,Heart
20775,15725,Heart
20825,15725,Heart
20875,15725,Heart
20925,15725,Heart
20975,15725,Heart
21025,15725,Heart
21075,15725,Heart
21125,15725,Heart
21175,15725,Heart
21225,15725,Heart
21275,15725,Heart
21325,15725,Heart
21375,15725,Heart
21425,15725,Heart
21475,15725,Heart
21525,15725,Heart
21575,15725,Heart
21625,15725,Heart
21675,15725,Heart
21725,15725,Heart
21775,15725,Heart
21825,15725,Heart
21875,15725,Heart
21925,15725,Heart
21975,15725,Heart
22025,15725,Connective tissue
22075,15725,Connective tissue
22125,15725,Connective tissue
22175,15725,Connective tissue
22225,15725,Connective tissue
22275,15725,Connective tissue
22325,15725,Connective tissue
22375,15725,Connective tissue
22425,15725,Connective tissue
22475,15725,Liver
22525,15725,Liver
22575,15725,Liver
22625,15725,Liver
22675,15725,Liver
22725,15725,Liver
22775,15725,Liver
22825,15725,Liver
22875,15725,Liver
22925,15725,Liver
22975,15725,Liver
23025,15725,Liver
23075,15725,Liver
23125,15725,Liver
23175,15725,Liver
23225,15725,Liver
23275,15725,Liver
23325,15725,Liver
23375,15725,Liver
23425,15725,Liver
23475,15725,Liver
23525,15725,Liver
23575,15725,Liver
23625,15725,Liver
23675,15725,Liver
23725,15725,Liver
23775,15725,Liver
23825,15725,Liver
23875,15725,Liver
23925,15725,Liver
23975,15725,Liver
24025,15725,Liver
24075,15725,Liver
24125,15725,Liver
24175,15725,Liver
24225,15725,Liver
24275,15725,Liver
24325,15725,Liver
24375,15725,Liver
24425,15725,Liver
24475,15725,Liver
24525,15725,Liver
24575,15725,Liver
24625,15725,Liver
24675,15725,Liver
24725,15725,Liver
24775,15725,Liver
24825,15725,Liver
24875,15725,Liver
24925,15725,Liver
24975,15725,Liver
15025,15775,Bone
15075,15775,Bone
15125,15775,Connective tissue
15175,15775,Connective tissue
15225,15775,Connective tissue
15275,15775,Brain
15325,15775,Brain
15375,15775,Connective tissue
15425,15775,Connective tissue
15475,15775,Connective tissue
15525,15775,Connective tissue
15575,15775,Connective tissue
15625,15775,Connective tissue
15675,15775,Connective tissue
15725,15775,Connective tissue
15775,15775,Connective tissue
15825,15775,Connective tissue
15875,15775,Muscle
15925,15775,Muscle
15975,15775,Muscle
16025,15775,Muscle
16075,15775,Muscle
16125,15775,Muscle
16175,15775,Muscle
16225,15775,Muscle
16275,15775,Muscle
16325,15775,Muscle
16375,15775,Muscle
16425,15775,Muscle
16475,15775,Connective tissue
16525,15775,Muscle
16575,15775,Muscle
16625,15775,Connective tissue
16675,15775,Connective tissue
16725,15775,Connective tissue
16775,15775,Connective tissue
16825,15775,Connective tissue
16875,15775,Connective tissue
16925,15775,Connective tissue
16975,15775,Connective tissue
17025,15775,Connective tissue
17075,15775,Connective tissue
17125,15775,Connective tissue
17175,15775,Connective tissue
17225,15775,Connective tissue
17275,15775,Connective tissue
17325,15775,Connective tissue
17375,15775,Connective tissue
17425,15775,Connective tissue
17475,15775,Connective tissue
17525,15775,Connective tissue
17575,15775,Connective tissue
17625,15775,Connective tissue
17675,15775,Connective tissue
17725,15775,Muscle
17775,15775,Muscle
17825,15775,Muscle
17875,15775,Muscle
17925,15775,Muscle
17975,15775,Muscle
18025,15775,Connective tissue
18075,15775,Connective tissue
18125,15775,Connective tissue
18175,15775,Connective tissue
18225,15775,Connective tissue
18275,15775,GI tract
18325,15775,GI tract
18375,15775,Thymus
18425,15775,Connective tissue
18475,15775,Connective tissue
18525,15775,Connective tissue
18575,15775,Heart
18625,15775,Heart
18675,15775,Heart
18725,15775,Heart
18775,15775,Heart
18825,15775,Heart
18875,15775,Heart
18925,15775,Heart
18975,15775,Heart
19025,15775,Heart
19075,15775,Heart
19125,15775,Heart
19175,15775,Heart
19225,15775,Heart
19275,15775,Heart
19325,15775,Heart
19375,15775,Heart
19425,15775,Heart
19475,15775,Heart
19525,15775,Heart
19575,15775,Heart
19625,15775,Heart
19675,15775,Heart
19725,15775,Heart
19775,15775,Heart
19825,15775,Heart
19875,15775,Heart
19925,15775,Heart
19975,15775,Heart
20025,15775,Heart
20075,15775,Heart
20125,15775,Heart
20175,15775,Heart
20225,15775,Heart
20275,15775,Heart
20325,15775,Heart
20375,15775,Heart
20425,15775,Heart
20475,15775,Heart
20525,15775,Heart
20575,15775,Heart
20625,15775,Heart
20675,15775,Heart
20725,15775,Heart
20775,15775,Heart
20825,15775,Heart
20875,15775,Heart
20925,15775,Heart
20975,15775,Heart
21025,15775,Heart
21075,15775,Heart
21125,15775,Heart
21175,15775,Heart
21225,15775,Heart
21275,15775,Heart
21325,15775,Heart
21375,15775,Heart
21425,15775,Heart
21475,15775,Heart
21525,15775,Heart
21575,15775,Heart
21625,15775,Heart
21675,15775,Heart
21725,15775,Heart
21775,15775,Heart
21825,15775,Heart
21875,15775,Heart
21925,15775,Heart
21975,15775,Heart
22025,15775,Connective tissue
22075,15775,Connective tissue
22125,15775,Connective tissue
22175,15775,Connective tissue
22225,15775,Connective tissue
22275,15775,Connective tissue
22325,15775,Connective tissue
22375,15775,Connective tissue
22425,15775,Connective tissue
22475,15775,Liver
22525,15775,Liver
22575,15775,Liver
22625,15775,Liver
22675,15775,Liver
22725,15775,Liver
22775,15775,Liver
22825,15775,Liver
22875,15775,Liver
22925,15775,Liver
22975,15775,Liver
23025,15775,Liver
23075,15775,Liver
23125,15775,Liver
23175,15775,Liver
23225,15775,Liver
23275,15775,Liver
23325,15775,Liver
23375,15775,Liver
23425,15775,Liver
23475,15775,Liver
23525,15775,Liver
23575,15775,Liver
23625,15775,Liver
23675,15775,Liver
23725,15775,Liver
23775,15775,Liver
23825,15775,Liver
23875,15775,Liver
23925,15775,Liver
23975,15775,Liver
24025,15775,Liver
24075,15775,Liver
24125,15775,Liver
24175,15775,Liver
24225,15775,Liver
24275,15775,Liver
24325,15775,Liver
24375,15775,Liver
24425,15775,Liver
24475,15775,Liver
24525,15775,Liver
24575,15775,Liver
24625,15775,Liver
24675,15775,Liver
24725,15775,Liver
24775,15775,Liver
24825,15775,Liver
24875,15775,Liver
24925,15775,Liver
24975,15775,Liver
15025,15825,Bone
15075,15825,Connective tissue
15125,15825,Connective tissue
15175,15825,Connective tissue
15225,15825,Connective tissue
15275,15825,Brain
15325,15825,Bone
15375,15825,Connective tissue
15425,15825,Connective tissue
15475,15825,Connective tissue
15525,15825,Connective tissue
15575,15825,Connective tissue
15625,15825,Connective tissue
15675,15825,Connective tissue
15725,15825,Connective tissue
15775,15825,Connective tissue
15825,15825,Connective tissue
15875,15825,Connective tissue
15925,15825,Connective tissue
15975,15825,Connective tissue
16025,15825,Connective tissue
16075,15825,Connective tissue
16125,15825,Muscle
16175,15825,Muscle
16225,15825,Muscle
16275,15825,Muscle
16325,15825,Muscle
16375,15825,Muscle
16425,15825,Muscle
16475,15825,Muscle
16525,15825,Muscle
16575,15825,Connective tissue
16625,15825,Connective tissue
16675,15825,Connective tissue
16725,15825,Connective tissue
16775,15825,Connective tissue
16825,15825,Connective tissue
16875,15825,Connective tissue
16925,15825,Connective tissue
16975,15825,Connective tissue
17025,15825,Connective tissue
17075,15825,Connective tissue
17125,15825,Connective tissue
17175,15825,Connective tissue
17225,15825,Connective tissue
17275,15825,Bone
17325,15825,Connective tissue
17375,15825,Connective tissue
17425,15825,Connective tissue
17475,15825,Connective tissue
17525,15825,Connective tissue
17575,15825,Connective tissue
17625,15825,Connective tissue
17675,15825,Connective tissue
17725,15825,Connective tissue
17775,15825,Connective tissue
17825,15825,Muscle
17875,15825,Muscle
17925,15825,Muscle
17975,15825,Muscle
18025,15825,Muscle
18075,15825,Connective tissue
18125,15825,Connective tissue
18175,15825,Connective tissue
18225,15825,Connective tissue
18275,15825,Connective tissue
18325,15825,Connective tissue
18375,15825,Connective tissue
18425,15825,Connective tissue
18475,15825,Connective tissue
18525,15825,Connective tissue
18575,15825,Heart
18625,15825,Heart
18675,15825,Heart
18725,15825,Heart
18775,15825,Heart
18825,15825,Heart
18875,15825,Heart
18925,15825,Heart
18975,15825,Heart
19025,15825,Heart
19075,15825,Heart
19125,15825,Heart
19175,15825,Heart
19225,15825,Heart
19275,15825,Heart
19325,15825,Heart
19375,15825,Heart
19425,15825,Heart
19475,15825,Heart
19525,15825,Heart
19575,15825,Heart
19625,15825,Heart
19675,15825,Heart
19725,15825,Heart
19775,15825,Heart
19825,15825,Heart
19875,15825,Heart
19925,15825,Heart
19975,15825,Heart
20025,15825,Heart
20075,15825,Heart
20125,15825,Heart
20175,15825,Heart
20225,15825,Heart
20275,15825,Heart
20325,15825,Heart
20375,15825,Heart
20425,15825,Heart
20475,15825,Heart
20525,15825,Heart
20575,15825,Heart
20625,15825,Heart
20675,15825,Heart
20725,15825,Heart
20775,15825,Heart
20825,15825,Heart
20875,15825,Heart
20925,15825,Heart
20975,15825,Heart
21025,15825,Heart
21075,15825,Heart
21125,15825,Heart
21175,15825,Heart
21225,15825,Heart
21275,15825,Heart
21325,15825,Heart
21375,15825,Heart
21425,15825,Heart
21475,15825,Heart
21525,15825,Heart
21575,15825,Heart
21625,15825,Heart
21675,15825,Heart
21725,15825,Heart
21775,15825,Heart
21825,15825,Heart
21875,15825,Heart
21925,15825,Heart
21975,15825,Connective tissue
22025,15825,Connective tissue
22075,15825,Connective tissue
22125,15825,Connective tissue
22175,15825,Connective tissue
22225,15825,Connective tissue
22275,15825,Connective tissue
22325,15825,Connective tissue
22375,15825,Connective tissue
22425,15825,Liver
22475,15825,Liver
22525,15825,Liver
22575,15825,Liver
22625,15825,Liver
22675,15825,Liver
22725,15825,Liver
22775,15825,Liver
22825,15825,Liver
22875,15825,Liver
22925,15825,Liver
22975,15825,Liver
23025,15825,Liver
23075,15825,Liver
23125,15825,Liver
23175,15825,Liver
23225,15825,Liver
23275,15825,Liver
23325,15825,Liver
23375,15825,Liver
23425,15825,Liver
23475,15825,Liver
23525,15825,Liver
23575,15825,Liver
23625,15825,Liver
23675,15825,Liver
23725,15825,Liver
23775,15825,Liver
23825,15825,Liver
23875,15825,Liver
23925,15825,Liver
23975,15825,Liver
24025,15825,Liver
24075,15825,Liver
24125,15825,Liver
24175,15825,Liver
24225,15825,Liver
24275,15825,Liver
24325,15825,Liver
24375,15825,Liver
24425,15825,Liver
24475,15825,Liver
24525,15825,Liver
24575,15825,Liver
24625,15825,Liver
24675,15825,Liver
24725,15825,Liver
24775,15825,Liver
24825,15825,Liver
24875,15825,Liver
24925,15825,Liver
24975,15825,Liver
15025,15875,Connective tissue
15075,15875,Connective tissue
15125,15875,Connective tissue
15175,15875,Connective tissue
15225,15875,Bone
15275,15875,Bone
15325,15875,Bone
15375,15875,Cartilage
15425,15875,Connective tissue
15475,15875,Connective tissue
15525,15875,Connective tissue
15575,15875,Connective tissue
15625,15875,Connective tissue
15675,15875,Connective tissue
15725,15875,Connective tissue
15775,15875,Connective tissue
15825,15875,Connective tissue
15875,15875,Connective tissue
15925,15875,Cartilage primordium
15975,15875,Cartilage primordium
16025,15875,Connective tissue
16075,15875,Connective tissue
16125,15875,Muscle
16175,15875,Muscle
16225,15875,Muscle
16275,15875,Muscle
16325,15875,Muscle
16375,15875,Muscle
16425,15875,Muscle
16475,15875,Connective tissue
16525,15875,Connective tissue
16575,15875,Connective tissue
16625,15875,Connective tissue
16675,15875,Connective tissue
16725,15875,Connective tissue
16775,15875,Connective tissue
16825,15875,Connective tissue
16875,15875,Connective tissue
16925,15875,Connective tissue
16975,15875,Connective tissue
17025,15875,Connective tissue
17075,15875,Connective tissue
17125,15875,Connective tissue
17175,15875,Connective tissue
17225,15875,Connective tissue
17275,15875,Connective tissue
17325,15875,Connective tissue
17375,15875,Connective tissue
17425,15875,Connective tissue
17475,15875,Connective tissue
17525,15875,Connective tissue
17575,15875,Connective tissue
17625,15875,Connective tissue
17675,15875,Connective tissue
17725,15875,Connective tissue
17775,15875,Connective tissue
17825,15875,Connective tissue
17875,15875,Muscle
17925,15875,Muscle
17975,15875,Muscle
18025,15875,Muscle
18075,15875,Connective tissue
18125,15875,Connective tissue
18175,15875,Connective tissue
18225,15875,Connective tissue
18275,15875,Connective tissue
18325,15875,Connective tissue
18375,15875,Connective tissue
18425,15875,Connective tissue
18475,15875,Heart
18525,15875,Heart
18575,15875,Heart
18625,15875,Heart
18675,15875,Heart
18725,15875,Heart
18775,15875,Heart
18825,15875,Heart
18875,15875,Heart
18925,15875,Heart
18975,15875,Heart
19025,15875,Heart
19075,15875,Heart
19125,15875,Heart
19175,15875,Heart
19225,15875,Heart
19275,15875,Heart
19325,15875,Heart
19375,15875,Heart
19425,15875,Heart
19475,15875,Heart
19525,15875,Heart
19575,15875,Heart
19625,15875,Heart
19675,15875,Heart
19725,15875,Heart
19775,15875,Heart
19825,15875,Heart
19875,15875,Heart
19925,15875,Heart
19975,15875,Heart
20025,15875,Heart
20075,15875,Heart
20125,15875,Heart
20175,15875,Heart
20225,15875,Heart
20275,15875,Connective tissue
20325,15875,Heart
20375,15875,Connective tissue
20425,15875,Heart
20475,15875,Heart
20525,15875,Heart
20575,15875,Heart
20625,15875,Heart
20675,15875,Heart
20725,15875,Heart
20775,15875,Heart
20825,15875,Heart
20875,15875,Heart
20925,15875,Heart
20975,15875,Heart
21025,15875,Heart
21075,15875,Heart
21125,15875,Heart
21175,15875,Heart
21225,15875,Heart
21275,15875,Heart
21325,15875,Heart
21375,15875,Heart
21425,15875,Heart
21475,15875,Heart
21525,15875,Heart
21575,15875,Heart
21625,15875,Heart
21675,15875,Heart
21725,15875,Heart
21775,15875,Heart
21825,15875,Heart
21875,15875,Heart
21925,15875,Connective tissue
21975,15875,Connective tissue
22025,15875,Connective tissue
22075,15875,Connective tissue
22125,15875,Connective tissue
22175,15875,Connective tissue
22225,15875,Connective tissue
22275,15875,Connective tissue
22325,15875,Connective tissue
22375,15875,Connective tissue
22425,15875,Liver
22475,15875,Liver
22525,15875,Liver
22575,15875,Liver
22625,15875,Liver
22675,15875,Liver
22725,15875,Liver
22775,15875,Liver
22825,15875,Liver
22875,15875,Liver
22925,15875,Liver
22975,15875,Liver
23025,15875,Liver
23075,15875,Liver
23125,15875,Liver
23175,15875,Liver
23225,15875,Liver
23275,15875,Liver
23325,15875,Liver
23375,15875,Liver
23425,15875,Liver
23475,15875,Liver
23525,15875,Liver
23575,15875,Liver
23625,15875,Liver
23675,15875,Liver
23725,15875,Liver
23775,15875,Liver
23825,15875,Liver
23875,15875,Liver
23925,15875,Liver
23975,15875,Liver
24025,15875,Liver
24075,15875,Liver
24125,15875,Liver
24175,15875,Liver
24225,15875,Liver
24275,15875,Liver
24325,15875,Liver
24375,15875,Liver
24425,15875,Liver
24475,15875,Liver
24525,15875,Liver
24575,15875,Liver
24625,15875,Liver
24675,15875,Liver
24725,15875,Liver
24775,15875,Liver
24825,15875,Liver
24875,15875,Liver
24925,15875,Liver
24975,15875,Liver
15025,15925,Connective tissue
15075,15925,Connective tissue
15125,15925,Jaw and tooth
15175,15925,Connective tissue
15225,15925,Connective tissue
15275,15925,Connective tissue
15325,15925,Connective tissue
15375,15925,Connective tissue
15425,15925,Connective tissue
15475,15925,Connective tissue
15525,15925,Connective tissue
15575,15925,Connective tissue
15625,15925,Connective tissue
15675,15925,Connective tissue
15725,15925,Connective tissue
15775,15925,Connective tissue
15825,15925,Connective tissue
15875,15925,Cartilage primordium
15925,15925,Cartilage primordium
15975,15925,Connective tissue
16025,15925,Connective tissue
16075,15925,Connective tissue
16125,15925,Muscle
16175,15925,Muscle
16225,15925,Muscle
16275,15925,Muscle
16325,15925,Muscle
16375,15925,Muscle
16425,15925,Connective tissue
16475,15925,Connective tissue
16525,15925,Connective tissue
16575,15925,Connective tissue
16625,15925,Connective tissue
16675,15925,Connective tissue
16725,15925,Connective tissue
16775,15925,Connective tissue
16825,15925,Connective tissue
16875,15925,Connective tissue
16925,15925,Connective tissue
16975,15925,Connective tissue
17025,15925,Connective tissue
17075,15925,Connective tissue
17125,15925,Connective tissue
17175,15925,Connective tissue
17225,15925,Connective tissue
17275,15925,Connective tissue
17325,15925,Connective tissue
17375,15925,Connective tissue
17425,15925,Connective tissue
17475,15925,Connective tissue
17525,15925,Connective tissue
17575,15925,Connective tissue
17625,15925,Connective tissue
17675,15925,Cartilage primordium
17725,15925,Cartilage primordium
17775,15925,Cartilage primordium
17825,15925,Connective tissue
17875,15925,Connective tissue
17925,15925,Muscle
17975,15925,Muscle
18025,15925,Muscle
18075,15925,Muscle
18125,15925,Connective tissue
18175,15925,Connective tissue
18225,15925,Connective tissue
18275,15925,Connective tissue
18325,15925,Connective tissue
18375,15925,Connective tissue
18425,15925,Heart
18475,15925,Heart
18525,15925,Heart
18575,15925,Heart
18625,15925,Heart
18675,15925,Heart
18725,15925,Heart
18775,15925,Heart
18825,15925,Heart
18875,15925,Heart
18925,15925,Heart
18975,15925,Connective tissue
19025,15925,Connective tissue
19075,15925,Connective tissue
19125,15925,Heart
19175,15925,Heart
19225,15925,Heart
19275,15925,Heart
19325,15925,Heart
19375,15925,Heart
19425,15925,Heart
19475,15925,Heart
19525,15925,Heart
19575,15925,Heart
19625,15925,Heart
19675,15925,Heart
19725,15925,Heart
19775,15925,Heart
19825,15925,Heart
19875,15925,Heart
19925,15925,Heart
19975,15925,Heart
20025,15925,Heart
20075,15925,Heart
20125,15925,Heart
20175,15925,Heart
20225,15925,Heart
20275,15925,Heart
20325,15925,Heart
20375,15925,Heart
20425,15925,Heart
20475,15925,Heart
20525,15925,Heart
20575,15925,Heart
20625,15925,Heart
20675,15925,Heart
20725,15925,Heart
20775,15925,Heart
20825,15925,Heart
20875,15925,Heart
20925,15925,Heart
20975,15925,Heart
21025,15925,Heart
21075,15925,Heart
21125,15925,Heart
21175,15925,Heart
21225,15925,Heart
21275,15925,Heart
21325,15925,Heart
21375,15925,Heart
21425,15925,Heart
21475,15925,Heart
21525,15925,Heart
21575,15925,Heart
21625,15925,Heart
21675,15925,Heart
21725,15925,Heart
21775,15925,Heart
21825,15925,Heart
21875,15925,Heart
21925,15925,Connective tissue
21975,15925,Heart
22025,15925,Connective tissue
22075,15925,Connective tissue
22125,15925,Connective tissue
22175,15925,Connective tissue
22225,15925,Connective tissue
22275,15925,Connective tissue
22325,15925,Connective tissue
22375,15925,Liver
22425,15925,Liver
22475,15925,Liver
22525,15925,Liver
22575,15925,Liver
22625,15925,Liver
22675,15925,Liver
22725,15925,Liver
22775,15925,Liver
22825,15925,Liver
22875,15925,Liver
22925,15925,Liver
22975,15925,Liver
23025,15925,Liver
23075,15925,Liver
23125,15925,Liver
23175,15925,Liver
23225,15925,Liver
23275,15925,Liver
23325,15925,Liver
23375,15925,Liver
23425,15925,Liver
23475,15925,Liver
23525,15925,Liver
23575,15925,Liver
23625,15925,Liver
23675,15925,Liver
23725,15925,Liver
23775,15925,Liver
23825,15925,Liver
23875,15925,Liver
23925,15925,Liver
23975,15925,Liver
24025,15925,Liver
24075,15925,Liver
24125,15925,Liver
24175,15925,Liver
24225,15925,Liver
24275,15925,Liver
24325,15925,Liver
24375,15925,Liver
24425,15925,Liver
24475,15925,Liver
24525,15925,Liver
24575,15925,Liver
24625,15925,Liver
24675,15925,Liver
24725,15925,Liver
24775,15925,Liver
24825,15925,Liver
24875,15925,Liver
24925,15925,Liver
24975,15925,Liver
15025,15975,Connective tissue
15075,15975,Connective tissue
15125,15975,Connective tissue
15175,15975,Connective tissue
15225,15975,Connective tissue
15275,15975,Connective tissue
15325,15975,Connective tissue
15375,15975,Connective tissue
15425,15975,Connective tissue
15475,15975,Connective tissue
15525,15975,Connective tissue
15575,15975,Connective tissue
15625,15975,Connective tissue
15675,15975,Connective tissue
15725,15975,Connective tissue
15775,15975,Connective tissue
15825,15975,Cartilage primordium
15875,15975,Cartilage primordium
15925,15975,Connective tissue
15975,15975,Connective tissue
16025,15975,Connective tissue
16075,15975,Muscle
16125,15975,Muscle
16175,15975,Muscle
16225,15975,Muscle
16275,15975,Muscle
16325,15975,Muscle
16375,15975,Connective tissue
16425,15975,Connective tissue
16475,15975,Connective tissue
16525,15975,Connective tissue
16575,15975,Connective tissue
16625,15975,Connective tissue
16675,15975,Connective tissue
16725,15975,Connective tissue
16775,15975,Connective tissue
16825,15975,Connective tissue
16875,15975,Connective tissue
16925,15975,Connective tissue
16975,15975,Connective tissue
17025,15975,Connective tissue
17075,15975,Connective tissue
17125,15975,Connective tissue
17175,15975,Connective tissue
17225,15975,Connective tissue
17275,15975,Connective tissue
17325,15975,Connective tissue
17375,15975,Connective tissue
17425,15975,Connective tissue
17475,15975,Connective tissue
17525,15975,Connective tissue
17575,15975,Connective tissue
17625,15975,Cartilage primordium
17675,15975,Cartilage primordium
17725,15975,Cartilage primordium
17775,15975,Cartilage primordium
17825,15975,Cartilage primordium
17875,15975,Connective tissue
17925,15975,Connective tissue
17975,15975,Connective tissue
18025,15975,Muscle
18075,15975,Muscle
18125,15975,Muscle
18175,15975,Connective tissue
18225,15975,Connective tissue
18275,15975,Connective tissue
18325,15975,Connective tissue
18375,15975,Connective tissue
18425,15975,Heart
18475,15975,Heart
18525,15975,Heart
18575,15975,Heart
18625,15975,Heart
18675,15975,Heart
18725,15975,Heart
18775,15975,Heart
18825,15975,Heart
18875,15975,Heart
18925,15975,Heart
18975,15975,Heart
19025,15975,Connective tissue
19075,15975,Connective tissue
19125,15975,Connective tissue
19175,15975,Heart
19225,15975,Heart
19275,15975,Heart
19325,15975,Heart
19375,15975,Heart
19425,15975,Heart
19475,15975,Heart
19525,15975,Heart
19575,15975,Heart
19625,15975,Heart
19675,15975,Heart
19725,15975,Heart
19775,15975,Heart
19825,15975,Heart
19875,15975,Heart
19925,15975,Heart
19975,15975,Heart
20025,15975,Heart
20075,15975,Heart
20125,15975,Heart
20175,15975,Heart
20225,15975,Heart
20275,15975,Heart
20325,15975,Heart
20375,15975,Heart
20425,15975,Heart
20475,15975,Heart
20525,15975,Heart
20575,15975,Heart
20625,15975,Heart
20675,15975,Heart
20725,15975,Heart
20775,15975,Heart
20825,15975,Heart
20875,15975,Heart
20925,15975,Heart
20975,15975,Heart
21025,15975,Heart
21075,15975,Heart
21125,15975,Heart
21175,15975,Heart
21225,15975,Heart
21275,15975,Heart
21325,15975,Heart
21375,15975,Heart
21425,15975,Heart
21475,15975,Heart
21525,15975,Heart
21575,15975,Heart
21625,15975,Heart
21675,15975,Heart
21725,15975,Heart
21775,15975,Heart
21825,15975,Heart
21875,15975,Heart
21925,15975,Heart
21975,15975,Heart
22025,15975,Connective tissue
22075,15975,Connective tissue
22125,15975,Connective tissue
22175,15975,Connective tissue
22225,15975,Connective tissue
22275,15975,Connective tissue
22325,15975,Connective tissue
22375,15975,Liver
22425,15975,Liver
22475,15975,Liver
22525,15975,Liver
22575,15975,Liver
22625,15975,Liver
22675,15975,Liver
22725,15975,Liver
22775,15975,Liver
22825,15975,Liver
22875,15975,Liver
22925,15975,Liver
22975,15975,Liver
23025,15975,Liver
23075,15975,Liver
23125,15975,Liver
23175,15975,Liver
23225,15975,Liver
23275,15975,Liver
23325,15975,Liver
23375,15975,Liver
23425,15975,Liver
23475,15975,Liver
23525,15975,Liver
23575,15975,Liver
23625,15975,Liver
23675,15975,Liver
23725,15975,Liver
23775,15975,Liver
23825,15975,Liver
23875,15975,Liver
23925,15975,Liver
23975,15975,Liver
24025,15975,Liver
24075,15975,Liver
24125,15975,Liver
24175,15975,Liver
24225,15975,Liver
24275,15975,Liver
24325,15975,Liver
24375,15975,Liver
24425,15975,Liver
24475,15975,Liver
24525,15975,Liver
24575,15975,Liver
24625,15975,Liver
24675,15975,Liver
24725,15975,Liver
24775,15975,Liver
24825,15975,Liver
24875,15975,Liver
24925,15975,Liver
24975,15975,Liver
15025,16025,Connective tissue
15075,16025,Connective tissue
15125,16025,Connective tissue
15175,16025,Connective tissue
15225,16025,Connective tissue
15275,16025,Connective tissue
15325,16025,Connective tissue
15375,16025,Connective tissue
15425,16025,Connective tissue
15475,16025,Connective tissue
15525,16025,Connective tissue
15575,16025,Connective tissue
15625,16025,Connective tissue
15675,16025,Connective tissue
15725,16025,Connective tissue
15775,16025,Connective tissue
15825,16025,Connective tissue
15875,16025,Connective tissue
15925,16025,Connective tissue
15975,16025,Connective tissue
16025,16025,Muscle
16075,16025,Muscle
16125,16025,Muscle
16175,16025,Muscle
16225,16025,Muscle
16275,16025,Muscle
16325,16025,Connective tissue
16375,16025,Connective tissue
16425,16025,Connective tissue
16475,16025,Connective tissue
16525,16025,Muscle
16575,16025,Connective tissue
16625,16025,Connective tissue
16675,16025,Connective tissue
16725,16025,Connective tissue
16775,16025,Connective tissue
16825,16025,Connective tissue
16875,16025,Connective tissue
16925,16025,Connective tissue
16975,16025,Connective tissue
17025,16025,Connective tissue
17075,16025,Connective tissue
17125,16025,Connective tissue
17175,16025,Connective tissue
17225,16025,Connective tissue
17275,16025,Connective tissue
17325,16025,Connective tissue
17375,16025,Connective tissue
17425,16025,Connective tissue
17475,16025,Connective tissue
17525,16025,Connective tissue
17575,16025,Cartilage primordium
17625,16025,Cartilage primordium
17675,16025,Cartilage primordium
17725,16025,Cartilage primordium
17775,16025,Cartilage primordium
17825,16025,Cartilage primordium
17875,16025,Cartilage primordium
17925,16025,Connective tissue
17975,16025,Connective tissue
18025,16025,Connective tissue
18075,16025,Muscle
18125,16025,Muscle
18175,16025,Connective tissue
18225,16025,Connective tissue
18275,16025,Connective tissue
18325,16025,Connective tissue
18375,16025,Heart
18425,16025,Heart
18475,16025,Heart
18525,16025,Heart
18575,16025,Heart
18625,16025,Heart
18675,16025,Heart
18725,16025,Heart
18775,16025,Cavity
18825,16025,Heart
18875,16025,Heart
18925,16025,Heart
18975,16025,Heart
19025,16025,Heart
19075,16025,Heart
19125,16025,Connective tissue
19175,16025,Connective tissue
19225,16025,Heart
19275,16025,Heart
19325,16025,Heart
19375,16025,Heart
19425,16025,Heart
19475,16025,Heart
19525,16025,Heart
19575,16025,Heart
19625,16025,Heart
19675,16025,Heart
19725,16025,Heart
19775,16025,Heart
19825,16025,Heart
19875,16025,Heart
19925,16025,Heart
19975,16025,Heart
20025,16025,Heart
20075,16025,Heart
20125,16025,Heart
20175,16025,Heart
20225,16025,Heart
20275,16025,Heart
20325,16025,Heart
20375,16025,Heart
20425,16025,Heart
20475,16025,Heart
20525,16025,Heart
20575,16025,Heart
20625,16025,Heart
20675,16025,Heart
20725,16025,Heart
20775,16025,Heart
20825,16025,Heart
20875,16025,Heart
20925,16025,Heart
20975,16025,Heart
21025,16025,Heart
21075,16025,Heart
21125,16025,Heart
21175,16025,Heart
21225,16025,Heart
21275,16025,Heart
21325,16025,Heart
21375,16025,Heart
21425,16025,Heart
21475,16025,Heart
21525,16025,Heart
21575,16025,Heart
21625,16025,Heart
21675,16025,Heart
21725,16025,Heart
21775,16025,Heart
21825,16025,Heart
21875,16025,Heart
21925,16025,Heart
21975,16025,Connective tissue
22025,16025,Connective tissue
22075,16025,Connective tissue
22125,16025,Connective tissue
22175,16025,Connective tissue
22225,16025,Connective tissue
22275,16025,Connective tissue
22325,16025,Liver
22375,16025,Liver
22425,16025,Liver
22475,16025,Liver
22525,16025,Liver
22575,16025,Liver
22625,16025,Liver
22675,16025,Liver
22725,16025,Liver
22775,16025,Liver
22825,16025,Liver
22875,16025,Liver
22925,16025,Liver
22975,16025,Liver
23025,16025,Liver
23075,16025,Liver
23125,16025,Liver
23175,16025,Liver
23225,16025,Liver
23275,16025,Liver
23325,16025,Liver
23375,16025,Liver
23425,16025,Liver
23475,16025,Liver
23525,16025,Liver
23575,16025,Liver
23625,16025,Liver
23675,16025,Liver
23725,16025,Liver
23775,16025,Liver
23825,16025,Liver
23875,16025,Liver
23925,16025,Liver
23975,16025,Liver
24025,16025,Liver
24075,16025,Liver
24125,16025,Liver
24175,16025,Liver
24225,16025,Liver
24275,16025,Liver
24325,16025,Liver
24375,16025,Liver
24425,16025,Liver
24475,16025,Liver
24525,16025,Liver
24575,16025,Liver
24625,16025,Liver
24675,16025,Liver
24725,16025,Liver
24775,16025,Liver
24825,16025,Liver
24875,16025,Liver
24925,16025,Liver
24975,16025,Liver
15025,16075,Connective tissue
15075,16075,Connective tissue
15125,16075,Connective tissue
15175,16075,Connective tissue
15225,16075,Connective tissue
15275,16075,Connective tissue
15325,16075,Connective tissue
15375,16075,Connective tissue
15425,16075,Connective tissue
15475,16075,Connective tissue
15525,16075,Connective tissue
15575,16075,Connective tissue
15625,16075,Connective tissue
15675,16075,Connective tissue
15725,16075,Connective tissue
15775,16075,Connective tissue
15825,16075,Connective tissue
15875,16075,Connective tissue
15925,16075,Muscle
15975,16075,Muscle
16025,16075,Muscle
16075,16075,Muscle
16125,16075,Muscle
16175,16075,Muscle
16225,16075,Muscle
16275,16075,Connective tissue
16325,16075,Muscle
16375,16075,Muscle
16425,16075,Muscle
16475,16075,Muscle
16525,16075,Muscle
16575,16075,Muscle
16625,16075,Connective tissue
16675,16075,Connective tissue
16725,16075,Connective tissue
16775,16075,Connective tissue
16825,16075,Connective tissue
16875,16075,Connective tissue
16925,16075,Connective tissue
16975,16075,Connective tissue
17025,16075,Connective tissue
17075,16075,Connective tissue
17125,16075,Connective tissue
17175,16075,Connective tissue
17225,16075,Connective tissue
17275,16075,Connective tissue
17325,16075,Connective tissue
17375,16075,Connective tissue
17425,16075,Connective tissue
17475,16075,Connective tissue
17525,16075,Connective tissue
17575,16075,Cartilage primordium
17625,16075,Cartilage primordium
17675,16075,Cartilage primordium
17725,16075,Cartilage primordium
17775,16075,Cartilage primordium
17825,16075,Cartilage primordium
17875,16075,Cartilage primordium
17925,16075,Cartilage primordium
17975,16075,Connective tissue
18025,16075,Connective tissue
18075,16075,Muscle
18125,16075,Muscle
18175,16075,Muscle
18225,16075,Connective tissue
18275,16075,Connective tissue
18325,16075,Connective tissue
18375,16075,Connective tissue
18425,16075,Heart
18475,16075,Heart
18525,16075,Heart
18575,16075,Heart
18625,16075,Heart
18675,16075,Heart
18725,16075,Cavity
18775,16075,Cavity
18825,16075,Heart
18875,16075,Heart
18925,16075,Heart
18975,16075,Heart
19025,16075,Heart
19075,16075,Heart
19125,16075,Heart
19175,16075,Heart
19225,16075,Heart
19275,16075,Heart
19325,16075,Heart
19375,16075,Heart
19425,16075,Heart
19475,16075,Heart
19525,16075,Heart
19575,16075,Heart
19625,16075,Heart
19675,16075,Heart
19725,16075,Heart
19775,16075,Heart
19825,16075,Heart
19875,16075,Heart
19925,16075,Heart
19975,16075,Heart
20025,16075,Heart
20075,16075,Heart
20125,16075,Heart
20175,16075,Heart
20225,16075,Heart
20275,16075,Heart
20325,16075,Heart
20375,16075,Heart
20425,16075,Heart
20475,16075,Heart
20525,16075,Heart
20575,16075,Heart
20625,16075,Heart
20675,16075,Heart
20725,16075,Heart
20775,16075,Heart
20825,16075,Heart
20875,16075,Heart
20925,16075,Heart
20975,16075,Heart
21025,16075,Heart
21075,16075,Heart
21125,16075,Heart
21175,16075,Heart
21225,16075,Heart
21275,16075,Heart
21325,16075,Heart
21375,16075,Heart
21425,16075,Heart
21475,16075,Heart
21525,16075,Heart
21575,16075,Heart
21625,16075,Heart
21675,16075,Heart
21725,16075,Heart
21775,16075,Heart
21825,16075,Heart
21875,16075,Heart
21925,16075,Heart
21975,16075,Connective tissue
22025,16075,Connective tissue
22075,16075,Connective tissue
22125,16075,Muscle
22175,16075,Connective tissue
22225,16075,Connective tissue
22275,16075,Connective tissue
22325,16075,Liver
22375,16075,Liver
22425,16075,Liver
22475,16075,Liver
22525,16075,Liver
22575,16075,Liver
22625,16075,Liver
22675,16075,Liver
22725,16075,Liver
22775,16075,Liver
22825,16075,Liver
22875,16075,Liver
22925,16075,Liver
22975,16075,Liver
23025,16075,Liver
23075,16075,Liver
23125,16075,Liver
23175,16075,Liver
23225,16075,Liver
23275,16075,Liver
23325,16075,Liver
23375,16075,Liver
23425,16075,Liver
23475,16075,Liver
23525,16075,Liver
23575,16075,Liver
23625,16075,Liver
23675,16075,Liver
23725,16075,Liver
23775,16075,Liver
23825,16075,Liver
23875,16075,Liver
23925,16075,Liver
23975,16075,Liver
24025,16075,Liver
24075,16075,Liver
24125,16075,Liver
24175,16075,Liver
24225,16075,Liver
24275,16075,Liver
24325,16075,Liver
24375,16075,Liver
24425,16075,Liver
24475,16075,Liver
24525,16075,Liver
24575,16075,Liver
24625,16075,Liver
24675,16075,Liver
24725,16075,Liver
24775,16075,Liver
24825,16075,Liver
24875,16075,Liver
24925,16075,Connective tissue
24975,16075,Liver
15025,16125,Connective tissue
15075,16125,Connective tissue
15125,16125,Connective tissue
15175,16125,Connective tissue
15225,16125,Connective tissue
15275,16125,Connective tissue
15325,16125,Connective tissue
15375,16125,Connective tissue
15425,16125,Connective tissue
15475,16125,Connective tissue
15525,16125,Connective tissue
15575,16125,Connective tissue
15625,16125,Connective tissue
15675,16125,Connective tissue
15725,16125,Connective tissue
15775,16125,Connective tissue
15825,16125,Connective tissue
15875,16125,Muscle
15925,16125,Muscle
15975,16125,Muscle
16025,16125,Muscle
16075,16125,Muscle
16125,16125,Muscle
16175,16125,Muscle
16225,16125,Muscle
16275,16125,Muscle
16325,16125,Muscle
16375,16125,Muscle
16425,16125,Muscle
16475,16125,Muscle
16525,16125,Muscle
16575,16125,Muscle
16625,16125,Muscle
16675,16125,Connective tissue
16725,16125,Connective tissue
16775,16125,Connective tissue
16825,16125,Connective tissue
16875,16125,Connective tissue
16925,16125,Connective tissue
16975,16125,Connective tissue
17025,16125,Connective tissue
17075,16125,Connective tissue
17125,16125,Connective tissue
17175,16125,Connective tissue
17225,16125,Connective tissue
17275,16125,Connective tissue
17325,16125,Connective tissue
17375,16125,Connective tissue
17425,16125,Connective tissue
17475,16125,Connective tissue
17525,16125,Connective tissue
17575,16125,Connective tissue
17625,16125,Cartilage primordium
17675,16125,Cartilage primordium
17725,16125,Cartilage primordium
17775,16125,Cartilage primordium
17825,16125,Cartilage primordium
17875,16125,Cartilage primordium
17925,16125,Cartilage primordium
17975,16125,Connective tissue
18025,16125,Connective tissue
18075,16125,Connective tissue
18125,16125,Muscle
18175,16125,Muscle
18225,16125,Connective tissue
18275,16125,Connective tissue
18325,16125,Connective tissue
18375,16125,Connective tissue
18425,16125,Heart
18475,16125,Heart
18525,16125,Heart
18575,16125,Heart
18625,16125,Heart
18675,16125,Heart
18725,16125,Heart
18775,16125,Heart
18825,16125,Heart
18875,16125,Heart
18925,16125,Heart
18975,16125,Heart
19025,16125,Heart
19075,16125,Heart
19125,16125,Heart
19175,16125,Heart
19225,16125,Heart
19275,16125,Heart
19325,16125,Heart
19375,16125,Heart
19425,16125,Heart
19475,16125,Heart
19525,16125,Heart
19575,16125,Heart
19625,16125,Heart
19675,16125,Heart
19725,16125,Heart
19775,16125,Heart
19825,16125,Heart
19875,16125,Heart
19925,16125,Heart
19975,16125,Heart
20025,16125,Heart
20075,16125,Heart
20125,16125,Heart
20175,16125,Heart
20225,16125,Heart
20275,16125,Heart
20325,16125,Heart
20375,16125,Heart
20425,16125,Heart
20475,16125,Heart
20525,16125,Heart
20575,16125,Heart
20625,16125,Heart
20675,16125,Heart
20725,16125,Heart
20775,16125,Heart
20825,16125,Heart
20875,16125,Heart
20925,16125,Heart
20975,16125,Heart
21025,16125,Heart
21075,16125,Heart
21125,16125,Heart
21175,16125,Heart
21225,16125,Heart
21275,16125,Heart
21325,16125,Heart
21375,16125,Heart
21425,16125,Heart
21475,16125,Heart
21525,16125,Heart
21575,16125,Heart
21625,16125,Connective tissue
21675,16125,Heart
21725,16125,Heart
21775,16125,Heart
21825,16125,Heart
21875,16125,Heart
21925,16125,Heart
21975,16125,Connective tissue
22025,16125,Connective tissue
22075,16125,Connective tissue
22125,16125,Connective tissue
22175,16125,Connective tissue
22225,16125,Connective tissue
22275,16125,Liver
22325,16125,Liver
22375,16125,Liver
22425,16125,Liver
22475,16125,Liver
22525,16125,Liver
22575,16125,Liver
22625,16125,Liver
22675,16125,Liver
22725,16125,Liver
22775,16125,Liver
22825,16125,Liver
22875,16125,Liver
22925,16125,Liver
22975,16125,Liver
23025,16125,Liver
23075,16125,Liver
23125,16125,Liver
23175,16125,Liver
23225,16125,Liver
23275,16125,Liver
23325,16125,Liver
23375,16125,Liver
23425,16125,Liver
23475,16125,Liver
23525,16125,Liver
23575,16125,Liver
23625,16125,Liver
23675,16125,Liver
23725,16125,Liver
23775,16125,Liver
23825,16125,Liver
23875,16125,Liver
23925,16125,Liver
23975,16125,Liver
24025,16125,Liver
24075,16125,Liver
24125,16125,Liver
24175,16125,Liver
24225,16125,Liver
24275,16125,Liver
24325,16125,Liver
24375,16125,Liver
24425,16125,Liver
24475,16125,Liver
24525,16125,Liver
24575,16125,Liver
24625,16125,Liver
24675,16125,Liver
24725,16125,Liver
24775,16125,Liver
24825,16125,Liver
24875,16125,Liver
24925,16125,Connective tissue
24975,16125,Liver
15025,16175,Connective tissue
15075,16175,Connective tissue
15125,16175,Connective tissue
15175,16175,Connective tissue
15225,16175,Connective tissue
15275,16175,Connective tissue
15325,16175,Connective tissue
15375,16175,Connective tissue
15425,16175,Connective tissue
15475,16175,Connective tissue
15525,16175,Connective tissue
15575,16175,Connective tissue
15625,16175,Connective tissue
15675,16175,Muscle
15725,16175,Muscle
15775,16175,Muscle
15825,16175,Muscle
15875,16175,Muscle
15925,16175,Muscle
15975,16175,Muscle
16025,16175,Muscle
16075,16175,Muscle
16125,16175,Muscle
16175,16175,Muscle
16225,16175,Muscle
16275,16175,Muscle
16325,16175,Muscle
16375,16175,Muscle
16425,16175,Muscle
16475,16175,Muscle
16525,16175,Muscle
16575,16175,Muscle
16625,16175,Muscle
16675,16175,Muscle
16725,16175,Connective tissue
16775,16175,Connective tissue
16825,16175,Connective tissue
16875,16175,Connective tissue
16925,16175,Connective tissue
16975,16175,Connective tissue
17025,16175,Connective tissue
17075,16175,Connective tissue
17125,16175,Connective tissue
17175,16175,Connective tissue
17225,16175,Connective tissue
17275,16175,Connective tissue
17325,16175,Connective tissue
17375,16175,Connective tissue
17425,16175,Connective tissue
17475,16175,Connective tissue
17525,16175,Connective tissue
17575,16175,Connective tissue
17625,16175,Connective tissue
17675,16175,Cartilage primordium
17725,16175,Cartilage primordium
17775,16175,Cartilage primordium
17825,16175,Cartilage primordium
17875,16175,Cartilage primordium
17925,16175,Cartilage primordium
17975,16175,Connective tissue
18025,16175,Connective tissue
18075,16175,Connective tissue
18125,16175,Connective tissue
18175,16175,Connective tissue
18225,16175,Connective tissue
18275,16175,Connective tissue
18325,16175,Connective tissue
18375,16175,Connective tissue
18425,16175,Heart
18475,16175,Heart
18525,16175,Heart
18575,16175,Heart
18625,16175,Heart
18675,16175,Heart
18725,16175,Heart
18775,16175,Heart
18825,16175,Heart
18875,16175,Heart
18925,16175,Heart
18975,16175,Heart
19025,16175,Heart
19075,16175,Heart
19125,16175,Heart
19175,16175,Heart
19225,16175,Heart
19275,16175,Heart
19325,16175,Heart
19375,16175,Heart
19425,16175,Heart
19475,16175,Heart
19525,16175,Heart
19575,16175,Heart
19625,16175,Heart
19675,16175,Heart
19725,16175,Heart
19775,16175,Heart
19825,16175,Heart
19875,16175,Heart
19925,16175,Heart
19975,16175,Heart
20025,16175,Heart
20075,16175,Heart
20125,16175,Heart
20175,16175,Heart
20225,16175,Heart
20275,16175,Heart
20325,16175,Heart
20375,16175,Heart
20425,16175,Heart
20475,16175,Heart
20525,16175,Heart
20575,16175,Heart
20625,16175,Heart
20675,16175,Heart
20725,16175,Heart
20775,16175,Heart
20825,16175,Heart
20875,16175,Heart
20925,16175,Heart
20975,16175,Heart
21025,16175,Heart
21075,16175,Heart
21125,16175,Heart
21175,16175,Heart
21225,16175,Heart
21275,16175,Heart
21325,16175,Heart
21375,16175,Heart
21425,16175,Heart
21475,16175,Heart
21525,16175,Heart
21575,16175,Connective tissue
21625,16175,Heart
21675,16175,Heart
21725,16175,Heart
21775,16175,Heart
21825,16175,Heart
21875,16175,Heart
21925,16175,Connective tissue
21975,16175,Connective tissue
22025,16175,Connective tissue
22075,16175,Connective tissue
22125,16175,Connective tissue
22175,16175,Cavity
22225,16175,Liver
22275,16175,Liver
22325,16175,Liver
22375,16175,Liver
22425,16175,Liver
22475,16175,Liver
22525,16175,Liver
22575,16175,Liver
22625,16175,Liver
22675,16175,Liver
22725,16175,Liver
22775,16175,Liver
22825,16175,Liver
22875,16175,Liver
22925,16175,Liver
22975,16175,Liver
23025,16175,Liver
23075,16175,Liver
23125,16175,Liver
23175,16175,Liver
23225,16175,Liver
23275,16175,Liver
23325,16175,Liver
23375,16175,Liver
23425,16175,Liver
23475,16175,Liver
23525,16175,Liver
23575,16175,Liver
23625,16175,Liver
23675,16175,Liver
23725,16175,Liver
23775,16175,Liver
23825,16175,Liver
23875,16175,Liver
23925,16175,Liver
23975,16175,Liver
24025,16175,Liver
24075,16175,Liver
24125,16175,Liver
24175,16175,Liver
24225,16175,Liver
24275,16175,Liver
24325,16175,Liver
24375,16175,Liver
24425,16175,Liver
24475,16175,Liver
24525,16175,Liver
24575,16175,Liver
24625,16175,Liver
24675,16175,Liver
24725,16175,Liver
24775,16175,Liver
24825,16175,Liver
24875,16175,Liver
24925,16175,Liver
24975,16175,Liver
15025,16225,Connective tissue
15075,16225,Connective tissue
15125,16225,Connective tissue
15175,16225,Muscle
15225,16225,Muscle
15275,16225,Muscle
15325,16225,Muscle
15375,16225,Muscle
15425,16225,Muscle
15475,16225,Muscle
15525,16225,Muscle
15575,16225,Muscle
15625,16225,Muscle
15675,16225,Muscle
15725,16225,Muscle
15775,16225,Muscle
15825,16225,Muscle
15875,16225,Muscle
15925,16225,Muscle
15975,16225,Muscle
16025,16225,Muscle
16075,16225,Muscle
16125,16225,Muscle
16175,16225,Muscle
16225,16225,Muscle
16275,16225,Muscle
16325,16225,Muscle
16375,16225,Muscle
16425,16225,Muscle
16475,16225,Muscle
16525,16225,Muscle
16575,16225,Muscle
16625,16225,Muscle
16675,16225,Muscle
16725,16225,Muscle
16775,16225,Muscle
16825,16225,Connective tissue
16875,16225,Connective tissue
16925,16225,Connective tissue
16975,16225,Connective tissue
17025,16225,Connective tissue
17075,16225,Connective tissue
17125,16225,Connective tissue
17175,16225,Connective tissue
17225,16225,Connective tissue
17275,16225,Connective tissue
17325,16225,Connective tissue
17375,16225,Connective tissue
17425,16225,Connective tissue
17475,16225,Connective tissue
17525,16225,Connective tissue
17575,16225,Connective tissue
17625,16225,Connective tissue
17675,16225,Connective tissue
17725,16225,Connective tissue
17775,16225,Cartilage primordium
17825,16225,Cartilage primordium
17875,16225,Cartilage primordium
17925,16225,Cartilage primordium
17975,16225,Connective tissue
18025,16225,Connective tissue
18075,16225,Connective tissue
18125,16225,Connective tissue
18175,16225,Connective tissue
18225,16225,Connective tissue
18275,16225,Connective tissue
18325,16225,Connective tissue
18375,16225,Connective tissue
18425,16225,Heart
18475,16225,Heart
18525,16225,Heart
18575,16225,Heart
18625,16225,Heart
18675,16225,Heart
18725,16225,Heart
18775,16225,Heart
18825,16225,Heart
18875,16225,Heart
18925,16225,Heart
18975,16225,Heart
19025,16225,Heart
19075,16225,Heart
19125,16225,Heart
19175,16225,Heart
19225,16225,Heart
19275,16225,Heart
19325,16225,Heart
19375,16225,Heart
19425,16225,Heart
19475,16225,Heart
19525,16225,Heart
19575,16225,Heart
19625,16225,Heart
19675,16225,Heart
19725,16225,Heart
19775,16225,Heart
19825,16225,Heart
19875,16225,Heart
19925,16225,Heart
19975,16225,Heart
20025,16225,Heart
20075,16225,Heart
20125,16225,Heart
20175,16225,Heart
20225,16225,Heart
20275,16225,Heart
20325,16225,Heart
20375,16225,Heart
20425,16225,Heart
20475,16225,Heart
20525,16225,Heart
20575,16225,Heart
20625,16225,Heart
20675,16225,Heart
20725,16225,Heart
20775,16225,Heart
20825,16225,Heart
20875,16225,Heart
20925,16225,Heart
20975,16225,Heart
21025,16225,Heart
21075,16225,Heart
21125,16225,Heart
21175,16225,Heart
21225,16225,Heart
21275,16225,Heart
21325,16225,Heart
21375,16225,Heart
21425,16225,Heart
21475,16225,Heart
21525,16225,Heart
21575,16225,Heart
21625,16225,Heart
21675,16225,Heart
21725,16225,Heart
21775,16225,Heart
21825,16225,Heart
21875,16225,Heart
21925,16225,Connective tissue
21975,16225,Connective tissue
22025,16225,Connective tissue
22075,16225,Connective tissue
22125,16225,Connective tissue
22175,16225,Cavity
22225,16225,Liver
22275,16225,Liver
22325,16225,Liver
22375,16225,Liver
22425,16225,Liver
22475,16225,Liver
22525,16225,Liver
22575,16225,Liver
22625,16225,Liver
22675,16225,Liver
22725,16225,Liver
22775,16225,Liver
22825,16225,Liver
22875,16225,Liver
22925,16225,Liver
22975,16225,Liver
23025,16225,Liver
23075,16225,Liver
23125,16225,Liver
23175,16225,Liver
23225,16225,Liver
23275,16225,Liver
23325,16225,Liver
23375,16225,Liver
23425,16225,Liver
23475,16225,Liver
23525,16225,Liver
23575,16225,Liver
23625,16225,Liver
23675,16225,Liver
23725,16225,Liver
23775,16225,Liver
23825,16225,Liver
23875,16225,NA
23925,16225,Liver
23975,16225,Liver
24025,16225,Liver
24075,16225,Liver
24125,16225,Liver
24175,16225,Liver
24225,16225,Liver
24275,16225,Liver
24325,16225,Liver
24375,16225,Liver
24425,16225,Liver
24475,16225,Liver
24525,16225,Liver
24575,16225,Liver
24625,16225,Liver
24675,16225,Liver
24725,16225,Liver
24775,16225,Liver
24825,16225,Liver
24875,16225,Liver
24925,16225,Liver
24975,16225,Liver
15025,16275,Connective tissue
15075,16275,Connective tissue
15125,16275,Connective tissue
15175,16275,Muscle
15225,16275,Muscle
15275,16275,Muscle
15325,16275,Muscle
15375,16275,Muscle
15425,16275,Muscle
15475,16275,Muscle
15525,16275,Muscle
15575,16275,Muscle
15625,16275,Muscle
15675,16275,Muscle
15725,16275,Muscle
15775,16275,Muscle
15825,16275,Muscle
15875,16275,Muscle
15925,16275,Muscle
15975,16275,Muscle
16025,16275,Muscle
16075,16275,Muscle
16125,16275,Muscle
16175,16275,Muscle
16225,16275,Muscle
16275,16275,Muscle
16325,16275,Muscle
16375,16275,Muscle
16425,16275,Muscle
16475,16275,Muscle
16525,16275,Muscle
16575,16275,Muscle
16625,16275,Muscle
16675,16275,Muscle
16725,16275,Muscle
16775,16275,Muscle
16825,16275,Connective tissue
16875,16275,Connective tissue
16925,16275,Connective tissue
16975,16275,Connective tissue
17025,16275,Connective tissue
17075,16275,Connective tissue
17125,16275,Connective tissue
17175,16275,Connective tissue
17225,16275,Connective tissue
17275,16275,Connective tissue
17325,16275,Connective tissue
17375,16275,Connective tissue
17425,16275,Connective tissue
17475,16275,Connective tissue
17525,16275,Connective tissue
17575,16275,Connective tissue
17625,16275,Connective tissue
17675,16275,Connective tissue
17725,16275,Connective tissue
17775,16275,Connective tissue
17825,16275,Connective tissue
17875,16275,Connective tissue
17925,16275,Connective tissue
17975,16275,Connective tissue
18025,16275,Muscle
18075,16275,Connective tissue
18125,16275,Connective tissue
18175,16275,Connective tissue
18225,16275,Connective tissue
18275,16275,Connective tissue
18325,16275,Connective tissue
18375,16275,Connective tissue
18425,16275,Connective tissue
18475,16275,Heart
18525,16275,Heart
18575,16275,Heart
18625,16275,Heart
18675,16275,Heart
18725,16275,Heart
18775,16275,Heart
18825,16275,Heart
18875,16275,Heart
18925,16275,Heart
18975,16275,Heart
19025,16275,Heart
19075,16275,Heart
19125,16275,Heart
19175,16275,Heart
19225,16275,Heart
19275,16275,Heart
19325,16275,Heart
19375,16275,Heart
19425,16275,Heart
19475,16275,Heart
19525,16275,Heart
19575,16275,Heart
19625,16275,Heart
19675,16275,Heart
19725,16275,Heart
19775,16275,Heart
19825,16275,Heart
19875,16275,Heart
19925,16275,Heart
19975,16275,Heart
20025,16275,Heart
20075,16275,Heart
20125,16275,Heart
20175,16275,Heart
20225,16275,Heart
20275,16275,Heart
20325,16275,Heart
20375,16275,Heart
20425,16275,Heart
20475,16275,Heart
20525,16275,Heart
20575,16275,Heart
20625,16275,Heart
20675,16275,Heart
20725,16275,Heart
20775,16275,Heart
20825,16275,Heart
20875,16275,Heart
20925,16275,Heart
20975,16275,Heart
21025,16275,Heart
21075,16275,Heart
21125,16275,Heart
21175,16275,Heart
21225,16275,Heart
21275,16275,Heart
21325,16275,Heart
21375,16275,Heart
21425,16275,Heart
21475,16275,Heart
21525,16275,Heart
21575,16275,Heart
21625,16275,Heart
21675,16275,Heart
21725,16275,Heart
21775,16275,Heart
21825,16275,Heart
21875,16275,Heart
21925,16275,Connective tissue
21975,16275,Connective tissue
22025,16275,Connective tissue
22075,16275,Connective tissue
22125,16275,Connective tissue
22175,16275,Cavity
22225,16275,Liver
22275,16275,Liver
22325,16275,Liver
22375,16275,Liver
22425,16275,Liver
22475,16275,Liver
22525,16275,Liver
22575,16275,Liver
22625,16275,Liver
22675,16275,Liver
22725,16275,Liver
22775,16275,Liver
22825,16275,Liver
22875,16275,Liver
22925,16275,Liver
22975,16275,Liver
23025,16275,Liver
23075,16275,Liver
23125,16275,Liver
23175,16275,Liver
23225,16275,Liver
23275,16275,Liver
23325,16275,Liver
23375,16275,Liver
23425,16275,Liver
23475,16275,Liver
23525,16275,Liver
23575,16275,Liver
23625,16275,Liver
23675,16275,Liver
23725,16275,Liver
23775,16275,Liver
23825,16275,Liver
23875,16275,Liver
23925,16275,Liver
23975,16275,Liver
24025,16275,Liver
24075,16275,Liver
24125,16275,Liver
24175,16275,Liver
24225,16275,Liver
24275,16275,Liver
24325,16275,Liver
24375,16275,Liver
24425,16275,Liver
24475,16275,Liver
24525,16275,Connective tissue
24575,16275,Liver
24625,16275,Liver
24675,16275,Liver
24725,16275,Liver
24775,16275,Liver
24825,16275,Liver
24875,16275,Liver
24925,16275,Liver
24975,16275,Liver
15025,16325,Connective tissue
15075,16325,Connective tissue
15125,16325,Muscle
15175,16325,Muscle
15225,16325,Muscle
15275,16325,Muscle
15325,16325,Muscle
15375,16325,Muscle
15425,16325,Muscle
15475,16325,Muscle
15525,16325,Muscle
15575,16325,Muscle
15625,16325,Muscle
15675,16325,Muscle
15725,16325,Muscle
15775,16325,Muscle
15825,16325,Muscle
15875,16325,Muscle
15925,16325,Muscle
15975,16325,Muscle
16025,16325,Muscle
16075,16325,Muscle
16125,16325,Connective tissue
16175,16325,Muscle
16225,16325,Muscle
16275,16325,Muscle
16325,16325,Muscle
16375,16325,Muscle
16425,16325,Muscle
16475,16325,Muscle
16525,16325,Muscle
16575,16325,Muscle
16625,16325,Muscle
16675,16325,Muscle
16725,16325,Muscle
16775,16325,Muscle
16825,16325,Muscle
16875,16325,Connective tissue
16925,16325,Connective tissue
16975,16325,Connective tissue
17025,16325,Connective tissue
17075,16325,Connective tissue
17125,16325,Connective tissue
17175,16325,Connective tissue
17225,16325,Connective tissue
17275,16325,Connective tissue
17325,16325,Connective tissue
17375,16325,Connective tissue
17425,16325,Connective tissue
17475,16325,Muscle
17525,16325,Muscle
17575,16325,Muscle
17625,16325,Connective tissue
17675,16325,Connective tissue
17725,16325,Connective tissue
17775,16325,Connective tissue
17825,16325,Connective tissue
17875,16325,Connective tissue
17925,16325,Connective tissue
17975,16325,Muscle
18025,16325,Muscle
18075,16325,Muscle
18125,16325,Connective tissue
18175,16325,Connective tissue
18225,16325,Connective tissue
18275,16325,Muscle
18325,16325,Muscle
18375,16325,Connective tissue
18425,16325,Connective tissue
18475,16325,Connective tissue
18525,16325,Heart
18575,16325,Heart
18625,16325,Heart
18675,16325,Heart
18725,16325,Heart
18775,16325,Heart
18825,16325,Heart
18875,16325,Heart
18925,16325,Heart
18975,16325,Heart
19025,16325,Heart
19075,16325,Heart
19125,16325,Heart
19175,16325,Heart
19225,16325,Heart
19275,16325,Heart
19325,16325,Heart
19375,16325,Heart
19425,16325,Heart
19475,16325,Heart
19525,16325,Heart
19575,16325,Heart
19625,16325,Heart
19675,16325,Heart
19725,16325,Heart
19775,16325,Heart
19825,16325,Heart
19875,16325,Heart
19925,16325,Heart
19975,16325,Heart
20025,16325,Heart
20075,16325,Heart
20125,16325,Heart
20175,16325,Heart
20225,16325,Heart
20275,16325,Heart
20325,16325,Heart
20375,16325,Heart
20425,16325,Heart
20475,16325,Heart
20525,16325,Heart
20575,16325,Heart
20625,16325,Heart
20675,16325,Heart
20725,16325,Heart
20775,16325,Heart
20825,16325,Heart
20875,16325,Heart
20925,16325,Heart
20975,16325,Heart
21025,16325,Heart
21075,16325,Heart
21125,16325,Heart
21175,16325,Heart
21225,16325,Heart
21275,16325,Heart
21325,16325,Heart
21375,16325,Heart
21425,16325,Heart
21475,16325,Heart
21525,16325,Heart
21575,16325,Heart
21625,16325,Heart
21675,16325,Heart
21725,16325,Heart
21775,16325,Heart
21825,16325,Heart
21875,16325,Connective tissue
21925,16325,Connective tissue
21975,16325,Connective tissue
22025,16325,Connective tissue
22075,16325,Connective tissue
22125,16325,Connective tissue
22175,16325,Connective tissue
22225,16325,Liver
22275,16325,Liver
22325,16325,Liver
22375,16325,Liver
22425,16325,Liver
22475,16325,Liver
22525,16325,Liver
22575,16325,Liver
22625,16325,Liver
22675,16325,Liver
22725,16325,Liver
22775,16325,Liver
22825,16325,Liver
22875,16325,Liver
22925,16325,Liver
22975,16325,Liver
23025,16325,Liver
23075,16325,Liver
23125,16325,Liver
23175,16325,Liver
23225,16325,Liver
23275,16325,Liver
23325,16325,Liver
23375,16325,Liver
23425,16325,Liver
23475,16325,Liver
23525,16325,Liver
23575,16325,Liver
23625,16325,Liver
23675,16325,Liver
23725,16325,Liver
23775,16325,Liver
23825,16325,Liver
23875,16325,Liver
23925,16325,Liver
23975,16325,Liver
24025,16325,Liver
24075,16325,Liver
24125,16325,Liver
24175,16325,Liver
24225,16325,Liver
24275,16325,Liver
24325,16325,Liver
24375,16325,Liver
24425,16325,Liver
24475,16325,Liver
24525,16325,Liver
24575,16325,Liver
24625,16325,Liver
24675,16325,Liver
24725,16325,Liver
24775,16325,Liver
24825,16325,Liver
24875,16325,Liver
24925,16325,Liver
24975,16325,Liver
15025,16375,Connective tissue
15075,16375,Connective tissue
15125,16375,Muscle
15175,16375,Muscle
15225,16375,Muscle
15275,16375,Muscle
15325,16375,Muscle
15375,16375,Muscle
15425,16375,Muscle
15475,16375,Muscle
15525,16375,Muscle
15575,16375,Muscle
15625,16375,Muscle
15675,16375,Muscle
15725,16375,Muscle
15775,16375,Muscle
15825,16375,Muscle
15875,16375,Muscle
15925,16375,Muscle
15975,16375,Muscle
16025,16375,Connective tissue
16075,16375,Connective tissue
16125,16375,Connective tissue
16175,16375,Connective tissue
16225,16375,Muscle
16275,16375,Muscle
16325,16375,Muscle
16375,16375,Muscle
16425,16375,Muscle
16475,16375,Muscle
16525,16375,Muscle
16575,16375,Muscle
16625,16375,Muscle
16675,16375,Muscle
16725,16375,Muscle
16775,16375,Muscle
16825,16375,Muscle
16875,16375,Muscle
16925,16375,Muscle
16975,16375,Muscle
17025,16375,Muscle
17075,16375,Muscle
17125,16375,Muscle
17175,16375,Muscle
17225,16375,Muscle
17275,16375,Connective tissue
17325,16375,Connective tissue
17375,16375,Connective tissue
17425,16375,Muscle
17475,16375,Muscle
17525,16375,Muscle
17575,16375,Muscle
17625,16375,Muscle
17675,16375,Connective tissue
17725,16375,Muscle
17775,16375,Muscle
17825,16375,Muscle
17875,16375,Muscle
17925,16375,Muscle
17975,16375,Muscle
18025,16375,Muscle
18075,16375,Muscle
18125,16375,Muscle
18175,16375,Connective tissue
18225,16375,Connective tissue
18275,16375,Muscle
18325,16375,Muscle
18375,16375,Muscle
18425,16375,Connective tissue
18475,16375,Connective tissue
18525,16375,Heart
18575,16375,Heart
18625,16375,Heart
18675,16375,Heart
18725,16375,Heart
18775,16375,Heart
18825,16375,Heart
18875,16375,Heart
18925,16375,Heart
18975,16375,Heart
19025,16375,Heart
19075,16375,Heart
19125,16375,Heart
19175,16375,Heart
19225,16375,Heart
19275,16375,Heart
19325,16375,Heart
19375,16375,Heart
19425,16375,Heart
19475,16375,Heart
19525,16375,Heart
19575,16375,Heart
19625,16375,Heart
19675,16375,Heart
19725,16375,Heart
19775,16375,Heart
19825,16375,Heart
19875,16375,Heart
19925,16375,Heart
19975,16375,Heart
20025,16375,Heart
20075,16375,Heart
20125,16375,Heart
20175,16375,Heart
20225,16375,Heart
20275,16375,Heart
20325,16375,Heart
20375,16375,Heart
20425,16375,Heart
20475,16375,Heart
20525,16375,Heart
20575,16375,Heart
20625,16375,Heart
20675,16375,Heart
20725,16375,Heart
20775,16375,Heart
20825,16375,Heart
20875,16375,Heart
20925,16375,Heart
20975,16375,Heart
21025,16375,Heart
21075,16375,Heart
21125,16375,Heart
21175,16375,Heart
21225,16375,Heart
21275,16375,Heart
21325,16375,Heart
21375,16375,Heart
21425,16375,Heart
21475,16375,Heart
21525,16375,Heart
21575,16375,Heart
21625,16375,Heart
21675,16375,Heart
21725,16375,Heart
21775,16375,Heart
21825,16375,Heart
21875,16375,Connective tissue
21925,16375,Connective tissue
21975,16375,Connective tissue
22025,16375,Connective tissue
22075,16375,Connective tissue
22125,16375,Connective tissue
22175,16375,Liver
22225,16375,Liver
22275,16375,Liver
22325,16375,Liver
22375,16375,Liver
22425,16375,Liver
22475,16375,Liver
22525,16375,Liver
22575,16375,Liver
22625,16375,Liver
22675,16375,Liver
22725,16375,Liver
22775,16375,Liver
22825,16375,Liver
22875,16375,Liver
22925,16375,Liver
22975,16375,Liver
23025,16375,Liver
23075,16375,Liver
23125,16375,Liver
23175,16375,Liver
23225,16375,Liver
23275,16375,Liver
23325,16375,Liver
23375,16375,Liver
23425,16375,Liver
23475,16375,Liver
23525,16375,Liver
23575,16375,Liver
23625,16375,Liver
23675,16375,Liver
23725,16375,Liver
23775,16375,Liver
23825,16375,Liver
23875,16375,Liver
23925,16375,Liver
23975,16375,Liver
24025,16375,Liver
24075,16375,Liver
24125,16375,Liver
24175,16375,Liver
24225,16375,Liver
24275,16375,Liver
24325,16375,Liver
24375,16375,Liver
24425,16375,Liver
24475,16375,Liver
24525,16375,Liver
24575,16375,Liver
24625,16375,Liver
24675,16375,Liver
24725,16375,Liver
24775,16375,Liver
24825,16375,Liver
24875,16375,Liver
24925,16375,Liver
24975,16375,Liver
15025,16425,Connective tissue
15075,16425,Connective tissue
15125,16425,Muscle
15175,16425,Muscle
15225,16425,Muscle
15275,16425,Muscle
15325,16425,Muscle
15375,16425,Muscle
15425,16425,Muscle
15475,16425,Muscle
15525,16425,Muscle
15575,16425,Muscle
15625,16425,Muscle
15675,16425,Muscle
15725,16425,Muscle
15775,16425,Muscle
15825,16425,Muscle
15875,16425,Muscle
15925,16425,Muscle
15975,16425,Connective tissue
16025,16425,Connective tissue
16075,16425,Connective tissue
16125,16425,Connective tissue
16175,16425,Connective tissue
16225,16425,Connective tissue
16275,16425,Connective tissue
16325,16425,Muscle
16375,16425,Connective tissue
16425,16425,Muscle
16475,16425,Muscle
16525,16425,Connective tissue
16575,16425,Muscle
16625,16425,Muscle
16675,16425,Muscle
16725,16425,Muscle
16775,16425,Muscle
16825,16425,Muscle
16875,16425,Muscle
16925,16425,Muscle
16975,16425,Muscle
17025,16425,Muscle
17075,16425,Muscle
17125,16425,Muscle
17175,16425,Muscle
17225,16425,Muscle
17275,16425,Muscle
17325,16425,Muscle
17375,16425,Muscle
17425,16425,Muscle
17475,16425,Muscle
17525,16425,Muscle
17575,16425,Muscle
17625,16425,Muscle
17675,16425,Connective tissue
17725,16425,Muscle
17775,16425,Muscle
17825,16425,Muscle
17875,16425,Muscle
17925,16425,Muscle
17975,16425,Muscle
18025,16425,Muscle
18075,16425,Muscle
18125,16425,Muscle
18175,16425,Muscle
18225,16425,Muscle
18275,16425,Muscle
18325,16425,Muscle
18375,16425,Connective tissue
18425,16425,Connective tissue
18475,16425,Connective tissue
18525,16425,Connective tissue
18575,16425,Heart
18625,16425,Heart
18675,16425,Heart
18725,16425,Heart
18775,16425,Heart
18825,16425,Heart
18875,16425,Heart
18925,16425,Heart
18975,16425,Heart
19025,16425,Heart
19075,16425,Heart
19125,16425,Heart
19175,16425,Heart
19225,16425,Heart
19275,16425,Heart
19325,16425,Heart
19375,16425,Heart
19425,16425,Heart
19475,16425,Heart
19525,16425,Heart
19575,16425,Heart
19625,16425,Heart
19675,16425,Heart
19725,16425,Heart
19775,16425,Heart
19825,16425,Heart
19875,16425,Heart
19925,16425,Heart
19975,16425,Heart
20025,16425,Heart
20075,16425,Heart
20125,16425,Heart
20175,16425,Heart
20225,16425,Heart
20275,16425,Heart
20325,16425,Heart
20375,16425,Heart
20425,16425,Heart
20475,16425,Heart
20525,16425,Heart
20575,16425,Heart
20625,16425,Heart
20675,16425,Heart
20725,16425,Heart
20775,16425,Heart
20825,16425,Heart
20875,16425,Heart
20925,16425,Heart
20975,16425,Heart
21025,16425,Heart
21075,16425,Heart
21125,16425,Heart
21175,16425,Heart
21225,16425,Heart
21275,16425,Heart
21325,16425,Heart
21375,16425,Heart
21425,16425,Heart
21475,16425,Heart
21525,16425,Heart
21575,16425,Heart
21625,16425,Heart
21675,16425,Heart
21725,16425,Heart
21775,16425,Heart
21825,16425,Heart
21875,16425,Connective tissue
21925,16425,Connective tissue
21975,16425,Connective tissue
22025,16425,Connective tissue
22075,16425,Connective tissue
22125,16425,Connective tissue
22175,16425,Connective tissue
22225,16425,Liver
22275,16425,Liver
22325,16425,Liver
22375,16425,Liver
22425,16425,Liver
22475,16425,Liver
22525,16425,Liver
22575,16425,Liver
22625,16425,Liver
22675,16425,Liver
22725,16425,Liver
22775,16425,Liver
22825,16425,Liver
22875,16425,Liver
22925,16425,Liver
22975,16425,Liver
23025,16425,Liver
23075,16425,Liver
23125,16425,Liver
23175,16425,Liver
23225,16425,Liver
23275,16425,Liver
23325,16425,Liver
23375,16425,Liver
23425,16425,Liver
23475,16425,Liver
23525,16425,Liver
23575,16425,Liver
23625,16425,Liver
23675,16425,Liver
23725,16425,Liver
23775,16425,Liver
23825,16425,Liver
23875,16425,Liver
23925,16425,Liver
23975,16425,Liver
24025,16425,Liver
24075,16425,Liver
24125,16425,Liver
24175,16425,Liver
24225,16425,Liver
24275,16425,Liver
24325,16425,Liver
24375,16425,Liver
24425,16425,Liver
24475,16425,Liver
24525,16425,Liver
24575,16425,Liver
24625,16425,Liver
24675,16425,Liver
24725,16425,Liver
24775,16425,Liver
24825,16425,Liver
24875,16425,Liver
24925,16425,Liver
24975,16425,Liver
15025,16475,Connective tissue
15075,16475,Connective tissue
15125,16475,Connective tissue
15175,16475,Muscle
15225,16475,Muscle
15275,16475,Muscle
15325,16475,Muscle
15375,16475,Muscle
15425,16475,Muscle
15475,16475,Muscle
15525,16475,Muscle
15575,16475,Muscle
15625,16475,Muscle
15675,16475,Muscle
15725,16475,Muscle
15775,16475,Muscle
15825,16475,Muscle
15875,16475,Muscle
15925,16475,Connective tissue
15975,16475,Connective tissue
16025,16475,Connective tissue
16075,16475,Connective tissue
16125,16475,Connective tissue
16175,16475,Connective tissue
16225,16475,Connective tissue
16275,16475,Connective tissue
16325,16475,Connective tissue
16375,16475,Connective tissue
16425,16475,Connective tissue
16475,16475,Connective tissue
16525,16475,Connective tissue
16575,16475,Connective tissue
16625,16475,Connective tissue
16675,16475,Connective tissue
16725,16475,Connective tissue
16775,16475,Connective tissue
16825,16475,Muscle
16875,16475,Muscle
16925,16475,Muscle
16975,16475,Muscle
17025,16475,Muscle
17075,16475,Muscle
17125,16475,Muscle
17175,16475,Muscle
17225,16475,Muscle
17275,16475,Muscle
17325,16475,Muscle
17375,16475,Muscle
17425,16475,Muscle
17475,16475,Connective tissue
17525,16475,Muscle
17575,16475,Muscle
17625,16475,Muscle
17675,16475,Muscle
17725,16475,Connective tissue
17775,16475,Muscle
17825,16475,Muscle
17875,16475,Muscle
17925,16475,Muscle
17975,16475,Muscle
18025,16475,Muscle
18075,16475,Muscle
18125,16475,Muscle
18175,16475,Muscle
18225,16475,Muscle
18275,16475,Muscle
18325,16475,Connective tissue
18375,16475,Muscle
18425,16475,Connective tissue
18475,16475,Connective tissue
18525,16475,Connective tissue
18575,16475,Heart
18625,16475,Heart
18675,16475,Heart
18725,16475,Heart
18775,16475,Heart
18825,16475,Heart
18875,16475,Heart
18925,16475,Heart
18975,16475,Heart
19025,16475,Heart
19075,16475,Heart
19125,16475,Heart
19175,16475,Heart
19225,16475,Heart
19275,16475,Heart
19325,16475,Heart
19375,16475,Heart
19425,16475,Heart
19475,16475,Heart
19525,16475,Heart
19575,16475,Heart
19625,16475,Heart
19675,16475,Heart
19725,16475,Heart
19775,16475,Heart
19825,16475,Heart
19875,16475,Heart
19925,16475,Heart
19975,16475,Heart
20025,16475,Heart
20075,16475,Heart
20125,16475,Heart
20175,16475,Heart
20225,16475,Heart
20275,16475,Heart
20325,16475,Heart
20375,16475,Heart
20425,16475,Heart
20475,16475,Heart
20525,16475,Heart
20575,16475,Heart
20625,16475,Heart
20675,16475,Heart
20725,16475,Heart
20775,16475,Heart
20825,16475,Heart
20875,16475,Heart
20925,16475,Heart
20975,16475,Heart
21025,16475,Heart
21075,16475,Heart
21125,16475,Heart
21175,16475,Heart
21225,16475,Heart
21275,16475,Heart
21325,16475,Heart
21375,16475,Heart
21425,16475,Heart
21475,16475,Heart
21525,16475,Heart
21575,16475,Heart
21625,16475,Heart
21675,16475,Heart
21725,16475,Heart
21775,16475,Heart
21825,16475,Connective tissue
21875,16475,Connective tissue
21925,16475,Connective tissue
21975,16475,Connective tissue
22025,16475,Connective tissue
22075,16475,Connective tissue
22125,16475,Connective tissue
22175,16475,Connective tissue
22225,16475,Liver
22275,16475,Liver
22325,16475,Liver
22375,16475,Liver
22425,16475,Liver
22475,16475,Liver
22525,16475,Liver
22575,16475,Liver
22625,16475,Liver
22675,16475,Liver
22725,16475,Liver
22775,16475,Liver
22825,16475,Liver
22875,16475,Liver
22925,16475,Liver
22975,16475,Liver
23025,16475,Liver
23075,16475,Liver
23125,16475,Liver
23175,16475,Liver
23225,16475,Liver
23275,16475,Liver
23325,16475,Liver
23375,16475,Liver
23425,16475,Liver
23475,16475,Liver
23525,16475,Liver
23575,16475,Liver
23625,16475,Liver
23675,16475,Liver
23725,16475,Liver
23775,16475,Liver
23825,16475,Liver
23875,16475,Liver
23925,16475,Liver
23975,16475,Liver
24025,16475,Liver
24075,16475,Liver
24125,16475,Liver
24175,16475,Liver
24225,16475,Liver
24275,16475,Liver
24325,16475,Liver
24375,16475,Liver
24425,16475,Liver
24475,16475,Liver
24525,16475,Liver
24575,16475,Liver
24625,16475,Liver
24675,16475,Liver
24725,16475,Liver
24775,16475,Liver
24825,16475,Liver
24875,16475,Liver
24925,16475,Liver
24975,16475,Liver
15025,16525,Connective tissue
15075,16525,Connective tissue
15125,16525,Connective tissue
15175,16525,Muscle
15225,16525,Muscle
15275,16525,Muscle
15325,16525,Muscle
15375,16525,Muscle
15425,16525,Muscle
15475,16525,Muscle
15525,16525,Muscle
15575,16525,Muscle
15625,16525,Muscle
15675,16525,Muscle
15725,16525,Muscle
15775,16525,Muscle
15825,16525,Muscle
15875,16525,Connective tissue
15925,16525,Connective tissue
15975,16525,Connective tissue
16025,16525,Connective tissue
16075,16525,Connective tissue
16125,16525,Connective tissue
16175,16525,Connective tissue
16225,16525,Connective tissue
16275,16525,Connective tissue
16325,16525,Connective tissue
16375,16525,Connective tissue
16425,16525,Connective tissue
16475,16525,Connective tissue
16525,16525,Connective tissue
16575,16525,Connective tissue
16625,16525,Connective tissue
16675,16525,Connective tissue
16725,16525,Muscle
16775,16525,Muscle
16825,16525,Muscle
16875,16525,Muscle
16925,16525,Muscle
16975,16525,Muscle
17025,16525,Muscle
17075,16525,Muscle
17125,16525,Muscle
17175,16525,Muscle
17225,16525,Muscle
17275,16525,Muscle
17325,16525,Muscle
17375,16525,Muscle
17425,16525,Muscle
17475,16525,Muscle
17525,16525,Connective tissue
17575,16525,Muscle
17625,16525,Muscle
17675,16525,Muscle
17725,16525,Muscle
17775,16525,Connective tissue
17825,16525,Muscle
17875,16525,Muscle
17925,16525,Muscle
17975,16525,Muscle
18025,16525,Muscle
18075,16525,Muscle
18125,16525,Muscle
18175,16525,Muscle
18225,16525,Muscle
18275,16525,Muscle
18325,16525,Muscle
18375,16525,Muscle
18425,16525,Connective tissue
18475,16525,Connective tissue
18525,16525,Connective tissue
18575,16525,Connective tissue
18625,16525,Heart
18675,16525,Heart
18725,16525,Heart
18775,16525,Heart
18825,16525,Heart
18875,16525,Heart
18925,16525,Heart
18975,16525,Heart
19025,16525,Connective tissue
19075,16525,Heart
19125,16525,Heart
19175,16525,Heart
19225,16525,Heart
19275,16525,Heart
19325,16525,Heart
19375,16525,Heart
19425,16525,Heart
19475,16525,Heart
19525,16525,Heart
19575,16525,Heart
19625,16525,Heart
19675,16525,Heart
19725,16525,Heart
19775,16525,Heart
19825,16525,Heart
19875,16525,Heart
19925,16525,Heart
19975,16525,Heart
20025,16525,Heart
20075,16525,Heart
20125,16525,Heart
20175,16525,Heart
20225,16525,Heart
20275,16525,Heart
20325,16525,Heart
20375,16525,Heart
20425,16525,Heart
20475,16525,Heart
20525,16525,Heart
20575,16525,Heart
20625,16525,Heart
20675,16525,Heart
20725,16525,Heart
20775,16525,Heart
20825,16525,Heart
20875,16525,Heart
20925,16525,Heart
20975,16525,Heart
21025,16525,Heart
21075,16525,Heart
21125,16525,Heart
21175,16525,Heart
21225,16525,Heart
21275,16525,Heart
21325,16525,Heart
21375,16525,Heart
21425,16525,Heart
21475,16525,Heart
21525,16525,Heart
21575,16525,Heart
21625,16525,Heart
21675,16525,Heart
21725,16525,Heart
21775,16525,Heart
21825,16525,Connective tissue
21875,16525,Connective tissue
21925,16525,Connective tissue
21975,16525,Connective tissue
22025,16525,Connective tissue
22075,16525,Connective tissue
22125,16525,Connective tissue
22175,16525,Liver
22225,16525,Liver
22275,16525,Liver
22325,16525,Liver
22375,16525,Liver
22425,16525,Liver
22475,16525,Liver
22525,16525,Liver
22575,16525,Liver
22625,16525,Liver
22675,16525,Liver
22725,16525,Liver
22775,16525,Liver
22825,16525,Liver
22875,16525,Liver
22925,16525,Liver
22975,16525,Liver
23025,16525,Liver
23075,16525,Liver
23125,16525,Liver
23175,16525,Liver
23225,16525,Liver
23275,16525,Liver
23325,16525,Liver
23375,16525,Liver
23425,16525,Liver
23475,16525,Liver
23525,16525,Liver
23575,16525,Liver
23625,16525,Liver
23675,16525,Liver
23725,16525,Liver
23775,16525,Liver
23825,16525,Liver
23875,16525,Liver
23925,16525,Liver
23975,16525,Liver
24025,16525,Liver
24075,16525,Liver
24125,16525,Liver
24175,16525,Liver
24225,16525,Liver
24275,16525,Liver
24325,16525,Liver
24375,16525,Liver
24425,16525,Liver
24475,16525,Liver
24525,16525,Liver
24575,16525,Liver
24625,16525,Liver
24675,16525,Liver
24725,16525,Liver
24775,16525,Liver
24825,16525,Liver
24875,16525,Liver
24925,16525,Liver
24975,16525,Liver
15025,16575,Connective tissue
15075,16575,Connective tissue
15125,16575,Connective tissue
15175,16575,Connective tissue
15225,16575,Connective tissue
15275,16575,Connective tissue
15325,16575,Muscle
15375,16575,Muscle
15425,16575,Muscle
15475,16575,Muscle
15525,16575,Muscle
15575,16575,Muscle
15625,16575,Muscle
15675,16575,Muscle
15725,16575,Muscle
15775,16575,Muscle
15825,16575,Connective tissue
15875,16575,Connective tissue
15925,16575,Connective tissue
15975,16575,Connective tissue
16025,16575,Connective tissue
16075,16575,Connective tissue
16125,16575,Connective tissue
16175,16575,Connective tissue
16225,16575,Connective tissue
16275,16575,Connective tissue
16325,16575,Connective tissue
16375,16575,Connective tissue
16425,16575,Connective tissue
16475,16575,Connective tissue
16525,16575,Connective tissue
16575,16575,Connective tissue
16625,16575,Connective tissue
16675,16575,Connective tissue
16725,16575,Muscle
16775,16575,Muscle
16825,16575,Muscle
16875,16575,Muscle
16925,16575,Muscle
16975,16575,Muscle
17025,16575,Muscle
17075,16575,Muscle
17125,16575,Muscle
17175,16575,Muscle
17225,16575,Muscle
17275,16575,Muscle
17325,16575,Muscle
17375,16575,Muscle
17425,16575,Muscle
17475,16575,Muscle
17525,16575,Muscle
17575,16575,Muscle
17625,16575,Connective tissue
17675,16575,Muscle
17725,16575,Muscle
17775,16575,Muscle
17825,16575,Connective tissue
17875,16575,Muscle
17925,16575,Muscle
17975,16575,Muscle
18025,16575,Muscle
18075,16575,Muscle
18125,16575,Muscle
18175,16575,Muscle
18225,16575,Muscle
18275,16575,Muscle
18325,16575,Muscle
18375,16575,Muscle
18425,16575,Muscle
18475,16575,Connective tissue
18525,16575,Connective tissue
18575,16575,Connective tissue
18625,16575,Connective tissue
18675,16575,Heart
18725,16575,Heart
18775,16575,Heart
18825,16575,Heart
18875,16575,Heart
18925,16575,Heart
18975,16575,Heart
19025,16575,Heart
19075,16575,Heart
19125,16575,Heart
19175,16575,Heart
19225,16575,Heart
19275,16575,Heart
19325,16575,Heart
19375,16575,Heart
19425,16575,Heart
19475,16575,Heart
19525,16575,Heart
19575,16575,Heart
19625,16575,Heart
19675,16575,Heart
19725,16575,Heart
19775,16575,Heart
19825,16575,Heart
19875,16575,Heart
19925,16575,Heart
19975,16575,Heart
20025,16575,Heart
20075,16575,Heart
20125,16575,Heart
20175,16575,Heart
20225,16575,Heart
20275,16575,Heart
20325,16575,Heart
20375,16575,Heart
20425,16575,Heart
20475,16575,Heart
20525,16575,Heart
20575,16575,Heart
20625,16575,Heart
20675,16575,Heart
20725,16575,Heart
20775,16575,Heart
20825,16575,Heart
20875,16575,Heart
20925,16575,Heart
20975,16575,Heart
21025,16575,Heart
21075,16575,Heart
21125,16575,Heart
21175,16575,Heart
21225,16575,Heart
21275,16575,Heart
21325,16575,Heart
21375,16575,Heart
21425,16575,Heart
21475,16575,Heart
21525,16575,Heart
21575,16575,Heart
21625,16575,Heart
21675,16575,Heart
21725,16575,Heart
21775,16575,Heart
21825,16575,Connective tissue
21875,16575,Connective tissue
21925,16575,Connective tissue
21975,16575,Connective tissue
22025,16575,Connective tissue
22075,16575,Connective tissue
22125,16575,Liver
22175,16575,Blood vessel
22225,16575,Liver
22275,16575,Liver
22325,16575,Liver
22375,16575,Liver
22425,16575,Liver
22475,16575,Liver
22525,16575,Liver
22575,16575,Liver
22625,16575,Liver
22675,16575,Liver
22725,16575,Liver
22775,16575,Liver
22825,16575,Liver
22875,16575,Liver
22925,16575,Liver
22975,16575,Liver
23025,16575,Liver
23075,16575,Liver
23125,16575,Liver
23175,16575,Liver
23225,16575,Liver
23275,16575,Liver
23325,16575,Liver
23375,16575,Liver
23425,16575,Liver
23475,16575,Liver
23525,16575,Liver
23575,16575,Liver
23625,16575,Liver
23675,16575,Liver
23725,16575,Liver
23775,16575,Liver
23825,16575,Liver
23875,16575,Liver
23925,16575,Liver
23975,16575,Liver
24025,16575,Liver
24075,16575,Liver
24125,16575,Liver
24175,16575,Liver
24225,16575,Liver
24275,16575,Liver
24325,16575,Liver
24375,16575,Liver
24425,16575,Liver
24475,16575,Liver
24525,16575,Liver
24575,16575,Liver
24625,16575,Liver
24675,16575,Liver
24725,16575,Liver
24775,16575,Liver
24825,16575,Liver
24875,16575,Liver
24925,16575,Liver
24975,16575,Liver
15025,16625,Connective tissue
15075,16625,Connective tissue
15125,16625,Connective tissue
15175,16625,Connective tissue
15225,16625,Connective tissue
15275,16625,Connective tissue
15325,16625,Connective tissue
15375,16625,Connective tissue
15425,16625,Muscle
15475,16625,Muscle
15525,16625,Muscle
15575,16625,Muscle
15625,16625,Muscle
15675,16625,Connective tissue
15725,16625,Connective tissue
15775,16625,Connective tissue
15825,16625,Connective tissue
15875,16625,Connective tissue
15925,16625,Connective tissue
15975,16625,Connective tissue
16025,16625,Connective tissue
16075,16625,Connective tissue
16125,16625,Connective tissue
16175,16625,Connective tissue
16225,16625,Connective tissue
16275,16625,Connective tissue
16325,16625,Connective tissue
16375,16625,Connective tissue
16425,16625,Connective tissue
16475,16625,Connective tissue
16525,16625,Connective tissue
16575,16625,Connective tissue
16625,16625,Connective tissue
16675,16625,Connective tissue
16725,16625,Connective tissue
16775,16625,Muscle
16825,16625,Muscle
16875,16625,Muscle
16925,16625,Muscle
16975,16625,Muscle
17025,16625,Muscle
17075,16625,Muscle
17125,16625,Muscle
17175,16625,Muscle
17225,16625,Muscle
17275,16625,Muscle
17325,16625,Muscle
17375,16625,Muscle
17425,16625,Muscle
17475,16625,Muscle
17525,16625,Muscle
17575,16625,Muscle
17625,16625,Muscle
17675,16625,Muscle
17725,16625,Muscle
17775,16625,Muscle
17825,16625,Muscle
17875,16625,Connective tissue
17925,16625,Muscle
17975,16625,Muscle
18025,16625,Muscle
18075,16625,Muscle
18125,16625,Muscle
18175,16625,Muscle
18225,16625,Muscle
18275,16625,Muscle
18325,16625,Muscle
18375,16625,Muscle
18425,16625,Connective tissue
18475,16625,Connective tissue
18525,16625,Connective tissue
18575,16625,Connective tissue
18625,16625,Connective tissue
18675,16625,Connective tissue
18725,16625,Heart
18775,16625,Heart
18825,16625,Heart
18875,16625,Heart
18925,16625,Heart
18975,16625,Heart
19025,16625,Heart
19075,16625,Heart
19125,16625,Heart
19175,16625,Heart
19225,16625,Heart
19275,16625,Heart
19325,16625,Heart
19375,16625,Heart
19425,16625,Heart
19475,16625,Heart
19525,16625,Heart
19575,16625,Heart
19625,16625,Heart
19675,16625,Heart
19725,16625,Heart
19775,16625,Heart
19825,16625,Heart
19875,16625,Heart
19925,16625,Heart
19975,16625,Heart
20025,16625,Heart
20075,16625,Heart
20125,16625,Heart
20175,16625,Heart
20225,16625,Heart
20275,16625,Heart
20325,16625,Heart
20375,16625,Heart
20425,16625,Heart
20475,16625,Heart
20525,16625,Heart
20575,16625,Heart
20625,16625,Heart
20675,16625,Heart
20725,16625,Heart
20775,16625,Heart
20825,16625,Heart
20875,16625,Heart
20925,16625,Heart
20975,16625,Heart
21025,16625,Heart
21075,16625,Heart
21125,16625,Heart
21175,16625,Heart
21225,16625,Heart
21275,16625,Heart
21325,16625,Heart
21375,16625,Heart
21425,16625,Heart
21475,16625,Heart
21525,16625,Heart
21575,16625,Heart
21625,16625,Heart
21675,16625,Heart
21725,16625,Heart
21775,16625,Heart
21825,16625,Connective tissue
21875,16625,Connective tissue
21925,16625,Connective tissue
21975,16625,Connective tissue
22025,16625,Connective tissue
22075,16625,Connective tissue
22125,16625,Connective tissue
22175,16625,Liver
22225,16625,Liver
22275,16625,Liver
22325,16625,Liver
22375,16625,Liver
22425,16625,Liver
22475,16625,Liver
22525,16625,Liver
22575,16625,Liver
22625,16625,Liver
22675,16625,Liver
22725,16625,Liver
22775,16625,Liver
22825,16625,Liver
22875,16625,Liver
22925,16625,Liver
22975,16625,Liver
23025,16625,Liver
23075,16625,Liver
23125,16625,Liver
23175,16625,Liver
23225,16625,Liver
23275,16625,Liver
23325,16625,Liver
23375,16625,Liver
23425,16625,Liver
23475,16625,Liver
23525,16625,Liver
23575,16625,Liver
23625,16625,Liver
23675,16625,Liver
23725,16625,Liver
23775,16625,Liver
23825,16625,Liver
23875,16625,Liver
23925,16625,Liver
23975,16625,Liver
24025,16625,Liver
24075,16625,Liver
24125,16625,Liver
24175,16625,Liver
24225,16625,Liver
24275,16625,Liver
24325,16625,Liver
24375,16625,Liver
24425,16625,Liver
24475,16625,Liver
24525,16625,Liver
24575,16625,Liver
24625,16625,Liver
24675,16625,Liver
24725,16625,Liver
24775,16625,Liver
24825,16625,Liver
24875,16625,Liver
24925,16625,Liver
24975,16625,Liver
15025,16675,Connective tissue
15075,16675,Connective tissue
15125,16675,Connective tissue
15175,16675,Cartilage primordium
15225,16675,Cartilage primordium
15275,16675,Cartilage primordium
15325,16675,Connective tissue
15375,16675,Connective tissue
15425,16675,Connective tissue
15475,16675,Connective tissue
15525,16675,Connective tissue
15575,16675,Connective tissue
15625,16675,Connective tissue
15675,16675,Connective tissue
15725,16675,Connective tissue
15775,16675,Connective tissue
15825,16675,Connective tissue
15875,16675,Connective tissue
15925,16675,Connective tissue
15975,16675,Connective tissue
16025,16675,Connective tissue
16075,16675,Connective tissue
16125,16675,Connective tissue
16175,16675,Connective tissue
16225,16675,Connective tissue
16275,16675,Connective tissue
16325,16675,Kidney
16375,16675,Kidney
16425,16675,Kidney
16475,16675,Kidney
16525,16675,Connective tissue
16575,16675,Connective tissue
16625,16675,Connective tissue
16675,16675,Connective tissue
16725,16675,Connective tissue
16775,16675,Muscle
16825,16675,Muscle
16875,16675,Muscle
16925,16675,Muscle
16975,16675,Muscle
17025,16675,Muscle
17075,16675,Muscle
17125,16675,Muscle
17175,16675,Muscle
17225,16675,Muscle
17275,16675,Muscle
17325,16675,Muscle
17375,16675,Muscle
17425,16675,Muscle
17475,16675,Muscle
17525,16675,Muscle
17575,16675,Muscle
17625,16675,Muscle
17675,16675,Muscle
17725,16675,Muscle
17775,16675,Muscle
17825,16675,Muscle
17875,16675,Muscle
17925,16675,Muscle
17975,16675,Muscle
18025,16675,Muscle
18075,16675,Muscle
18125,16675,Muscle
18175,16675,Muscle
18225,16675,Muscle
18275,16675,Muscle
18325,16675,Muscle
18375,16675,Muscle
18425,16675,Connective tissue
18475,16675,Muscle
18525,16675,Connective tissue
18575,16675,Connective tissue
18625,16675,Connective tissue
18675,16675,Connective tissue
18725,16675,Connective tissue
18775,16675,Heart
18825,16675,Heart
18875,16675,Heart
18925,16675,Heart
18975,16675,Heart
19025,16675,Heart
19075,16675,Heart
19125,16675,Heart
19175,16675,Heart
19225,16675,Heart
19275,16675,Heart
19325,16675,Heart
19375,16675,Heart
19425,16675,Heart
19475,16675,Heart
19525,16675,Heart
19575,16675,Heart
19625,16675,Heart
19675,16675,Heart
19725,16675,Heart
19775,16675,Heart
19825,16675,Heart
19875,16675,Heart
19925,16675,Heart
19975,16675,Heart
20025,16675,Heart
20075,16675,Heart
20125,16675,Heart
20175,16675,Heart
20225,16675,Heart
20275,16675,Heart
20325,16675,Heart
20375,16675,Heart
20425,16675,Heart
20475,16675,Heart
20525,16675,Heart
20575,16675,Heart
20625,16675,Heart
20675,16675,Heart
20725,16675,Heart
20775,16675,Heart
20825,16675,Heart
20875,16675,Heart
20925,16675,Heart
20975,16675,Heart
21025,16675,Heart
21075,16675,Heart
21125,16675,Heart
21175,16675,Heart
21225,16675,Heart
21275,16675,Heart
21325,16675,Heart
21375,16675,Heart
21425,16675,Heart
21475,16675,Heart
21525,16675,Heart
21575,16675,Heart
21625,16675,Heart
21675,16675,Heart
21725,16675,Heart
21775,16675,Heart
21825,16675,Connective tissue
21875,16675,Cartilage
21925,16675,Connective tissue
21975,16675,Connective tissue
22025,16675,Connective tissue
22075,16675,Connective tissue
22125,16675,Connective tissue
22175,16675,Liver
22225,16675,Liver
22275,16675,Liver
22325,16675,Liver
22375,16675,Liver
22425,16675,Liver
22475,16675,Liver
22525,16675,Liver
22575,16675,Liver
22625,16675,Liver
22675,16675,Liver
22725,16675,Liver
22775,16675,Liver
22825,16675,Liver
22875,16675,Liver
22925,16675,Liver
22975,16675,Liver
23025,16675,Liver
23075,16675,Liver
23125,16675,Liver
23175,16675,Liver
23225,16675,Liver
23275,16675,Liver
23325,16675,Liver
23375,16675,Liver
23425,16675,Liver
23475,16675,Liver
23525,16675,Liver
23575,16675,Liver
23625,16675,Liver
23675,16675,Liver
23725,16675,Liver
23775,16675,Liver
23825,16675,Liver
23875,16675,Liver
23925,16675,Liver
23975,16675,Liver
24025,16675,Liver
24075,16675,Liver
24125,16675,Liver
24175,16675,Liver
24225,16675,Liver
24275,16675,Liver
24325,16675,Liver
24375,16675,Liver
24425,16675,Liver
24475,16675,Liver
24525,16675,Liver
24575,16675,Liver
24625,16675,Liver
24675,16675,Liver
24725,16675,Liver
24775,16675,Liver
24825,16675,Liver
24875,16675,Liver
24925,16675,Liver
24975,16675,Liver
15025,16725,Connective tissue
15075,16725,Connective tissue
15125,16725,Cartilage primordium
15175,16725,Cartilage primordium
15225,16725,Cartilage primordium
15275,16725,Cartilage primordium
15325,16725,Cartilage primordium
15375,16725,Connective tissue
15425,16725,Connective tissue
15475,16725,Connective tissue
15525,16725,Connective tissue
15575,16725,Connective tissue
15625,16725,Connective tissue
15675,16725,Connective tissue
15725,16725,Connective tissue
15775,16725,Connective tissue
15825,16725,Connective tissue
15875,16725,Connective tissue
15925,16725,Connective tissue
15975,16725,Connective tissue
16025,16725,Connective tissue
16075,16725,Connective tissue
16125,16725,Connective tissue
16175,16725,Connective tissue
16225,16725,Connective tissue
16275,16725,Connective tissue
16325,16725,Kidney
16375,16725,Kidney
16425,16725,Kidney
16475,16725,Kidney
16525,16725,Connective tissue
16575,16725,Connective tissue
16625,16725,Connective tissue
16675,16725,Connective tissue
16725,16725,Connective tissue
16775,16725,Muscle
16825,16725,Muscle
16875,16725,Muscle
16925,16725,Muscle
16975,16725,Muscle
17025,16725,Muscle
17075,16725,Muscle
17125,16725,Muscle
17175,16725,Muscle
17225,16725,Muscle
17275,16725,Muscle
17325,16725,Muscle
17375,16725,Muscle
17425,16725,Muscle
17475,16725,Muscle
17525,16725,Muscle
17575,16725,Muscle
17625,16725,Muscle
17675,16725,Muscle
17725,16725,Muscle
17775,16725,Connective tissue
17825,16725,Muscle
17875,16725,Muscle
17925,16725,Connective tissue
17975,16725,Muscle
18025,16725,Muscle
18075,16725,Muscle
18125,16725,Muscle
18175,16725,Muscle
18225,16725,Muscle
18275,16725,Muscle
18325,16725,Muscle
18375,16725,Muscle
18425,16725,Muscle
18475,16725,Muscle
18525,16725,Muscle
18575,16725,Connective tissue
18625,16725,Connective tissue
18675,16725,Connective tissue
18725,16725,Connective tissue
18775,16725,Connective tissue
18825,16725,Connective tissue
18875,16725,Heart
18925,16725,Heart
18975,16725,Heart
19025,16725,Heart
19075,16725,Heart
19125,16725,Heart
19175,16725,Heart
19225,16725,Heart
19275,16725,Heart
19325,16725,Heart
19375,16725,Heart
19425,16725,Heart
19475,16725,Heart
19525,16725,Heart
19575,16725,Heart
19625,16725,Heart
19675,16725,Heart
19725,16725,Heart
19775,16725,Heart
19825,16725,Heart
19875,16725,Heart
19925,16725,Heart
19975,16725,Heart
20025,16725,Heart
20075,16725,Heart
20125,16725,Heart
20175,16725,Heart
20225,16725,Heart
20275,16725,Heart
20325,16725,Heart
20375,16725,Heart
20425,16725,Heart
20475,16725,Heart
20525,16725,Heart
20575,16725,Heart
20625,16725,Heart
20675,16725,Heart
20725,16725,Heart
20775,16725,Heart
20825,16725,Heart
20875,16725,Heart
20925,16725,Heart
20975,16725,Heart
21025,16725,Heart
21075,16725,Heart
21125,16725,Heart
21175,16725,Heart
21225,16725,Heart
21275,16725,Heart
21325,16725,Heart
21375,16725,Heart
21425,16725,Heart
21475,16725,Heart
21525,16725,Heart
21575,16725,Heart
21625,16725,Heart
21675,16725,Heart
21725,16725,Heart
21775,16725,Connective tissue
21825,16725,Connective tissue
21875,16725,Connective tissue
21925,16725,Connective tissue
21975,16725,Connective tissue
22025,16725,Connective tissue
22075,16725,Connective tissue
22125,16725,Liver
22175,16725,Liver
22225,16725,Liver
22275,16725,Liver
22325,16725,Liver
22375,16725,Liver
22425,16725,Liver
22475,16725,Liver
22525,16725,Liver
22575,16725,Liver
22625,16725,Liver
22675,16725,Liver
22725,16725,Liver
22775,16725,Liver
22825,16725,Liver
22875,16725,Liver
22925,16725,Liver
22975,16725,Liver
23025,16725,Liver
23075,16725,Liver
23125,16725,Liver
23175,16725,Liver
23225,16725,Liver
23275,16725,Liver
23325,16725,Liver
23375,16725,Liver
23425,16725,Liver
23475,16725,Liver
23525,16725,Liver
23575,16725,Liver
23625,16725,Liver
23675,16725,Liver
23725,16725,Liver
23775,16725,Liver
23825,16725,Liver
23875,16725,Liver
23925,16725,Liver
23975,16725,Liver
24025,16725,Liver
24075,16725,Liver
24125,16725,Liver
24175,16725,Liver
24225,16725,Liver
24275,16725,Liver
24325,16725,Liver
24375,16725,Liver
24425,16725,Liver
24475,16725,Liver
24525,16725,Liver
24575,16725,Liver
24625,16725,Liver
24675,16725,Liver
24725,16725,Liver
24775,16725,Liver
24825,16725,Liver
24875,16725,Liver
24925,16725,Liver
24975,16725,Liver
15025,16775,Connective tissue
15075,16775,Connective tissue
15125,16775,Cartilage primordium
15175,16775,Cartilage primordium
15225,16775,Cartilage primordium
15275,16775,Cartilage primordium
15325,16775,Cartilage primordium
15375,16775,Cartilage primordium
15425,16775,Connective tissue
15475,16775,Connective tissue
15525,16775,Muscle
15575,16775,Muscle
15625,16775,Connective tissue
15675,16775,Connective tissue
15725,16775,Connective tissue
15775,16775,Connective tissue
15825,16775,Connective tissue
15875,16775,Connective tissue
15925,16775,Connective tissue
15975,16775,Connective tissue
16025,16775,Connective tissue
16075,16775,Connective tissue
16125,16775,Connective tissue
16175,16775,Connective tissue
16225,16775,Connective tissue
16275,16775,Connective tissue
16325,16775,Kidney
16375,16775,Connective tissue
16425,16775,Kidney
16475,16775,Kidney
16525,16775,Kidney
16575,16775,Connective tissue
16625,16775,Connective tissue
16675,16775,Connective tissue
16725,16775,Connective tissue
16775,16775,Connective tissue
16825,16775,Muscle
16875,16775,Muscle
16925,16775,Muscle
16975,16775,Muscle
17025,16775,Muscle
17075,16775,Muscle
17125,16775,Muscle
17175,16775,Muscle
17225,16775,Muscle
17275,16775,Muscle
17325,16775,Muscle
17375,16775,Muscle
17425,16775,Muscle
17475,16775,Muscle
17525,16775,Muscle
17575,16775,Muscle
17625,16775,Muscle
17675,16775,Muscle
17725,16775,Muscle
17775,16775,Muscle
17825,16775,Connective tissue
17875,16775,Muscle
17925,16775,Muscle
17975,16775,Connective tissue
18025,16775,Muscle
18075,16775,Muscle
18125,16775,Muscle
18175,16775,Muscle
18225,16775,Muscle
18275,16775,Muscle
18325,16775,Muscle
18375,16775,Muscle
18425,16775,Muscle
18475,16775,Muscle
18525,16775,Muscle
18575,16775,Connective tissue
18625,16775,Connective tissue
18675,16775,Connective tissue
18725,16775,Connective tissue
18775,16775,Connective tissue
18825,16775,Connective tissue
18875,16775,Connective tissue
18925,16775,Heart
18975,16775,Heart
19025,16775,Heart
19075,16775,Heart
19125,16775,Heart
19175,16775,Heart
19225,16775,Heart
19275,16775,Heart
19325,16775,Heart
19375,16775,Heart
19425,16775,Heart
19475,16775,Heart
19525,16775,Heart
19575,16775,Heart
19625,16775,Heart
19675,16775,Heart
19725,16775,Heart
19775,16775,Heart
19825,16775,Heart
19875,16775,Heart
19925,16775,Heart
19975,16775,Heart
20025,16775,Heart
20075,16775,Heart
20125,16775,Heart
20175,16775,Heart
20225,16775,Heart
20275,16775,Heart
20325,16775,Heart
20375,16775,Heart
20425,16775,Heart
20475,16775,Heart
20525,16775,Heart
20575,16775,Heart
20625,16775,Heart
20675,16775,Heart
20725,16775,Heart
20775,16775,Heart
20825,16775,Heart
20875,16775,Heart
20925,16775,Heart
20975,16775,Heart
21025,16775,Heart
21075,16775,Heart
21125,16775,Heart
21175,16775,Heart
21225,16775,Heart
21275,16775,Heart
21325,16775,Heart
21375,16775,Heart
21425,16775,Heart
21475,16775,Heart
21525,16775,Heart
21575,16775,Heart
21625,16775,Heart
21675,16775,Heart
21725,16775,Heart
21775,16775,Connective tissue
21825,16775,Connective tissue
21875,16775,Connective tissue
21925,16775,Connective tissue
21975,16775,Connective tissue
22025,16775,Connective tissue
22075,16775,Connective tissue
22125,16775,Liver
22175,16775,Liver
22225,16775,Liver
22275,16775,Liver
22325,16775,Liver
22375,16775,Liver
22425,16775,Liver
22475,16775,Liver
22525,16775,Liver
22575,16775,Liver
22625,16775,Liver
22675,16775,Liver
22725,16775,Liver
22775,16775,Liver
22825,16775,Liver
22875,16775,Liver
22925,16775,Liver
22975,16775,Liver
23025,16775,Liver
23075,16775,Liver
23125,16775,Liver
23175,16775,Liver
23225,16775,Liver
23275,16775,Liver
23325,16775,Liver
23375,16775,Liver
23425,16775,Liver
23475,16775,Liver
23525,16775,Liver
23575,16775,Liver
23625,16775,Liver
23675,16775,Liver
23725,16775,Liver
23775,16775,Liver
23825,16775,Liver
23875,16775,Liver
23925,16775,Liver
23975,16775,Liver
24025,16775,Liver
24075,16775,Liver
24125,16775,Liver
24175,16775,Liver
24225,16775,Liver
24275,16775,Liver
24325,16775,Liver
24375,16775,Liver
24425,16775,Liver
24475,16775,Liver
24525,16775,Liver
24575,16775,Liver
24625,16775,Liver
24675,16775,Liver
24725,16775,Liver
24775,16775,Liver
24825,16775,Liver
24875,16775,Liver
24925,16775,Liver
24975,16775,Liver
15025,16825,Connective tissue
15075,16825,Connective tissue
15125,16825,Cartilage primordium
15175,16825,Cartilage primordium
15225,16825,Cartilage primordium
15275,16825,Cartilage primordium
15325,16825,Cartilage primordium
15375,16825,Cartilage primordium
15425,16825,Connective tissue
15475,16825,Muscle
15525,16825,Muscle
15575,16825,Muscle
15625,16825,Connective tissue
15675,16825,Connective tissue
15725,16825,Connective tissue
15775,16825,Connective tissue
15825,16825,Connective tissue
15875,16825,Muscle
15925,16825,Connective tissue
15975,16825,Connective tissue
16025,16825,Connective tissue
16075,16825,Connective tissue
16125,16825,Connective tissue
16175,16825,Connective tissue
16225,16825,Connective tissue
16275,16825,Connective tissue
16325,16825,Kidney
16375,16825,Kidney
16425,16825,Kidney
16475,16825,Kidney
16525,16825,Kidney
16575,16825,Connective tissue
16625,16825,Connective tissue
16675,16825,Connective tissue
16725,16825,Connective tissue
16775,16825,Connective tissue
16825,16825,Connective tissue
16875,16825,Muscle
16925,16825,Muscle
16975,16825,Muscle
17025,16825,Muscle
17075,16825,Muscle
17125,16825,Muscle
17175,16825,Muscle
17225,16825,Muscle
17275,16825,Muscle
17325,16825,Muscle
17375,16825,Muscle
17425,16825,Muscle
17475,16825,Muscle
17525,16825,Muscle
17575,16825,Muscle
17625,16825,Muscle
17675,16825,Muscle
17725,16825,Muscle
17775,16825,Muscle
17825,16825,Connective tissue
17875,16825,Muscle
17925,16825,Muscle
17975,16825,Muscle
18025,16825,Connective tissue
18075,16825,Muscle
18125,16825,Muscle
18175,16825,Muscle
18225,16825,Muscle
18275,16825,Muscle
18325,16825,Muscle
18375,16825,Muscle
18425,16825,Muscle
18475,16825,Connective tissue
18525,16825,Connective tissue
18575,16825,Connective tissue
18625,16825,Connective tissue
18675,16825,Connective tissue
18725,16825,Connective tissue
18775,16825,Connective tissue
18825,16825,Connective tissue
18875,16825,Connective tissue
18925,16825,Connective tissue
18975,16825,Heart
19025,16825,Heart
19075,16825,Heart
19125,16825,Heart
19175,16825,Heart
19225,16825,Heart
19275,16825,Heart
19325,16825,Heart
19375,16825,Heart
19425,16825,Heart
19475,16825,Heart
19525,16825,Heart
19575,16825,Heart
19625,16825,Heart
19675,16825,Heart
19725,16825,Heart
19775,16825,Heart
19825,16825,Heart
19875,16825,Heart
19925,16825,Heart
19975,16825,Heart
20025,16825,Heart
20075,16825,Heart
20125,16825,Heart
20175,16825,Heart
20225,16825,Heart
20275,16825,Heart
20325,16825,Heart
20375,16825,Heart
20425,16825,Heart
20475,16825,Heart
20525,16825,Heart
20575,16825,Heart
20625,16825,Heart
20675,16825,Heart
20725,16825,Heart
20775,16825,Heart
20825,16825,Heart
20875,16825,Heart
20925,16825,Heart
20975,16825,Heart
21025,16825,Heart
21075,16825,Heart
21125,16825,Heart
21175,16825,Heart
21225,16825,Heart
21275,16825,Heart
21325,16825,Heart
21375,16825,Heart
21425,16825,Heart
21475,16825,Heart
21525,16825,Heart
21575,16825,Heart
21625,16825,Heart
21675,16825,Heart
21725,16825,Heart
21775,16825,Connective tissue
21825,16825,Muscle
21875,16825,Connective tissue
21925,16825,Connective tissue
21975,16825,Connective tissue
22025,16825,Connective tissue
22075,16825,Connective tissue
22125,16825,Liver
22175,16825,Liver
22225,16825,Liver
22275,16825,Liver
22325,16825,Liver
22375,16825,Liver
22425,16825,Liver
22475,16825,Liver
22525,16825,Liver
22575,16825,Liver
22625,16825,Liver
22675,16825,Liver
22725,16825,Liver
22775,16825,Liver
22825,16825,Liver
22875,16825,Liver
22925,16825,Liver
22975,16825,Liver
23025,16825,Liver
23075,16825,Liver
23125,16825,Liver
23175,16825,Liver
23225,16825,Liver
23275,16825,Liver
23325,16825,Liver
23375,16825,Liver
23425,16825,Liver
23475,16825,Liver
23525,16825,Liver
23575,16825,Liver
23625,16825,Liver
23675,16825,Liver
23725,16825,Liver
23775,16825,Liver
23825,16825,Liver
23875,16825,Liver
23925,16825,Liver
23975,16825,Liver
24025,16825,Liver
24075,16825,Liver
24125,16825,Liver
24175,16825,Liver
24225,16825,Liver
24275,16825,Liver
24325,16825,Liver
24375,16825,Liver
24425,16825,Liver
24475,16825,Liver
24525,16825,Liver
24575,16825,Liver
24625,16825,Liver
24675,16825,Liver
24725,16825,Liver
24775,16825,Liver
24825,16825,Liver
24875,16825,Liver
24925,16825,Liver
24975,16825,Liver
15025,16875,Connective tissue
15075,16875,Connective tissue
15125,16875,Cartilage primordium
15175,16875,Cartilage primordium
15225,16875,Cartilage primordium
15275,16875,Cartilage primordium
15325,16875,Cartilage primordium
15375,16875,Cartilage primordium
15425,16875,Connective tissue
15475,16875,Muscle
15525,16875,Muscle
15575,16875,Muscle
15625,16875,Connective tissue
15675,16875,Connective tissue
15725,16875,Connective tissue
15775,16875,Muscle
15825,16875,Muscle
15875,16875,Muscle
15925,16875,Muscle
15975,16875,Connective tissue
16025,16875,Connective tissue
16075,16875,Connective tissue
16125,16875,Connective tissue
16175,16875,Connective tissue
16225,16875,Connective tissue
16275,16875,Connective tissue
16325,16875,Connective tissue
16375,16875,Connective tissue
16425,16875,Connective tissue
16475,16875,Connective tissue
16525,16875,Connective tissue
16575,16875,Connective tissue
16625,16875,Connective tissue
16675,16875,Connective tissue
16725,16875,Connective tissue
16775,16875,Connective tissue
16825,16875,Connective tissue
16875,16875,Connective tissue
16925,16875,Connective tissue
16975,16875,Muscle
17025,16875,Muscle
17075,16875,Muscle
17125,16875,Muscle
17175,16875,Muscle
17225,16875,Muscle
17275,16875,Muscle
17325,16875,Muscle
17375,16875,Muscle
17425,16875,Muscle
17475,16875,Muscle
17525,16875,Muscle
17575,16875,Muscle
17625,16875,Muscle
17675,16875,Muscle
17725,16875,Muscle
17775,16875,Muscle
17825,16875,Muscle
17875,16875,Muscle
17925,16875,Muscle
17975,16875,Muscle
18025,16875,Connective tissue
18075,16875,Connective tissue
18125,16875,Muscle
18175,16875,Muscle
18225,16875,Muscle
18275,16875,Muscle
18325,16875,Muscle
18375,16875,Muscle
18425,16875,Muscle
18475,16875,Connective tissue
18525,16875,Connective tissue
18575,16875,Connective tissue
18625,16875,Connective tissue
18675,16875,Connective tissue
18725,16875,Connective tissue
18775,16875,Connective tissue
18825,16875,Connective tissue
18875,16875,Connective tissue
18925,16875,Connective tissue
18975,16875,Connective tissue
19025,16875,Heart
19075,16875,Heart
19125,16875,Heart
19175,16875,Heart
19225,16875,Heart
19275,16875,Heart
19325,16875,Heart
19375,16875,Heart
19425,16875,Heart
19475,16875,Heart
19525,16875,Heart
19575,16875,Heart
19625,16875,Heart
19675,16875,Heart
19725,16875,Heart
19775,16875,Heart
19825,16875,Heart
19875,16875,Heart
19925,16875,Heart
19975,16875,Heart
20025,16875,Heart
20075,16875,Heart
20125,16875,Heart
20175,16875,Heart
20225,16875,Heart
20275,16875,Heart
20325,16875,Heart
20375,16875,Heart
20425,16875,Heart
20475,16875,Heart
20525,16875,Heart
20575,16875,Heart
20625,16875,Heart
20675,16875,Heart
20725,16875,Heart
20775,16875,Heart
20825,16875,Heart
20875,16875,Heart
20925,16875,Heart
20975,16875,Heart
21025,16875,Heart
21075,16875,Heart
21125,16875,Heart
21175,16875,Heart
21225,16875,Heart
21275,16875,Heart
21325,16875,Heart
21375,16875,Heart
21425,16875,Heart
21475,16875,Heart
21525,16875,Heart
21575,16875,Heart
21625,16875,Heart
21675,16875,Heart
21725,16875,Heart
21775,16875,Muscle
21825,16875,Muscle
21875,16875,Connective tissue
21925,16875,Connective tissue
21975,16875,Connective tissue
22025,16875,Connective tissue
22075,16875,Connective tissue
22125,16875,Liver
22175,16875,Liver
22225,16875,Liver
22275,16875,Liver
22325,16875,Liver
22375,16875,Liver
22425,16875,Liver
22475,16875,Liver
22525,16875,Liver
22575,16875,Liver
22625,16875,Liver
22675,16875,Liver
22725,16875,Liver
22775,16875,Liver
22825,16875,Liver
22875,16875,Liver
22925,16875,Liver
22975,16875,Liver
23025,16875,Liver
23075,16875,Liver
23125,16875,Liver
23175,16875,Liver
23225,16875,Liver
23275,16875,Liver
23325,16875,Liver
23375,16875,Liver
23425,16875,Liver
23475,16875,Liver
23525,16875,Liver
23575,16875,Liver
23625,16875,Liver
23675,16875,Liver
23725,16875,Liver
23775,16875,Liver
23825,16875,Liver
23875,16875,Liver
23925,16875,Liver
23975,16875,Liver
24025,16875,Liver
24075,16875,Liver
24125,16875,Liver
24175,16875,Liver
24225,16875,Liver
24275,16875,Liver
24325,16875,Liver
24375,16875,Liver
24425,16875,Liver
24475,16875,Liver
24525,16875,Liver
24575,16875,Liver
24625,16875,Liver
24675,16875,Liver
24725,16875,Liver
24775,16875,Liver
24825,16875,Liver
24875,16875,Liver
24925,16875,Liver
24975,16875,Liver
15025,16925,Connective tissue
15075,16925,Connective tissue
15125,16925,Connective tissue
15175,16925,Cartilage primordium
15225,16925,Cartilage primordium
15275,16925,Cartilage primordium
15325,16925,Cartilage primordium
15375,16925,Cartilage primordium
15425,16925,Connective tissue
15475,16925,Muscle
15525,16925,Muscle
15575,16925,Muscle
15625,16925,Muscle
15675,16925,Connective tissue
15725,16925,Connective tissue
15775,16925,Connective tissue
15825,16925,Muscle
15875,16925,Muscle
15925,16925,Muscle
15975,16925,Connective tissue
16025,16925,Connective tissue
16075,16925,Connective tissue
16125,16925,Connective tissue
16175,16925,Connective tissue
16225,16925,Connective tissue
16275,16925,Connective tissue
16325,16925,Connective tissue
16375,16925,Connective tissue
16425,16925,Connective tissue
16475,16925,Connective tissue
16525,16925,Connective tissue
16575,16925,Connective tissue
16625,16925,Connective tissue
16675,16925,Connective tissue
16725,16925,Connective tissue
16775,16925,Connective tissue
16825,16925,Connective tissue
16875,16925,Connective tissue
16925,16925,Connective tissue
16975,16925,Muscle
17025,16925,Connective tissue
17075,16925,Muscle
17125,16925,Muscle
17175,16925,Muscle
17225,16925,Muscle
17275,16925,Muscle
17325,16925,Muscle
17375,16925,Muscle
17425,16925,Connective tissue
17475,16925,Muscle
17525,16925,Muscle
17575,16925,Muscle
17625,16925,Muscle
17675,16925,Muscle
17725,16925,Muscle
17775,16925,Muscle
17825,16925,Muscle
17875,16925,Muscle
17925,16925,Connective tissue
17975,16925,Muscle
18025,16925,Muscle
18075,16925,Connective tissue
18125,16925,Muscle
18175,16925,Muscle
18225,16925,Muscle
18275,16925,Muscle
18325,16925,Muscle
18375,16925,Connective tissue
18425,16925,Connective tissue
18475,16925,Connective tissue
18525,16925,Connective tissue
18575,16925,Connective tissue
18625,16925,Connective tissue
18675,16925,Connective tissue
18725,16925,Connective tissue
18775,16925,Connective tissue
18825,16925,Connective tissue
18875,16925,Connective tissue
18925,16925,Connective tissue
18975,16925,Connective tissue
19025,16925,Connective tissue
19075,16925,Heart
19125,16925,Heart
19175,16925,Heart
19225,16925,Heart
19275,16925,Heart
19325,16925,Heart
19375,16925,Heart
19425,16925,Heart
19475,16925,Heart
19525,16925,Heart
19575,16925,Heart
19625,16925,Heart
19675,16925,Heart
19725,16925,Heart
19775,16925,Heart
19825,16925,Heart
19875,16925,Heart
19925,16925,Heart
19975,16925,Heart
20025,16925,Heart
20075,16925,Heart
20125,16925,Heart
20175,16925,Heart
20225,16925,Heart
20275,16925,Heart
20325,16925,Heart
20375,16925,Heart
20425,16925,Heart
20475,16925,Heart
20525,16925,Heart
20575,16925,Heart
20625,16925,Heart
20675,16925,Heart
20725,16925,Heart
20775,16925,Heart
20825,16925,Heart
20875,16925,Heart
20925,16925,Heart
20975,16925,Heart
21025,16925,Heart
21075,16925,Heart
21125,16925,Heart
21175,16925,Heart
21225,16925,Heart
21275,16925,Heart
21325,16925,Heart
21375,16925,Heart
21425,16925,Heart
21475,16925,Heart
21525,16925,Heart
21575,16925,Heart
21625,16925,Heart
21675,16925,Heart
21725,16925,Connective tissue
21775,16925,Muscle
21825,16925,Muscle
21875,16925,Connective tissue
21925,16925,Connective tissue
21975,16925,Connective tissue
22025,16925,Connective tissue
22075,16925,Liver
22125,16925,Liver
22175,16925,Liver
22225,16925,Liver
22275,16925,Liver
22325,16925,Liver
22375,16925,Liver
22425,16925,Liver
22475,16925,Liver
22525,16925,Liver
22575,16925,Liver
22625,16925,Liver
22675,16925,Liver
22725,16925,Liver
22775,16925,Liver
22825,16925,Liver
22875,16925,Liver
22925,16925,Liver
22975,16925,Liver
23025,16925,Liver
23075,16925,Liver
23125,16925,Liver
23175,16925,Liver
23225,16925,Liver
23275,16925,Liver
23325,16925,Liver
23375,16925,Liver
23425,16925,Liver
23475,16925,Liver
23525,16925,Liver
23575,16925,Liver
23625,16925,Liver
23675,16925,Liver
23725,16925,Liver
23775,16925,Liver
23825,16925,Liver
23875,16925,Liver
23925,16925,Liver
23975,16925,Liver
24025,16925,Liver
24075,16925,Liver
24125,16925,Liver
24175,16925,Liver
24225,16925,Liver
24275,16925,Liver
24325,16925,Liver
24375,16925,Liver
24425,16925,Liver
24475,16925,Liver
24525,16925,Liver
24575,16925,Liver
24625,16925,Liver
24675,16925,Liver
24725,16925,Liver
24775,16925,Liver
24825,16925,Liver
24875,16925,Liver
24925,16925,Liver
24975,16925,Liver
15025,16975,Connective tissue
15075,16975,Connective tissue
15125,16975,Connective tissue
15175,16975,Connective tissue
15225,16975,Connective tissue
15275,16975,Cartilage primordium
15325,16975,Cartilage primordium
15375,16975,Connective tissue
15425,16975,Connective tissue
15475,16975,Muscle
15525,16975,Muscle
15575,16975,Muscle
15625,16975,Muscle
15675,16975,Connective tissue
15725,16975,Connective tissue
15775,16975,Connective tissue
15825,16975,Muscle
15875,16975,Muscle
15925,16975,Muscle
15975,16975,Connective tissue
16025,16975,Connective tissue
16075,16975,Connective tissue
16125,16975,Connective tissue
16175,16975,Connective tissue
16225,16975,Connective tissue
16275,16975,Connective tissue
16325,16975,Connective tissue
16375,16975,Connective tissue
16425,16975,Connective tissue
16475,16975,Connective tissue
16525,16975,Connective tissue
16575,16975,Connective tissue
16625,16975,Connective tissue
16675,16975,Connective tissue
16725,16975,Connective tissue
16775,16975,Connective tissue
16825,16975,Connective tissue
16875,16975,Connective tissue
16925,16975,Connective tissue
16975,16975,Connective tissue
17025,16975,Connective tissue
17075,16975,Connective tissue
17125,16975,Connective tissue
17175,16975,Muscle
17225,16975,Muscle
17275,16975,Muscle
17325,16975,Muscle
17375,16975,Connective tissue
17425,16975,Connective tissue
17475,16975,Connective tissue
17525,16975,Muscle
17575,16975,Muscle
17625,16975,Muscle
17675,16975,Muscle
17725,16975,Muscle
17775,16975,Muscle
17825,16975,Muscle
17875,16975,Muscle
17925,16975,Connective tissue
17975,16975,Connective tissue
18025,16975,Muscle
18075,16975,Muscle
18125,16975,Connective tissue
18175,16975,Muscle
18225,16975,Muscle
18275,16975,Muscle
18325,16975,Connective tissue
18375,16975,Connective tissue
18425,16975,Connective tissue
18475,16975,Connective tissue
18525,16975,Connective tissue
18575,16975,Connective tissue
18625,16975,Connective tissue
18675,16975,Connective tissue
18725,16975,Connective tissue
18775,16975,Connective tissue
18825,16975,Connective tissue
18875,16975,Connective tissue
18925,16975,Connective tissue
18975,16975,Connective tissue
19025,16975,Muscle
19075,16975,Connective tissue
19125,16975,Heart
19175,16975,Heart
19225,16975,Heart
19275,16975,Heart
19325,16975,Heart
19375,16975,Heart
19425,16975,Heart
19475,16975,Heart
19525,16975,Heart
19575,16975,Heart
19625,16975,Heart
19675,16975,Heart
19725,16975,Heart
19775,16975,Heart
19825,16975,Heart
19875,16975,Heart
19925,16975,Heart
19975,16975,Heart
20025,16975,Heart
20075,16975,Heart
20125,16975,Heart
20175,16975,Heart
20225,16975,Heart
20275,16975,Heart
20325,16975,Heart
20375,16975,Heart
20425,16975,Heart
20475,16975,Heart
20525,16975,Heart
20575,16975,Heart
20625,16975,Heart
20675,16975,Heart
20725,16975,Heart
20775,16975,Heart
20825,16975,Heart
20875,16975,Heart
20925,16975,Heart
20975,16975,Heart
21025,16975,Heart
21075,16975,Heart
21125,16975,Heart
21175,16975,Heart
21225,16975,Heart
21275,16975,Heart
21325,16975,Heart
21375,16975,Heart
21425,16975,Heart
21475,16975,Heart
21525,16975,Heart
21575,16975,Heart
21625,16975,Heart
21675,16975,Heart
21725,16975,Muscle
21775,16975,Muscle
21825,16975,Muscle
21875,16975,Connective tissue
21925,16975,Connective tissue
21975,16975,Connective tissue
22025,16975,Liver
22075,16975,Liver
22125,16975,Liver
22175,16975,Liver
22225,16975,Liver
22275,16975,Liver
22325,16975,Liver
22375,16975,Liver
22425,16975,Liver
22475,16975,Liver
22525,16975,Liver
22575,16975,Liver
22625,16975,Liver
22675,16975,Liver
22725,16975,Liver
22775,16975,Liver
22825,16975,Liver
22875,16975,Liver
22925,16975,Liver
22975,16975,Liver
23025,16975,Liver
23075,16975,Liver
23125,16975,Liver
23175,16975,Liver
23225,16975,Liver
23275,16975,Liver
23325,16975,Liver
23375,16975,Liver
23425,16975,Liver
23475,16975,Liver
23525,16975,Liver
23575,16975,Liver
23625,16975,Liver
23675,16975,Liver
23725,16975,Liver
23775,16975,Liver
23825,16975,Liver
23875,16975,Liver
23925,16975,Liver
23975,16975,Liver
24025,16975,Liver
24075,16975,Liver
24125,16975,Liver
24175,16975,Liver
24225,16975,Liver
24275,16975,Liver
24325,16975,Liver
24375,16975,Liver
24425,16975,Liver
24475,16975,Liver
24525,16975,Liver
24575,16975,Liver
24625,16975,Liver
24675,16975,Liver
24725,16975,Liver
24775,16975,Liver
24825,16975,Liver
24875,16975,Liver
24925,16975,Liver
24975,16975,Liver
15025,17025,Brain
15075,17025,Connective tissue
15125,17025,Connective tissue
15175,17025,Connective tissue
15225,17025,Connective tissue
15275,17025,Connective tissue
15325,17025,Connective tissue
15375,17025,Connective tissue
15425,17025,Connective tissue
15475,17025,Muscle
15525,17025,Muscle
15575,17025,Muscle
15625,17025,Muscle
15675,17025,Connective tissue
15725,17025,Connective tissue
15775,17025,Connective tissue
15825,17025,Connective tissue
15875,17025,Connective tissue
15925,17025,Connective tissue
15975,17025,Connective tissue
16025,17025,Connective tissue
16075,17025,Muscle
16125,17025,Connective tissue
16175,17025,Connective tissue
16225,17025,Connective tissue
16275,17025,Connective tissue
16325,17025,Connective tissue
16375,17025,Connective tissue
16425,17025,Connective tissue
16475,17025,Connective tissue
16525,17025,Connective tissue
16575,17025,Connective tissue
16625,17025,Connective tissue
16675,17025,Connective tissue
16725,17025,Connective tissue
16775,17025,Connective tissue
16825,17025,Connective tissue
16875,17025,Connective tissue
16925,17025,Connective tissue
16975,17025,Connective tissue
17025,17025,Connective tissue
17075,17025,Connective tissue
17125,17025,Connective tissue
17175,17025,Connective tissue
17225,17025,Connective tissue
17275,17025,Connective tissue
17325,17025,Connective tissue
17375,17025,Connective tissue
17425,17025,Muscle
17475,17025,Muscle
17525,17025,Muscle
17575,17025,Muscle
17625,17025,Muscle
17675,17025,Muscle
17725,17025,Muscle
17775,17025,Muscle
17825,17025,Muscle
17875,17025,Muscle
17925,17025,Muscle
17975,17025,Muscle
18025,17025,Muscle
18075,17025,Muscle
18125,17025,Muscle
18175,17025,Muscle
18225,17025,Muscle
18275,17025,Muscle
18325,17025,Connective tissue
18375,17025,Connective tissue
18425,17025,Cartilage primordium
18475,17025,Cartilage primordium
18525,17025,Cartilage primordium
18575,17025,Cartilage primordium
18625,17025,Connective tissue
18675,17025,Connective tissue
18725,17025,Connective tissue
18775,17025,Connective tissue
18825,17025,Connective tissue
18875,17025,Connective tissue
18925,17025,Connective tissue
18975,17025,Connective tissue
19025,17025,Muscle
19075,17025,Connective tissue
19125,17025,Heart
19175,17025,Heart
19225,17025,Heart
19275,17025,Heart
19325,17025,Heart
19375,17025,Heart
19425,17025,Heart
19475,17025,Heart
19525,17025,Heart
19575,17025,Heart
19625,17025,Heart
19675,17025,Heart
19725,17025,Heart
19775,17025,Heart
19825,17025,Heart
19875,17025,Heart
19925,17025,Heart
19975,17025,Heart
20025,17025,Heart
20075,17025,Heart
20125,17025,Heart
20175,17025,Heart
20225,17025,Heart
20275,17025,Heart
20325,17025,Heart
20375,17025,Heart
20425,17025,Heart
20475,17025,Heart
20525,17025,Heart
20575,17025,Heart
20625,17025,Heart
20675,17025,Heart
20725,17025,Heart
20775,17025,Heart
20825,17025,Heart
20875,17025,Heart
20925,17025,Heart
20975,17025,Heart
21025,17025,Heart
21075,17025,Heart
21125,17025,Heart
21175,17025,Heart
21225,17025,Heart
21275,17025,Heart
21325,17025,Heart
21375,17025,Heart
21425,17025,Heart
21475,17025,Heart
21525,17025,Heart
21575,17025,Heart
21625,17025,Heart
21675,17025,Connective tissue
21725,17025,Muscle
21775,17025,Muscle
21825,17025,Connective tissue
21875,17025,Connective tissue
21925,17025,Connective tissue
21975,17025,Connective tissue
22025,17025,Connective tissue
22075,17025,Liver
22125,17025,Liver
22175,17025,Liver
22225,17025,Liver
22275,17025,Liver
22325,17025,Liver
22375,17025,Liver
22425,17025,Liver
22475,17025,Liver
22525,17025,Liver
22575,17025,Liver
22625,17025,Liver
22675,17025,Liver
22725,17025,Liver
22775,17025,Liver
22825,17025,Liver
22875,17025,Liver
22925,17025,Liver
22975,17025,Liver
23025,17025,Liver
23075,17025,Liver
23125,17025,Liver
23175,17025,Liver
23225,17025,Liver
23275,17025,Liver
23325,17025,Liver
23375,17025,Liver
23425,17025,Liver
23475,17025,Liver
23525,17025,Liver
23575,17025,Liver
23625,17025,Liver
23675,17025,Liver
23725,17025,Liver
23775,17025,Liver
23825,17025,Liver
23875,17025,Liver
23925,17025,Liver
23975,17025,Liver
24025,17025,Liver
24075,17025,Liver
24125,17025,Liver
24175,17025,Liver
24225,17025,Liver
24275,17025,Liver
24325,17025,Liver
24375,17025,Liver
24425,17025,Liver
24475,17025,Liver
24525,17025,Liver
24575,17025,Liver
24625,17025,Liver
24675,17025,Liver
24725,17025,Liver
24775,17025,Liver
24825,17025,Liver
24875,17025,Liver
24925,17025,Liver
24975,17025,Liver
15025,17075,Brain
15075,17075,Brain
15125,17075,Connective tissue
15175,17075,Connective tissue
15225,17075,Connective tissue
15275,17075,Connective tissue
15325,17075,Connective tissue
15375,17075,Connective tissue
15425,17075,Connective tissue
15475,17075,Connective tissue
15525,17075,Muscle
15575,17075,Muscle
15625,17075,Connective tissue
15675,17075,Connective tissue
15725,17075,Connective tissue
15775,17075,Connective tissue
15825,17075,Connective tissue
15875,17075,Connective tissue
15925,17075,Connective tissue
15975,17075,Connective tissue
16025,17075,Muscle
16075,17075,Muscle
16125,17075,Muscle
16175,17075,Connective tissue
16225,17075,Connective tissue
16275,17075,Connective tissue
16325,17075,Connective tissue
16375,17075,Connective tissue
16425,17075,Connective tissue
16475,17075,Connective tissue
16525,17075,Connective tissue
16575,17075,Connective tissue
16625,17075,Connective tissue
16675,17075,Connective tissue
16725,17075,Connective tissue
16775,17075,Connective tissue
16825,17075,Connective tissue
16875,17075,Connective tissue
16925,17075,Connective tissue
16975,17075,Connective tissue
17025,17075,Connective tissue
17075,17075,Connective tissue
17125,17075,Connective tissue
17175,17075,Connective tissue
17225,17075,Connective tissue
17275,17075,Connective tissue
17325,17075,Connective tissue
17375,17075,Connective tissue
17425,17075,Muscle
17475,17075,Muscle
17525,17075,Muscle
17575,17075,Muscle
17625,17075,Muscle
17675,17075,Muscle
17725,17075,Muscle
17775,17075,Muscle
17825,17075,Muscle
17875,17075,Muscle
17925,17075,Muscle
17975,17075,Muscle
18025,17075,Connective tissue
18075,17075,Muscle
18125,17075,Muscle
18175,17075,Muscle
18225,17075,Connective tissue
18275,17075,Connective tissue
18325,17075,Connective tissue
18375,17075,Cartilage primordium
18425,17075,Cartilage primordium
18475,17075,Cartilage primordium
18525,17075,Cartilage primordium
18575,17075,Cartilage primordium
18625,17075,Cartilage primordium
18675,17075,Connective tissue
18725,17075,Connective tissue
18775,17075,Connective tissue
18825,17075,Connective tissue
18875,17075,Connective tissue
18925,17075,Connective tissue
18975,17075,Connective tissue
19025,17075,Muscle
19075,17075,Muscle
19125,17075,Connective tissue
19175,17075,Heart
19225,17075,Heart
19275,17075,Heart
19325,17075,Heart
19375,17075,Heart
19425,17075,Heart
19475,17075,Heart
19525,17075,Heart
19575,17075,Heart
19625,17075,Heart
19675,17075,Heart
19725,17075,Heart
19775,17075,Heart
19825,17075,Heart
19875,17075,Heart
19925,17075,Heart
19975,17075,Heart
20025,17075,Heart
20075,17075,Heart
20125,17075,Heart
20175,17075,Heart
20225,17075,Heart
20275,17075,Heart
20325,17075,Heart
20375,17075,Heart
20425,17075,Heart
20475,17075,Heart
20525,17075,Heart
20575,17075,Heart
20625,17075,Heart
20675,17075,Heart
20725,17075,Heart
20775,17075,Heart
20825,17075,Heart
20875,17075,Heart
20925,17075,Heart
20975,17075,Heart
21025,17075,Heart
21075,17075,Heart
21125,17075,Heart
21175,17075,Heart
21225,17075,Heart
21275,17075,Heart
21325,17075,Heart
21375,17075,Heart
21425,17075,Heart
21475,17075,Heart
21525,17075,Heart
21575,17075,Heart
21625,17075,Heart
21675,17075,Connective tissue
21725,17075,Muscle
21775,17075,Muscle
21825,17075,Connective tissue
21875,17075,Connective tissue
21925,17075,Connective tissue
21975,17075,Connective tissue
22025,17075,Connective tissue
22075,17075,Liver
22125,17075,Liver
22175,17075,Liver
22225,17075,Liver
22275,17075,Liver
22325,17075,Liver
22375,17075,Liver
22425,17075,Liver
22475,17075,Liver
22525,17075,Liver
22575,17075,Liver
22625,17075,Liver
22675,17075,Liver
22725,17075,Liver
22775,17075,Liver
22825,17075,Liver
22875,17075,Liver
22925,17075,Liver
22975,17075,Liver
23025,17075,Liver
23075,17075,Liver
23125,17075,Liver
23175,17075,Liver
23225,17075,Liver
23275,17075,Liver
23325,17075,Liver
23375,17075,Liver
23425,17075,Liver
23475,17075,Liver
23525,17075,Liver
23575,17075,Liver
23625,17075,Liver
23675,17075,Liver
23725,17075,Liver
23775,17075,Liver
23825,17075,Liver
23875,17075,Liver
23925,17075,Liver
23975,17075,Liver
24025,17075,Liver
24075,17075,Liver
24125,17075,Liver
24175,17075,Liver
24225,17075,Liver
24275,17075,Liver
24325,17075,Liver
24375,17075,Liver
24425,17075,Liver
24475,17075,Liver
24525,17075,Liver
24575,17075,Liver
24625,17075,Liver
24675,17075,Liver
24725,17075,Liver
24775,17075,Liver
24825,17075,Liver
24875,17075,Liver
24925,17075,Liver
24975,17075,Liver
15025,17125,Brain
15075,17125,Muscle
15125,17125,Muscle
15175,17125,Muscle
15225,17125,Muscle
15275,17125,Muscle
15325,17125,Connective tissue
15375,17125,Connective tissue
15425,17125,Connective tissue
15475,17125,Connective tissue
15525,17125,Muscle
15575,17125,Muscle
15625,17125,Muscle
15675,17125,Connective tissue
15725,17125,Connective tissue
15775,17125,Connective tissue
15825,17125,Connective tissue
15875,17125,Connective tissue
15925,17125,Connective tissue
15975,17125,Connective tissue
16025,17125,Muscle
16075,17125,Muscle
16125,17125,Muscle
16175,17125,Muscle
16225,17125,Connective tissue
16275,17125,Connective tissue
16325,17125,Connective tissue
16375,17125,Connective tissue
16425,17125,Connective tissue
16475,17125,Kidney
16525,17125,Connective tissue
16575,17125,Connective tissue
16625,17125,Kidney
16675,17125,Connective tissue
16725,17125,Connective tissue
16775,17125,Connective tissue
16825,17125,Connective tissue
16875,17125,Connective tissue
16925,17125,Connective tissue
16975,17125,Connective tissue
17025,17125,Connective tissue
17075,17125,Connective tissue
17125,17125,Connective tissue
17175,17125,Connective tissue
17225,17125,Connective tissue
17275,17125,Connective tissue
17325,17125,Connective tissue
17375,17125,Connective tissue
17425,17125,Muscle
17475,17125,Muscle
17525,17125,Muscle
17575,17125,Muscle
17625,17125,Connective tissue
17675,17125,Muscle
17725,17125,Muscle
17775,17125,Muscle
17825,17125,Muscle
17875,17125,Muscle
17925,17125,Muscle
17975,17125,Muscle
18025,17125,Muscle
18075,17125,Connective tissue
18125,17125,Muscle
18175,17125,Muscle
18225,17125,Connective tissue
18275,17125,Connective tissue
18325,17125,Cartilage primordium
18375,17125,Cartilage primordium
18425,17125,Cartilage primordium
18475,17125,Cartilage primordium
18525,17125,Cartilage primordium
18575,17125,Cartilage primordium
18625,17125,Cartilage primordium
18675,17125,Connective tissue
18725,17125,Connective tissue
18775,17125,Connective tissue
18825,17125,Connective tissue
18875,17125,Connective tissue
18925,17125,Connective tissue
18975,17125,Connective tissue
19025,17125,Cavity
19075,17125,Cavity
19125,17125,Muscle
19175,17125,Connective tissue
19225,17125,Heart
19275,17125,Heart
19325,17125,Heart
19375,17125,Heart
19425,17125,Heart
19475,17125,Heart
19525,17125,Heart
19575,17125,Heart
19625,17125,Heart
19675,17125,Heart
19725,17125,Heart
19775,17125,Heart
19825,17125,Heart
19875,17125,Heart
19925,17125,Heart
19975,17125,Heart
20025,17125,Heart
20075,17125,Heart
20125,17125,Heart
20175,17125,Heart
20225,17125,Heart
20275,17125,Heart
20325,17125,Heart
20375,17125,Heart
20425,17125,Heart
20475,17125,Heart
20525,17125,Heart
20575,17125,Heart
20625,17125,Heart
20675,17125,Heart
20725,17125,Heart
20775,17125,Heart
20825,17125,Heart
20875,17125,Heart
20925,17125,Heart
20975,17125,Heart
21025,17125,Heart
21075,17125,Heart
21125,17125,Heart
21175,17125,Heart
21225,17125,Heart
21275,17125,Heart
21325,17125,Heart
21375,17125,Heart
21425,17125,Heart
21475,17125,Heart
21525,17125,Heart
21575,17125,Heart
21625,17125,Heart
21675,17125,Connective tissue
21725,17125,Muscle
21775,17125,Connective tissue
21825,17125,Connective tissue
21875,17125,Connective tissue
21925,17125,Connective tissue
21975,17125,Connective tissue
22025,17125,Liver
22075,17125,Liver
22125,17125,Liver
22175,17125,Liver
22225,17125,Liver
22275,17125,Liver
22325,17125,Liver
22375,17125,Liver
22425,17125,Liver
22475,17125,Liver
22525,17125,Liver
22575,17125,Liver
22625,17125,Liver
22675,17125,Liver
22725,17125,Liver
22775,17125,Liver
22825,17125,Liver
22875,17125,Liver
22925,17125,Liver
22975,17125,Liver
23025,17125,Liver
23075,17125,Liver
23125,17125,Liver
23175,17125,Liver
23225,17125,Liver
23275,17125,Liver
23325,17125,Liver
23375,17125,Liver
23425,17125,Liver
23475,17125,Liver
23525,17125,Liver
23575,17125,Liver
23625,17125,Liver
23675,17125,Liver
23725,17125,Liver
23775,17125,Liver
23825,17125,Liver
23875,17125,Liver
23925,17125,Liver
23975,17125,Liver
24025,17125,Liver
24075,17125,Liver
24125,17125,Liver
24175,17125,Liver
24225,17125,Liver
24275,17125,Liver
24325,17125,Liver
24375,17125,Liver
24425,17125,Liver
24475,17125,Liver
24525,17125,Liver
24575,17125,Liver
24625,17125,Liver
24675,17125,Liver
24725,17125,Connective tissue
24775,17125,Liver
24825,17125,Liver
24875,17125,Liver
24925,17125,Liver
24975,17125,Liver
15025,17175,Muscle
15075,17175,Muscle
15125,17175,Muscle
15175,17175,Muscle
15225,17175,Muscle
15275,17175,Muscle
15325,17175,Muscle
15375,17175,Muscle
15425,17175,Connective tissue
15475,17175,Connective tissue
15525,17175,Muscle
15575,17175,Muscle
15625,17175,Muscle
15675,17175,Muscle
15725,17175,Connective tissue
15775,17175,Connective tissue
15825,17175,Connective tissue
15875,17175,Connective tissue
15925,17175,Connective tissue
15975,17175,Connective tissue
16025,17175,Muscle
16075,17175,Muscle
16125,17175,Muscle
16175,17175,Muscle
16225,17175,Connective tissue
16275,17175,Connective tissue
16325,17175,Connective tissue
16375,17175,Connective tissue
16425,17175,Thymus
16475,17175,Connective tissue
16525,17175,Connective tissue
16575,17175,Connective tissue
16625,17175,Connective tissue
16675,17175,Connective tissue
16725,17175,Connective tissue
16775,17175,Connective tissue
16825,17175,Connective tissue
16875,17175,Connective tissue
16925,17175,Kidney
16975,17175,Connective tissue
17025,17175,Connective tissue
17075,17175,Connective tissue
17125,17175,Connective tissue
17175,17175,Connective tissue
17225,17175,Connective tissue
17275,17175,Connective tissue
17325,17175,Connective tissue
17375,17175,Connective tissue
17425,17175,Connective tissue
17475,17175,Connective tissue
17525,17175,Connective tissue
17575,17175,Muscle
17625,17175,Muscle
17675,17175,Connective tissue
17725,17175,Muscle
17775,17175,Muscle
17825,17175,Muscle
17875,17175,Muscle
17925,17175,Muscle
17975,17175,Muscle
18025,17175,Muscle
18075,17175,Muscle
18125,17175,Connective tissue
18175,17175,Muscle
18225,17175,Connective tissue
18275,17175,Connective tissue
18325,17175,Connective tissue
18375,17175,Cartilage primordium
18425,17175,Cartilage primordium
18475,17175,Cartilage primordium
18525,17175,Cartilage primordium
18575,17175,Cartilage primordium
18625,17175,Cartilage primordium
18675,17175,Connective tissue
18725,17175,Connective tissue
18775,17175,Connective tissue
18825,17175,Connective tissue
18875,17175,Connective tissue
18925,17175,Connective tissue
18975,17175,Connective tissue
19025,17175,Heart
19075,17175,Cavity
19125,17175,Muscle
19175,17175,Connective tissue
19225,17175,Heart
19275,17175,Heart
19325,17175,Heart
19375,17175,Heart
19425,17175,Heart
19475,17175,Heart
19525,17175,Heart
19575,17175,Heart
19625,17175,Heart
19675,17175,Heart
19725,17175,Heart
19775,17175,Heart
19825,17175,Heart
19875,17175,Heart
19925,17175,Heart
19975,17175,Heart
20025,17175,Heart
20075,17175,Heart
20125,17175,Heart
20175,17175,Heart
20225,17175,Heart
20275,17175,Heart
20325,17175,Heart
20375,17175,Heart
20425,17175,Heart
20475,17175,Heart
20525,17175,Heart
20575,17175,Heart
20625,17175,Heart
20675,17175,Heart
20725,17175,Heart
20775,17175,Heart
20825,17175,Heart
20875,17175,Heart
20925,17175,Heart
20975,17175,Heart
21025,17175,Heart
21075,17175,Heart
21125,17175,Heart
21175,17175,Heart
21225,17175,Heart
21275,17175,Heart
21325,17175,Heart
21375,17175,Heart
21425,17175,Heart
21475,17175,Heart
21525,17175,Heart
21575,17175,Heart
21625,17175,Connective tissue
21675,17175,Connective tissue
21725,17175,Muscle
21775,17175,Muscle
21825,17175,Connective tissue
21875,17175,Connective tissue
21925,17175,Connective tissue
21975,17175,Connective tissue
22025,17175,Liver
22075,17175,Liver
22125,17175,Liver
22175,17175,Liver
22225,17175,Liver
22275,17175,Liver
22325,17175,Liver
22375,17175,Liver
22425,17175,Liver
22475,17175,Liver
22525,17175,Liver
22575,17175,Liver
22625,17175,Liver
22675,17175,Liver
22725,17175,Liver
22775,17175,Liver
22825,17175,Liver
22875,17175,Liver
22925,17175,Liver
22975,17175,Liver
23025,17175,Liver
23075,17175,Liver
23125,17175,Liver
23175,17175,Liver
23225,17175,Liver
23275,17175,Liver
23325,17175,Liver
23375,17175,Liver
23425,17175,Liver
23475,17175,Liver
23525,17175,Liver
23575,17175,Liver
23625,17175,Liver
23675,17175,Liver
23725,17175,Liver
23775,17175,Liver
23825,17175,Liver
23875,17175,Liver
23925,17175,Liver
23975,17175,Liver
24025,17175,Liver
24075,17175,Liver
24125,17175,Liver
24175,17175,Liver
24225,17175,Liver
24275,17175,Liver
24325,17175,Liver
24375,17175,Liver
24425,17175,Liver
24475,17175,Liver
24525,17175,Liver
24575,17175,Liver
24625,17175,Liver
24675,17175,Liver
24725,17175,Liver
24775,17175,Liver
24825,17175,Liver
24875,17175,Liver
24925,17175,Liver
24975,17175,Liver
15025,17225,Muscle
15075,17225,Muscle
15125,17225,Muscle
15175,17225,Muscle
15225,17225,Muscle
15275,17225,Muscle
15325,17225,Muscle
15375,17225,Muscle
15425,17225,Connective tissue
15475,17225,Connective tissue
15525,17225,Muscle
15575,17225,Muscle
15625,17225,Muscle
15675,17225,Muscle
15725,17225,Connective tissue
15775,17225,Connective tissue
15825,17225,Connective tissue
15875,17225,Connective tissue
15925,17225,Connective tissue
15975,17225,Connective tissue
16025,17225,Connective tissue
16075,17225,Muscle
16125,17225,Muscle
16175,17225,Muscle
16225,17225,Connective tissue
16275,17225,Connective tissue
16325,17225,Connective tissue
16375,17225,Connective tissue
16425,17225,Connective tissue
16475,17225,Connective tissue
16525,17225,Connective tissue
16575,17225,Connective tissue
16625,17225,Connective tissue
16675,17225,Connective tissue
16725,17225,Connective tissue
16775,17225,Connective tissue
16825,17225,GI tract
16875,17225,Connective tissue
16925,17225,Pancreas
16975,17225,Connective tissue
17025,17225,Connective tissue
17075,17225,Connective tissue
17125,17225,Connective tissue
17175,17225,Connective tissue
17225,17225,Connective tissue
17275,17225,Connective tissue
17325,17225,Connective tissue
17375,17225,Thymus
17425,17225,Connective tissue
17475,17225,Connective tissue
17525,17225,Connective tissue
17575,17225,Connective tissue
17625,17225,Connective tissue
17675,17225,Connective tissue
17725,17225,Connective tissue
17775,17225,Muscle
17825,17225,Muscle
17875,17225,Muscle
17925,17225,Muscle
17975,17225,Muscle
18025,17225,Muscle
18075,17225,Muscle
18125,17225,Connective tissue
18175,17225,Connective tissue
18225,17225,Connective tissue
18275,17225,Connective tissue
18325,17225,Connective tissue
18375,17225,Cartilage primordium
18425,17225,Cartilage primordium
18475,17225,Cartilage primordium
18525,17225,Cartilage primordium
18575,17225,Cartilage primordium
18625,17225,Cartilage primordium
18675,17225,Connective tissue
18725,17225,Connective tissue
18775,17225,Muscle
18825,17225,Connective tissue
18875,17225,Connective tissue
18925,17225,Connective tissue
18975,17225,Connective tissue
19025,17225,Connective tissue
19075,17225,Connective tissue
19125,17225,Muscle
19175,17225,Muscle
19225,17225,Connective tissue
19275,17225,Heart
19325,17225,Heart
19375,17225,Heart
19425,17225,Heart
19475,17225,Heart
19525,17225,Heart
19575,17225,Heart
19625,17225,Heart
19675,17225,Heart
19725,17225,Heart
19775,17225,Heart
19825,17225,Heart
19875,17225,Heart
19925,17225,Heart
19975,17225,Heart
20025,17225,Heart
20075,17225,Heart
20125,17225,Heart
20175,17225,Heart
20225,17225,Heart
20275,17225,Heart
20325,17225,Heart
20375,17225,Heart
20425,17225,Heart
20475,17225,Heart
20525,17225,Heart
20575,17225,Heart
20625,17225,Heart
20675,17225,Heart
20725,17225,Heart
20775,17225,Heart
20825,17225,Heart
20875,17225,Heart
20925,17225,Heart
20975,17225,Heart
21025,17225,Heart
21075,17225,Heart
21125,17225,Heart
21175,17225,Heart
21225,17225,Heart
21275,17225,Heart
21325,17225,Heart
21375,17225,Heart
21425,17225,Heart
21475,17225,Heart
21525,17225,Heart
21575,17225,Heart
21625,17225,Connective tissue
21675,17225,Muscle
21725,17225,Muscle
21775,17225,Muscle
21825,17225,Connective tissue
21875,17225,Connective tissue
21925,17225,Connective tissue
21975,17225,Connective tissue
22025,17225,Liver
22075,17225,Liver
22125,17225,Liver
22175,17225,Liver
22225,17225,Liver
22275,17225,Liver
22325,17225,Liver
22375,17225,Liver
22425,17225,Liver
22475,17225,Liver
22525,17225,Liver
22575,17225,Liver
22625,17225,Liver
22675,17225,Liver
22725,17225,Liver
22775,17225,Liver
22825,17225,Liver
22875,17225,Liver
22925,17225,Liver
22975,17225,Liver
23025,17225,Liver
23075,17225,Liver
23125,17225,Liver
23175,17225,Liver
23225,17225,Liver
23275,17225,Liver
23325,17225,Liver
23375,17225,Liver
23425,17225,Liver
23475,17225,Liver
23525,17225,Liver
23575,17225,Liver
23625,17225,Liver
23675,17225,Liver
23725,17225,Liver
23775,17225,Liver
23825,17225,Liver
23875,17225,Liver
23925,17225,Liver
23975,17225,Liver
24025,17225,Liver
24075,17225,Liver
24125,17225,Liver
24175,17225,Liver
24225,17225,Liver
24275,17225,Liver
24325,17225,Liver
24375,17225,Liver
24425,17225,Liver
24475,17225,Liver
24525,17225,Liver
24575,17225,Liver
24625,17225,Liver
24675,17225,Liver
24725,17225,Liver
24775,17225,Liver
24825,17225,Liver
24875,17225,Liver
24925,17225,Liver
24975,17225,Liver
15025,17275,Muscle
15075,17275,Muscle
15125,17275,Muscle
15175,17275,Muscle
15225,17275,Muscle
15275,17275,Muscle
15325,17275,Muscle
15375,17275,Connective tissue
15425,17275,Connective tissue
15475,17275,Connective tissue
15525,17275,Muscle
15575,17275,Muscle
15625,17275,Muscle
15675,17275,Connective tissue
15725,17275,Connective tissue
15775,17275,Connective tissue
15825,17275,Connective tissue
15875,17275,Connective tissue
15925,17275,Connective tissue
15975,17275,Connective tissue
16025,17275,Connective tissue
16075,17275,Muscle
16125,17275,Muscle
16175,17275,Muscle
16225,17275,Muscle
16275,17275,Connective tissue
16325,17275,Connective tissue
16375,17275,Connective tissue
16425,17275,Connective tissue
16475,17275,Connective tissue
16525,17275,Connective tissue
16575,17275,Kidney
16625,17275,Connective tissue
16675,17275,Connective tissue
16725,17275,Connective tissue
16775,17275,Connective tissue
16825,17275,Connective tissue
16875,17275,Connective tissue
16925,17275,Cavity
16975,17275,Connective tissue
17025,17275,Connective tissue
17075,17275,Connective tissue
17125,17275,Connective tissue
17175,17275,Connective tissue
17225,17275,Connective tissue
17275,17275,Connective tissue
17325,17275,Connective tissue
17375,17275,Connective tissue
17425,17275,Connective tissue
17475,17275,Pancreas
17525,17275,Connective tissue
17575,17275,Connective tissue
17625,17275,Connective tissue
17675,17275,Connective tissue
17725,17275,Connective tissue
17775,17275,Connective tissue
17825,17275,Muscle
17875,17275,Muscle
17925,17275,Muscle
17975,17275,Muscle
18025,17275,Muscle
18075,17275,Muscle
18125,17275,Muscle
18175,17275,Connective tissue
18225,17275,Connective tissue
18275,17275,Connective tissue
18325,17275,Connective tissue
18375,17275,Connective tissue
18425,17275,Cartilage primordium
18475,17275,Cartilage primordium
18525,17275,Cartilage primordium
18575,17275,Cartilage primordium
18625,17275,Connective tissue
18675,17275,Connective tissue
18725,17275,Muscle
18775,17275,Muscle
18825,17275,Muscle
18875,17275,Muscle
18925,17275,Connective tissue
18975,17275,Connective tissue
19025,17275,Connective tissue
19075,17275,Connective tissue
19125,17275,Connective tissue
19175,17275,Muscle
19225,17275,Muscle
19275,17275,Connective tissue
19325,17275,Heart
19375,17275,Heart
19425,17275,Heart
19475,17275,Heart
19525,17275,Heart
19575,17275,Heart
19625,17275,Heart
19675,17275,Heart
19725,17275,Heart
19775,17275,Heart
19825,17275,Heart
19875,17275,Heart
19925,17275,Heart
19975,17275,Heart
20025,17275,Heart
20075,17275,Heart
20125,17275,Heart
20175,17275,Heart
20225,17275,Heart
20275,17275,Heart
20325,17275,Heart
20375,17275,Heart
20425,17275,Heart
20475,17275,Heart
20525,17275,Heart
20575,17275,Heart
20625,17275,Heart
20675,17275,Heart
20725,17275,Heart
20775,17275,Heart
20825,17275,Heart
20875,17275,Heart
20925,17275,Heart
20975,17275,Heart
21025,17275,Heart
21075,17275,Heart
21125,17275,Heart
21175,17275,Heart
21225,17275,Heart
21275,17275,Heart
21325,17275,Heart
21375,17275,Heart
21425,17275,Heart
21475,17275,Heart
21525,17275,Heart
21575,17275,Heart
21625,17275,Connective tissue
21675,17275,Muscle
21725,17275,Muscle
21775,17275,Muscle
21825,17275,Heart
21875,17275,Connective tissue
21925,17275,Connective tissue
21975,17275,Liver
22025,17275,Liver
22075,17275,Liver
22125,17275,Liver
22175,17275,Liver
22225,17275,Liver
22275,17275,Liver
22325,17275,Liver
22375,17275,Liver
22425,17275,Liver
22475,17275,Liver
22525,17275,Liver
22575,17275,Liver
22625,17275,Liver
22675,17275,Liver
22725,17275,Liver
22775,17275,Liver
22825,17275,Liver
22875,17275,Liver
22925,17275,Liver
22975,17275,Liver
23025,17275,Liver
23075,17275,Liver
23125,17275,Liver
23175,17275,Liver
23225,17275,Liver
23275,17275,Liver
23325,17275,Liver
23375,17275,Liver
23425,17275,Liver
23475,17275,Liver
23525,17275,Liver
23575,17275,Liver
23625,17275,Liver
23675,17275,Liver
23725,17275,Liver
23775,17275,Liver
23825,17275,Liver
23875,17275,Liver
23925,17275,Liver
23975,17275,Liver
24025,17275,Liver
24075,17275,Liver
24125,17275,Liver
24175,17275,Liver
24225,17275,Liver
24275,17275,Liver
24325,17275,Liver
24375,17275,Liver
24425,17275,Liver
24475,17275,Liver
24525,17275,Liver
24575,17275,Liver
24625,17275,Liver
24675,17275,Liver
24725,17275,Liver
24775,17275,Liver
24825,17275,Liver
24875,17275,Liver
24925,17275,Liver
24975,17275,Liver
15025,17325,Muscle
15075,17325,Muscle
15125,17325,Muscle
15175,17325,Muscle
15225,17325,Muscle
15275,17325,Muscle
15325,17325,Muscle
15375,17325,Connective tissue
15425,17325,Connective tissue
15475,17325,Connective tissue
15525,17325,Muscle
15575,17325,Muscle
15625,17325,Muscle
15675,17325,Connective tissue
15725,17325,Connective tissue
15775,17325,Connective tissue
15825,17325,Connective tissue
15875,17325,Connective tissue
15925,17325,Connective tissue
15975,17325,Connective tissue
16025,17325,Connective tissue
16075,17325,Connective tissue
16125,17325,Connective tissue
16175,17325,Muscle
16225,17325,Muscle
16275,17325,Connective tissue
16325,17325,Connective tissue
16375,17325,Connective tissue
16425,17325,Connective tissue
16475,17325,Connective tissue
16525,17325,Connective tissue
16575,17325,Connective tissue
16625,17325,Connective tissue
16675,17325,Connective tissue
16725,17325,Connective tissue
16775,17325,Connective tissue
16825,17325,Kidney
16875,17325,Pancreas
16925,17325,GI tract
16975,17325,Connective tissue
17025,17325,Connective tissue
17075,17325,Connective tissue
17125,17325,Connective tissue
17175,17325,Connective tissue
17225,17325,Connective tissue
17275,17325,Connective tissue
17325,17325,Connective tissue
17375,17325,Connective tissue
17425,17325,Connective tissue
17475,17325,Connective tissue
17525,17325,GI tract
17575,17325,Connective tissue
17625,17325,Connective tissue
17675,17325,Connective tissue
17725,17325,Connective tissue
17775,17325,Connective tissue
17825,17325,Connective tissue
17875,17325,Connective tissue
17925,17325,Muscle
17975,17325,Muscle
18025,17325,Muscle
18075,17325,Muscle
18125,17325,Muscle
18175,17325,Muscle
18225,17325,Connective tissue
18275,17325,Connective tissue
18325,17325,Connective tissue
18375,17325,Connective tissue
18425,17325,Connective tissue
18475,17325,Connective tissue
18525,17325,Connective tissue
18575,17325,Connective tissue
18625,17325,Connective tissue
18675,17325,Muscle
18725,17325,Muscle
18775,17325,Muscle
18825,17325,Muscle
18875,17325,Muscle
18925,17325,Muscle
18975,17325,Connective tissue
19025,17325,Connective tissue
19075,17325,Connective tissue
19125,17325,Connective tissue
19175,17325,Connective tissue
19225,17325,Muscle
19275,17325,Muscle
19325,17325,Connective tissue
19375,17325,Heart
19425,17325,Heart
19475,17325,Heart
19525,17325,Heart
19575,17325,Heart
19625,17325,Heart
19675,17325,Heart
19725,17325,Heart
19775,17325,Heart
19825,17325,Heart
19875,17325,Heart
19925,17325,Heart
19975,17325,Heart
20025,17325,Heart
20075,17325,Heart
20125,17325,Heart
20175,17325,Heart
20225,17325,Heart
20275,17325,Heart
20325,17325,Heart
20375,17325,Heart
20425,17325,Heart
20475,17325,Heart
20525,17325,Heart
20575,17325,Heart
20625,17325,Heart
20675,17325,Heart
20725,17325,Heart
20775,17325,Heart
20825,17325,Heart
20875,17325,Heart
20925,17325,Heart
20975,17325,Heart
21025,17325,Heart
21075,17325,Heart
21125,17325,Heart
21175,17325,Heart
21225,17325,Heart
21275,17325,Heart
21325,17325,Heart
21375,17325,Heart
21425,17325,Heart
21475,17325,Heart
21525,17325,Heart
21575,17325,Heart
21625,17325,Connective tissue
21675,17325,Muscle
21725,17325,Muscle
21775,17325,Connective tissue
21825,17325,Connective tissue
21875,17325,Connective tissue
21925,17325,Connective tissue
21975,17325,Liver
22025,17325,Liver
22075,17325,Liver
22125,17325,Liver
22175,17325,Liver
22225,17325,Liver
22275,17325,Liver
22325,17325,Liver
22375,17325,Liver
22425,17325,Liver
22475,17325,Liver
22525,17325,Liver
22575,17325,Liver
22625,17325,Liver
22675,17325,Liver
22725,17325,Liver
22775,17325,Liver
22825,17325,Liver
22875,17325,Liver
22925,17325,Liver
22975,17325,Liver
23025,17325,Liver
23075,17325,Liver
23125,17325,Liver
23175,17325,Liver
23225,17325,Liver
23275,17325,Liver
23325,17325,Liver
23375,17325,Liver
23425,17325,Liver
23475,17325,Liver
23525,17325,Liver
23575,17325,Liver
23625,17325,Liver
23675,17325,Liver
23725,17325,Liver
23775,17325,Liver
23825,17325,Liver
23875,17325,Liver
23925,17325,Liver
23975,17325,Liver
24025,17325,Liver
24075,17325,Liver
24125,17325,Liver
24175,17325,Liver
24225,17325,Liver
24275,17325,Liver
24325,17325,Liver
24375,17325,Liver
24425,17325,Liver
24475,17325,Liver
24525,17325,Liver
24575,17325,Liver
24625,17325,Liver
24675,17325,Liver
24725,17325,Liver
24775,17325,Liver
24825,17325,Liver
24875,17325,Liver
24925,17325,Liver
24975,17325,Liver
15025,17375,Muscle
15075,17375,Muscle
15125,17375,Muscle
15175,17375,Muscle
15225,17375,Muscle
15275,17375,Muscle
15325,17375,Muscle
15375,17375,Connective tissue
15425,17375,Connective tissue
15475,17375,Connective tissue
15525,17375,Muscle
15575,17375,Muscle
15625,17375,Muscle
15675,17375,Muscle
15725,17375,Connective tissue
15775,17375,Connective tissue
15825,17375,Connective tissue
15875,17375,Connective tissue
15925,17375,Connective tissue
15975,17375,Connective tissue
16025,17375,Connective tissue
16075,17375,Connective tissue
16125,17375,Connective tissue
16175,17375,Muscle
16225,17375,Muscle
16275,17375,Muscle
16325,17375,Connective tissue
16375,17375,Connective tissue
16425,17375,Connective tissue
16475,17375,Connective tissue
16525,17375,Connective tissue
16575,17375,Connective tissue
16625,17375,Connective tissue
16675,17375,Connective tissue
16725,17375,Connective tissue
16775,17375,Connective tissue
16825,17375,Connective tissue
16875,17375,Connective tissue
16925,17375,GI tract
16975,17375,Connective tissue
17025,17375,GI tract
17075,17375,Mucosal epithelium
17125,17375,Connective tissue
17175,17375,Connective tissue
17225,17375,Connective tissue
17275,17375,Connective tissue
17325,17375,Connective tissue
17375,17375,Connective tissue
17425,17375,Connective tissue
17475,17375,Connective tissue
17525,17375,Kidney
17575,17375,Connective tissue
17625,17375,Connective tissue
17675,17375,Connective tissue
17725,17375,Connective tissue
17775,17375,Connective tissue
17825,17375,Connective tissue
17875,17375,Connective tissue
17925,17375,Muscle
17975,17375,Muscle
18025,17375,Muscle
18075,17375,Muscle
18125,17375,Muscle
18175,17375,Muscle
18225,17375,Muscle
18275,17375,Connective tissue
18325,17375,Connective tissue
18375,17375,Connective tissue
18425,17375,Connective tissue
18475,17375,Connective tissue
18525,17375,Connective tissue
18575,17375,Muscle
18625,17375,Muscle
18675,17375,Muscle
18725,17375,Muscle
18775,17375,Muscle
18825,17375,Muscle
18875,17375,Muscle
18925,17375,Muscle
18975,17375,Connective tissue
19025,17375,Connective tissue
19075,17375,Connective tissue
19125,17375,Connective tissue
19175,17375,Connective tissue
19225,17375,Connective tissue
19275,17375,Muscle
19325,17375,Muscle
19375,17375,Connective tissue
19425,17375,Heart
19475,17375,Heart
19525,17375,Heart
19575,17375,Heart
19625,17375,Heart
19675,17375,Heart
19725,17375,Heart
19775,17375,Heart
19825,17375,Heart
19875,17375,Heart
19925,17375,Heart
19975,17375,Heart
20025,17375,Heart
20075,17375,Heart
20125,17375,Heart
20175,17375,Heart
20225,17375,Heart
20275,17375,Heart
20325,17375,Heart
20375,17375,Heart
20425,17375,Heart
20475,17375,Heart
20525,17375,Heart
20575,17375,Heart
20625,17375,Heart
20675,17375,Heart
20725,17375,Heart
20775,17375,Heart
20825,17375,Heart
20875,17375,Heart
20925,17375,Heart
20975,17375,Heart
21025,17375,Heart
21075,17375,Heart
21125,17375,Heart
21175,17375,Heart
21225,17375,Heart
21275,17375,Heart
21325,17375,Heart
21375,17375,Heart
21425,17375,Heart
21475,17375,Heart
21525,17375,Heart
21575,17375,Heart
21625,17375,Connective tissue
21675,17375,Muscle
21725,17375,Muscle
21775,17375,Muscle
21825,17375,Connective tissue
21875,17375,Connective tissue
21925,17375,Liver
21975,17375,Liver
22025,17375,Liver
22075,17375,Liver
22125,17375,Liver
22175,17375,Liver
22225,17375,Liver
22275,17375,Liver
22325,17375,Liver
22375,17375,Liver
22425,17375,Liver
22475,17375,Liver
22525,17375,Liver
22575,17375,Liver
22625,17375,Liver
22675,17375,Liver
22725,17375,Liver
22775,17375,Liver
22825,17375,Liver
22875,17375,Liver
22925,17375,Liver
22975,17375,Liver
23025,17375,Liver
23075,17375,Liver
23125,17375,Liver
23175,17375,Liver
23225,17375,Liver
23275,17375,Liver
23325,17375,Liver
23375,17375,Liver
23425,17375,Liver
23475,17375,Liver
23525,17375,Liver
23575,17375,Liver
23625,17375,Liver
23675,17375,Liver
23725,17375,Liver
23775,17375,Liver
23825,17375,Liver
23875,17375,Liver
23925,17375,Liver
23975,17375,Liver
24025,17375,Liver
24075,17375,Liver
24125,17375,Liver
24175,17375,Liver
24225,17375,Liver
24275,17375,Liver
24325,17375,Liver
24375,17375,Liver
24425,17375,Liver
24475,17375,Liver
24525,17375,Liver
24575,17375,Liver
24625,17375,Liver
24675,17375,Liver
24725,17375,Liver
24775,17375,Liver
24825,17375,Liver
24875,17375,Liver
24925,17375,Liver
24975,17375,Connective tissue
15025,17425,Muscle
15075,17425,Muscle
15125,17425,Muscle
15175,17425,Muscle
15225,17425,Muscle
15275,17425,Muscle
15325,17425,Muscle
15375,17425,Connective tissue
15425,17425,Connective tissue
15475,17425,Connective tissue
15525,17425,Muscle
15575,17425,Muscle
15625,17425,Muscle
15675,17425,Muscle
15725,17425,Connective tissue
15775,17425,Connective tissue
15825,17425,Connective tissue
15875,17425,Connective tissue
15925,17425,Connective tissue
15975,17425,Connective tissue
16025,17425,Connective tissue
16075,17425,Connective tissue
16125,17425,Connective tissue
16175,17425,Connective tissue
16225,17425,Muscle
16275,17425,Muscle
16325,17425,Muscle
16375,17425,Connective tissue
16425,17425,Connective tissue
16475,17425,Connective tissue
16525,17425,Connective tissue
16575,17425,Connective tissue
16625,17425,Connective tissue
16675,17425,Connective tissue
16725,17425,Connective tissue
16775,17425,Connective tissue
16825,17425,Connective tissue
16875,17425,Connective tissue
16925,17425,Connective tissue
16975,17425,Connective tissue
17025,17425,Connective tissue
17075,17425,Connective tissue
17125,17425,Connective tissue
17175,17425,Connective tissue
17225,17425,Connective tissue
17275,17425,Connective tissue
17325,17425,Connective tissue
17375,17425,Connective tissue
17425,17425,Connective tissue
17475,17425,Connective tissue
17525,17425,Kidney
17575,17425,Connective tissue
17625,17425,Kidney
17675,17425,Connective tissue
17725,17425,Connective tissue
17775,17425,Connective tissue
17825,17425,Connective tissue
17875,17425,Connective tissue
17925,17425,Connective tissue
17975,17425,Muscle
18025,17425,Muscle
18075,17425,Muscle
18125,17425,Muscle
18175,17425,Muscle
18225,17425,Muscle
18275,17425,Connective tissue
18325,17425,Connective tissue
18375,17425,Connective tissue
18425,17425,Muscle
18475,17425,Muscle
18525,17425,Muscle
18575,17425,Muscle
18625,17425,Muscle
18675,17425,Muscle
18725,17425,Muscle
18775,17425,Muscle
18825,17425,Muscle
18875,17425,Muscle
18925,17425,Muscle
18975,17425,Connective tissue
19025,17425,Connective tissue
19075,17425,Connective tissue
19125,17425,Connective tissue
19175,17425,Connective tissue
19225,17425,Connective tissue
19275,17425,Connective tissue
19325,17425,Muscle
19375,17425,Muscle
19425,17425,Connective tissue
19475,17425,Heart
19525,17425,Heart
19575,17425,Heart
19625,17425,Heart
19675,17425,Heart
19725,17425,Heart
19775,17425,Heart
19825,17425,Heart
19875,17425,Heart
19925,17425,Heart
19975,17425,Heart
20025,17425,Heart
20075,17425,Heart
20125,17425,Heart
20175,17425,Heart
20225,17425,Heart
20275,17425,Heart
20325,17425,Heart
20375,17425,Heart
20425,17425,Heart
20475,17425,Heart
20525,17425,Heart
20575,17425,Heart
20625,17425,Heart
20675,17425,Heart
20725,17425,Heart
20775,17425,Heart
20825,17425,Heart
20875,17425,Heart
20925,17425,Heart
20975,17425,Heart
21025,17425,Heart
21075,17425,Heart
21125,17425,Heart
21175,17425,Heart
21225,17425,Heart
21275,17425,Heart
21325,17425,Heart
21375,17425,Heart
21425,17425,Heart
21475,17425,Heart
21525,17425,Heart
21575,17425,Heart
21625,17425,Connective tissue
21675,17425,Muscle
21725,17425,Muscle
21775,17425,Connective tissue
21825,17425,Connective tissue
21875,17425,Connective tissue
21925,17425,Connective tissue
21975,17425,Liver
22025,17425,Liver
22075,17425,Liver
22125,17425,Liver
22175,17425,Liver
22225,17425,Liver
22275,17425,Liver
22325,17425,Liver
22375,17425,Liver
22425,17425,Liver
22475,17425,Liver
22525,17425,Liver
22575,17425,Liver
22625,17425,Liver
22675,17425,Liver
22725,17425,Liver
22775,17425,Liver
22825,17425,Liver
22875,17425,Liver
22925,17425,Liver
22975,17425,Liver
23025,17425,Liver
23075,17425,Liver
23125,17425,Liver
23175,17425,Liver
23225,17425,Liver
23275,17425,Liver
23325,17425,Liver
23375,17425,Liver
23425,17425,Liver
23475,17425,Liver
23525,17425,Liver
23575,17425,Liver
23625,17425,Liver
23675,17425,Liver
23725,17425,Liver
23775,17425,Liver
23825,17425,Liver
23875,17425,Liver
23925,17425,Liver
23975,17425,Liver
24025,17425,Liver
24075,17425,Liver
24125,17425,Liver
24175,17425,Liver
24225,17425,Liver
24275,17425,Liver
24325,17425,Liver
24375,17425,Liver
24425,17425,Liver
24475,17425,Liver
24525,17425,Liver
24575,17425,Liver
24625,17425,Liver
24675,17425,Liver
24725,17425,Liver
24775,17425,Liver
24825,17425,Liver
24875,17425,Liver
24925,17425,Liver
24975,17425,Connective tissue
15025,17475,Muscle
15075,17475,Muscle
15125,17475,Muscle
15175,17475,Muscle
15225,17475,Muscle
15275,17475,Muscle
15325,17475,Muscle
15375,17475,Muscle
15425,17475,Muscle
15475,17475,Muscle
15525,17475,Muscle
15575,17475,Muscle
15625,17475,Muscle
15675,17475,Muscle
15725,17475,Connective tissue
15775,17475,Connective tissue
15825,17475,Connective tissue
15875,17475,Connective tissue
15925,17475,Connective tissue
15975,17475,Connective tissue
16025,17475,Connective tissue
16075,17475,Connective tissue
16125,17475,Connective tissue
16175,17475,Connective tissue
16225,17475,Muscle
16275,17475,Muscle
16325,17475,Muscle
16375,17475,Connective tissue
16425,17475,Connective tissue
16475,17475,Connective tissue
16525,17475,Connective tissue
16575,17475,Connective tissue
16625,17475,Connective tissue
16675,17475,Connective tissue
16725,17475,Connective tissue
16775,17475,Connective tissue
16825,17475,Connective tissue
16875,17475,Connective tissue
16925,17475,Connective tissue
16975,17475,Connective tissue
17025,17475,Connective tissue
17075,17475,Connective tissue
17125,17475,Connective tissue
17175,17475,Connective tissue
17225,17475,Connective tissue
17275,17475,Connective tissue
17325,17475,Connective tissue
17375,17475,Connective tissue
17425,17475,Connective tissue
17475,17475,Connective tissue
17525,17475,Connective tissue
17575,17475,Connective tissue
17625,17475,Connective tissue
17675,17475,Connective tissue
17725,17475,Connective tissue
17775,17475,Connective tissue
17825,17475,Connective tissue
17875,17475,Connective tissue
17925,17475,Connective tissue
17975,17475,Connective tissue
18025,17475,Connective tissue
18075,17475,Muscle
18125,17475,Muscle
18175,17475,Muscle
18225,17475,Muscle
18275,17475,Connective tissue
18325,17475,Connective tissue
18375,17475,Connective tissue
18425,17475,Muscle
18475,17475,Muscle
18525,17475,Muscle
18575,17475,Muscle
18625,17475,Muscle
18675,17475,Muscle
18725,17475,Muscle
18775,17475,Muscle
18825,17475,Muscle
18875,17475,Muscle
18925,17475,Muscle
18975,17475,Connective tissue
19025,17475,Connective tissue
19075,17475,Connective tissue
19125,17475,Connective tissue
19175,17475,Connective tissue
19225,17475,Connective tissue
19275,17475,Connective tissue
19325,17475,Connective tissue
19375,17475,Muscle
19425,17475,Muscle
19475,17475,Muscle
19525,17475,Connective tissue
19575,17475,Heart
19625,17475,Heart
19675,17475,Heart
19725,17475,Heart
19775,17475,Heart
19825,17475,Heart
19875,17475,Heart
19925,17475,Heart
19975,17475,Heart
20025,17475,Heart
20075,17475,Heart
20125,17475,Heart
20175,17475,Heart
20225,17475,Heart
20275,17475,Heart
20325,17475,Heart
20375,17475,Heart
20425,17475,Heart
20475,17475,Heart
20525,17475,Heart
20575,17475,Heart
20625,17475,Heart
20675,17475,Heart
20725,17475,Heart
20775,17475,Heart
20825,17475,Heart
20875,17475,Heart
20925,17475,Heart
20975,17475,Heart
21025,17475,Heart
21075,17475,Heart
21125,17475,Heart
21175,17475,Heart
21225,17475,Heart
21275,17475,Heart
21325,17475,Heart
21375,17475,Heart
21425,17475,Heart
21475,17475,Heart
21525,17475,Heart
21575,17475,Connective tissue
21625,17475,Connective tissue
21675,17475,Muscle
21725,17475,Muscle
21775,17475,Connective tissue
21825,17475,Connective tissue
21875,17475,Connective tissue
21925,17475,Connective tissue
21975,17475,Liver
22025,17475,Liver
22075,17475,Liver
22125,17475,Liver
22175,17475,Liver
22225,17475,Liver
22275,17475,Liver
22325,17475,Liver
22375,17475,Liver
22425,17475,Liver
22475,17475,Liver
22525,17475,Liver
22575,17475,Liver
22625,17475,Liver
22675,17475,Liver
22725,17475,Liver
22775,17475,Liver
22825,17475,Liver
22875,17475,Liver
22925,17475,Liver
22975,17475,Liver
23025,17475,Liver
23075,17475,Liver
23125,17475,Liver
23175,17475,Liver
23225,17475,Liver
23275,17475,Liver
23325,17475,Liver
23375,17475,Liver
23425,17475,Liver
23475,17475,Liver
23525,17475,Liver
23575,17475,Liver
23625,17475,Liver
23675,17475,Liver
23725,17475,Liver
23775,17475,Liver
23825,17475,Liver
23875,17475,Liver
23925,17475,Liver
23975,17475,Liver
24025,17475,Liver
24075,17475,Liver
24125,17475,Liver
24175,17475,Liver
24225,17475,Liver
24275,17475,Liver
24325,17475,Liver
24375,17475,Liver
24425,17475,Liver
24475,17475,Liver
24525,17475,Liver
24575,17475,Liver
24625,17475,Liver
24675,17475,Liver
24725,17475,Liver
24775,17475,Liver
24825,17475,Liver
24875,17475,Liver
24925,17475,Liver
24975,17475,Connective tissue
15025,17525,Muscle
15075,17525,Muscle
15125,17525,Muscle
15175,17525,Muscle
15225,17525,Muscle
15275,17525,Muscle
15325,17525,Muscle
15375,17525,Muscle
15425,17525,Muscle
15475,17525,Muscle
15525,17525,Muscle
15575,17525,Muscle
15625,17525,Muscle
15675,17525,Muscle
15725,17525,Connective tissue
15775,17525,Connective tissue
15825,17525,Connective tissue
15875,17525,Connective tissue
15925,17525,Connective tissue
15975,17525,Connective tissue
16025,17525,Connective tissue
16075,17525,Connective tissue
16125,17525,Connective tissue
16175,17525,Connective tissue
16225,17525,Muscle
16275,17525,Muscle
16325,17525,Muscle
16375,17525,Muscle
16425,17525,Connective tissue
16475,17525,Connective tissue
16525,17525,Connective tissue
16575,17525,Connective tissue
16625,17525,Connective tissue
16675,17525,Connective tissue
16725,17525,Connective tissue
16775,17525,Connective tissue
16825,17525,Connective tissue
16875,17525,Connective tissue
16925,17525,Connective tissue
16975,17525,Connective tissue
17025,17525,Connective tissue
17075,17525,Connective tissue
17125,17525,Connective tissue
17175,17525,Connective tissue
17225,17525,Connective tissue
17275,17525,Connective tissue
17325,17525,Connective tissue
17375,17525,Connective tissue
17425,17525,Connective tissue
17475,17525,Kidney
17525,17525,Kidney
17575,17525,Connective tissue
17625,17525,Connective tissue
17675,17525,Connective tissue
17725,17525,Connective tissue
17775,17525,Connective tissue
17825,17525,Connective tissue
17875,17525,Connective tissue
17925,17525,Connective tissue
17975,17525,Connective tissue
18025,17525,Connective tissue
18075,17525,Connective tissue
18125,17525,Muscle
18175,17525,Muscle
18225,17525,Muscle
18275,17525,Muscle
18325,17525,Muscle
18375,17525,Connective tissue
18425,17525,Muscle
18475,17525,Muscle
18525,17525,Muscle
18575,17525,Muscle
18625,17525,Muscle
18675,17525,Muscle
18725,17525,Muscle
18775,17525,Muscle
18825,17525,Connective tissue
18875,17525,Connective tissue
18925,17525,Connective tissue
18975,17525,Connective tissue
19025,17525,Connective tissue
19075,17525,Connective tissue
19125,17525,Connective tissue
19175,17525,Connective tissue
19225,17525,Connective tissue
19275,17525,Connective tissue
19325,17525,Connective tissue
19375,17525,Connective tissue
19425,17525,Connective tissue
19475,17525,Muscle
19525,17525,Muscle
19575,17525,Muscle
19625,17525,Connective tissue
19675,17525,Heart
19725,17525,Heart
19775,17525,Heart
19825,17525,Heart
19875,17525,Heart
19925,17525,Heart
19975,17525,Heart
20025,17525,Heart
20075,17525,Heart
20125,17525,Heart
20175,17525,Heart
20225,17525,Heart
20275,17525,Heart
20325,17525,Heart
20375,17525,Heart
20425,17525,Heart
20475,17525,Heart
20525,17525,Heart
20575,17525,Heart
20625,17525,Heart
20675,17525,Heart
20725,17525,Heart
20775,17525,Heart
20825,17525,Heart
20875,17525,Heart
20925,17525,Heart
20975,17525,Heart
21025,17525,Heart
21075,17525,Heart
21125,17525,Heart
21175,17525,Heart
21225,17525,Heart
21275,17525,Heart
21325,17525,Heart
21375,17525,Heart
21425,17525,Heart
21475,17525,Heart
21525,17525,Connective tissue
21575,17525,Connective tissue
21625,17525,Muscle
21675,17525,Muscle
21725,17525,Muscle
21775,17525,Connective tissue
21825,17525,Connective tissue
21875,17525,Connective tissue
21925,17525,Connective tissue
21975,17525,Liver
22025,17525,Liver
22075,17525,Liver
22125,17525,Liver
22175,17525,Liver
22225,17525,Liver
22275,17525,Liver
22325,17525,Liver
22375,17525,Liver
22425,17525,Liver
22475,17525,Liver
22525,17525,Liver
22575,17525,Liver
22625,17525,Liver
22675,17525,Liver
22725,17525,Liver
22775,17525,Liver
22825,17525,Liver
22875,17525,Liver
22925,17525,Liver
22975,17525,Liver
23025,17525,Liver
23075,17525,Liver
23125,17525,Liver
23175,17525,Liver
23225,17525,Liver
23275,17525,Liver
23325,17525,Liver
23375,17525,Liver
23425,17525,Liver
23475,17525,Liver
23525,17525,Liver
23575,17525,Liver
23625,17525,Liver
23675,17525,Liver
23725,17525,Liver
23775,17525,Liver
23825,17525,Liver
23875,17525,Liver
23925,17525,Liver
23975,17525,Liver
24025,17525,Liver
24075,17525,Liver
24125,17525,Liver
24175,17525,Liver
24225,17525,Liver
24275,17525,Liver
24325,17525,Liver
24375,17525,Liver
24425,17525,Liver
24475,17525,Liver
24525,17525,Liver
24575,17525,Liver
24625,17525,Liver
24675,17525,Liver
24725,17525,Liver
24775,17525,Liver
24825,17525,Liver
24875,17525,Liver
24925,17525,Liver
24975,17525,Connective tissue
15025,17575,Muscle
15075,17575,Muscle
15125,17575,Muscle
15175,17575,Muscle
15225,17575,Muscle
15275,17575,Muscle
15325,17575,Muscle
15375,17575,Muscle
15425,17575,Muscle
15475,17575,Muscle
15525,17575,Muscle
15575,17575,Muscle
15625,17575,Muscle
15675,17575,Muscle
15725,17575,Connective tissue
15775,17575,Connective tissue
15825,17575,Connective tissue
15875,17575,Connective tissue
15925,17575,Connective tissue
15975,17575,Connective tissue
16025,17575,Connective tissue
16075,17575,Connective tissue
16125,17575,Connective tissue
16175,17575,Connective tissue
16225,17575,Muscle
16275,17575,Muscle
16325,17575,Muscle
16375,17575,Muscle
16425,17575,Muscle
16475,17575,Connective tissue
16525,17575,Connective tissue
16575,17575,Connective tissue
16625,17575,Connective tissue
16675,17575,Connective tissue
16725,17575,Connective tissue
16775,17575,Connective tissue
16825,17575,Connective tissue
16875,17575,Connective tissue
16925,17575,Connective tissue
16975,17575,Connective tissue
17025,17575,Connective tissue
17075,17575,Connective tissue
17125,17575,Connective tissue
17175,17575,Connective tissue
17225,17575,Connective tissue
17275,17575,Connective tissue
17325,17575,Connective tissue
17375,17575,Connective tissue
17425,17575,Connective tissue
17475,17575,Connective tissue
17525,17575,Connective tissue
17575,17575,Connective tissue
17625,17575,Connective tissue
17675,17575,GI tract
17725,17575,Connective tissue
17775,17575,Connective tissue
17825,17575,Connective tissue
17875,17575,Connective tissue
17925,17575,Connective tissue
17975,17575,Connective tissue
18025,17575,Connective tissue
18075,17575,Connective tissue
18125,17575,Muscle
18175,17575,Muscle
18225,17575,Muscle
18275,17575,Muscle
18325,17575,Connective tissue
18375,17575,Muscle
18425,17575,Muscle
18475,17575,Muscle
18525,17575,Muscle
18575,17575,Muscle
18625,17575,Muscle
18675,17575,Muscle
18725,17575,Muscle
18775,17575,Connective tissue
18825,17575,Connective tissue
18875,17575,Connective tissue
18925,17575,Connective tissue
18975,17575,Connective tissue
19025,17575,Cartilage primordium
19075,17575,Cartilage primordium
19125,17575,Connective tissue
19175,17575,Connective tissue
19225,17575,Connective tissue
19275,17575,Connective tissue
19325,17575,Connective tissue
19375,17575,Connective tissue
19425,17575,Connective tissue
19475,17575,Connective tissue
19525,17575,Muscle
19575,17575,Muscle
19625,17575,Muscle
19675,17575,Muscle
19725,17575,Heart
19775,17575,Heart
19825,17575,Heart
19875,17575,Heart
19925,17575,Heart
19975,17575,Heart
20025,17575,Heart
20075,17575,Heart
20125,17575,Heart
20175,17575,Heart
20225,17575,Heart
20275,17575,Heart
20325,17575,Heart
20375,17575,Heart
20425,17575,Heart
20475,17575,Heart
20525,17575,Heart
20575,17575,Heart
20625,17575,Heart
20675,17575,Heart
20725,17575,Heart
20775,17575,Heart
20825,17575,Heart
20875,17575,Heart
20925,17575,Heart
20975,17575,Heart
21025,17575,Heart
21075,17575,Heart
21125,17575,Heart
21175,17575,Heart
21225,17575,Heart
21275,17575,Heart
21325,17575,Heart
21375,17575,Heart
21425,17575,Heart
21475,17575,Heart
21525,17575,Connective tissue
21575,17575,Connective tissue
21625,17575,Muscle
21675,17575,Muscle
21725,17575,Muscle
21775,17575,Connective tissue
21825,17575,Connective tissue
21875,17575,Connective tissue
21925,17575,Liver
21975,17575,Liver
22025,17575,Liver
22075,17575,Liver
22125,17575,Liver
22175,17575,Liver
22225,17575,Liver
22275,17575,Liver
22325,17575,Liver
22375,17575,Liver
22425,17575,Liver
22475,17575,Liver
22525,17575,Liver
22575,17575,Liver
22625,17575,Liver
22675,17575,Liver
22725,17575,Liver
22775,17575,Liver
22825,17575,Liver
22875,17575,Liver
22925,17575,Liver
22975,17575,Liver
23025,17575,Liver
23075,17575,Liver
23125,17575,Liver
23175,17575,Liver
23225,17575,Liver
23275,17575,Liver
23325,17575,Liver
23375,17575,Liver
23425,17575,Liver
23475,17575,Liver
23525,17575,Liver
23575,17575,Liver
23625,17575,Liver
23675,17575,Liver
23725,17575,Liver
23775,17575,Liver
23825,17575,Liver
23875,17575,Liver
23925,17575,Liver
23975,17575,Liver
24025,17575,Liver
24075,17575,Liver
24125,17575,Liver
24175,17575,Liver
24225,17575,Liver
24275,17575,Liver
24325,17575,Liver
24375,17575,Liver
24425,17575,Liver
24475,17575,Liver
24525,17575,Liver
24575,17575,Liver
24625,17575,Liver
24675,17575,Liver
24725,17575,Liver
24775,17575,Liver
24825,17575,Liver
24875,17575,Liver
24925,17575,Liver
24975,17575,Connective tissue
15025,17625,Muscle
15075,17625,Connective tissue
15125,17625,Muscle
15175,17625,Muscle
15225,17625,Muscle
15275,17625,Muscle
15325,17625,Muscle
15375,17625,Muscle
15425,17625,Muscle
15475,17625,Muscle
15525,17625,Muscle
15575,17625,Muscle
15625,17625,Muscle
15675,17625,Muscle
15725,17625,Connective tissue
15775,17625,Connective tissue
15825,17625,Connective tissue
15875,17625,Connective tissue
15925,17625,Connective tissue
15975,17625,Connective tissue
16025,17625,Connective tissue
16075,17625,Muscle
16125,17625,Connective tissue
16175,17625,Connective tissue
16225,17625,Muscle
16275,17625,Muscle
16325,17625,Muscle
16375,17625,Muscle
16425,17625,Muscle
16475,17625,Muscle
16525,17625,Connective tissue
16575,17625,Connective tissue
16625,17625,Connective tissue
16675,17625,Connective tissue
16725,17625,Connective tissue
16775,17625,Connective tissue
16825,17625,Connective tissue
16875,17625,Connective tissue
16925,17625,Connective tissue
16975,17625,Connective tissue
17025,17625,Connective tissue
17075,17625,Connective tissue
17125,17625,Connective tissue
17175,17625,Connective tissue
17225,17625,Connective tissue
17275,17625,Connective tissue
17325,17625,Connective tissue
17375,17625,Connective tissue
17425,17625,Connective tissue
17475,17625,Connective tissue
17525,17625,Connective tissue
17575,17625,Connective tissue
17625,17625,GI tract
17675,17625,Connective tissue
17725,17625,Connective tissue
17775,17625,Connective tissue
17825,17625,Connective tissue
17875,17625,Connective tissue
17925,17625,Connective tissue
17975,17625,Connective tissue
18025,17625,Connective tissue
18075,17625,Connective tissue
18125,17625,Connective tissue
18175,17625,Connective tissue
18225,17625,Muscle
18275,17625,Muscle
18325,17625,Muscle
18375,17625,Muscle
18425,17625,Muscle
18475,17625,Muscle
18525,17625,Muscle
18575,17625,Muscle
18625,17625,Muscle
18675,17625,Muscle
18725,17625,Muscle
18775,17625,Muscle
18825,17625,Connective tissue
18875,17625,Connective tissue
18925,17625,Cartilage primordium
18975,17625,Cartilage primordium
19025,17625,Cartilage primordium
19075,17625,Cartilage primordium
19125,17625,Cartilage primordium
19175,17625,Connective tissue
19225,17625,Connective tissue
19275,17625,Connective tissue
19325,17625,Connective tissue
19375,17625,Connective tissue
19425,17625,Connective tissue
19475,17625,Connective tissue
19525,17625,Connective tissue
19575,17625,Connective tissue
19625,17625,Muscle
19675,17625,Muscle
19725,17625,Connective tissue
19775,17625,Heart
19825,17625,Heart
19875,17625,Heart
19925,17625,Heart
19975,17625,Heart
20025,17625,Heart
20075,17625,Heart
20125,17625,Heart
20175,17625,Heart
20225,17625,Heart
20275,17625,Heart
20325,17625,Heart
20375,17625,Heart
20425,17625,Heart
20475,17625,Heart
20525,17625,Heart
20575,17625,Heart
20625,17625,Heart
20675,17625,Heart
20725,17625,Heart
20775,17625,Heart
20825,17625,Heart
20875,17625,Heart
20925,17625,Heart
20975,17625,Heart
21025,17625,Heart
21075,17625,Heart
21125,17625,Heart
21175,17625,Heart
21225,17625,Heart
21275,17625,Heart
21325,17625,Heart
21375,17625,Heart
21425,17625,Heart
21475,17625,Heart
21525,17625,Connective tissue
21575,17625,Heart
21625,17625,Muscle
21675,17625,Muscle
21725,17625,Muscle
21775,17625,Connective tissue
21825,17625,Connective tissue
21875,17625,Liver
21925,17625,Liver
21975,17625,Liver
22025,17625,Liver
22075,17625,Liver
22125,17625,Liver
22175,17625,Liver
22225,17625,Liver
22275,17625,Liver
22325,17625,Liver
22375,17625,Liver
22425,17625,Liver
22475,17625,Liver
22525,17625,Liver
22575,17625,Liver
22625,17625,Liver
22675,17625,Liver
22725,17625,Liver
22775,17625,Liver
22825,17625,Liver
22875,17625,Liver
22925,17625,Liver
22975,17625,Liver
23025,17625,Liver
23075,17625,Liver
23125,17625,Liver
23175,17625,Liver
23225,17625,Liver
23275,17625,Liver
23325,17625,Liver
23375,17625,Liver
23425,17625,Liver
23475,17625,Liver
23525,17625,Liver
23575,17625,Liver
23625,17625,Liver
23675,17625,Liver
23725,17625,Liver
23775,17625,Liver
23825,17625,Liver
23875,17625,Liver
23925,17625,Liver
23975,17625,Liver
24025,17625,Liver
24075,17625,Liver
24125,17625,Liver
24175,17625,Liver
24225,17625,Liver
24275,17625,Liver
24325,17625,Liver
24375,17625,Liver
24425,17625,Liver
24475,17625,Liver
24525,17625,Liver
24575,17625,Liver
24625,17625,Liver
24675,17625,Liver
24725,17625,Liver
24775,17625,Liver
24825,17625,Liver
24875,17625,Liver
24925,17625,Liver
24975,17625,Liver
15025,17675,Muscle
15075,17675,Connective tissue
15125,17675,Muscle
15175,17675,Muscle
15225,17675,Muscle
15275,17675,Muscle
15325,17675,Muscle
15375,17675,Muscle
15425,17675,Muscle
15475,17675,Muscle
15525,17675,Muscle
15575,17675,Muscle
15625,17675,Muscle
15675,17675,Muscle
15725,17675,Connective tissue
15775,17675,Connective tissue
15825,17675,Connective tissue
15875,17675,Connective tissue
15925,17675,Connective tissue
15975,17675,Connective tissue
16025,17675,Muscle
16075,17675,Muscle
16125,17675,Muscle
16175,17675,Muscle
16225,17675,Connective tissue
16275,17675,Muscle
16325,17675,Muscle
16375,17675,Muscle
16425,17675,Muscle
16475,17675,Muscle
16525,17675,Muscle
16575,17675,Connective tissue
16625,17675,Thymus
16675,17675,Connective tissue
16725,17675,Connective tissue
16775,17675,Connective tissue
16825,17675,Connective tissue
16875,17675,Connective tissue
16925,17675,Connective tissue
16975,17675,Connective tissue
17025,17675,Connective tissue
17075,17675,Connective tissue
17125,17675,Connective tissue
17175,17675,Connective tissue
17225,17675,Connective tissue
17275,17675,Connective tissue
17325,17675,Connective tissue
17375,17675,Connective tissue
17425,17675,Connective tissue
17475,17675,Connective tissue
17525,17675,Connective tissue
17575,17675,Connective tissue
17625,17675,Connective tissue
17675,17675,GI tract
17725,17675,Connective tissue
17775,17675,GI tract
17825,17675,Connective tissue
17875,17675,Connective tissue
17925,17675,Connective tissue
17975,17675,Connective tissue
18025,17675,Connective tissue
18075,17675,Connective tissue
18125,17675,Connective tissue
18175,17675,Connective tissue
18225,17675,Muscle
18275,17675,Muscle
18325,17675,Muscle
18375,17675,Muscle
18425,17675,Muscle
18475,17675,Muscle
18525,17675,Connective tissue
18575,17675,Muscle
18625,17675,Muscle
18675,17675,Muscle
18725,17675,Muscle
18775,17675,Muscle
18825,17675,Muscle
18875,17675,Connective tissue
18925,17675,Cartilage primordium
18975,17675,Cartilage primordium
19025,17675,Cartilage primordium
19075,17675,Cartilage primordium
19125,17675,Cartilage primordium
19175,17675,Cartilage primordium
19225,17675,Connective tissue
19275,17675,Connective tissue
19325,17675,Connective tissue
19375,17675,Connective tissue
19425,17675,Connective tissue
19475,17675,Connective tissue
19525,17675,Connective tissue
19575,17675,Connective tissue
19625,17675,Connective tissue
19675,17675,Muscle
19725,17675,Muscle
19775,17675,Connective tissue
19825,17675,Heart
19875,17675,Heart
19925,17675,Heart
19975,17675,Heart
20025,17675,Heart
20075,17675,Heart
20125,17675,Heart
20175,17675,Heart
20225,17675,Heart
20275,17675,Heart
20325,17675,Heart
20375,17675,Heart
20425,17675,Heart
20475,17675,Heart
20525,17675,Heart
20575,17675,Heart
20625,17675,Heart
20675,17675,Heart
20725,17675,Heart
20775,17675,Heart
20825,17675,Heart
20875,17675,Heart
20925,17675,Heart
20975,17675,Heart
21025,17675,Heart
21075,17675,Heart
21125,17675,Heart
21175,17675,Heart
21225,17675,Heart
21275,17675,Heart
21325,17675,Heart
21375,17675,Heart
21425,17675,Heart
21475,17675,Connective tissue
21525,17675,Connective tissue
21575,17675,Connective tissue
21625,17675,Muscle
21675,17675,Muscle
21725,17675,Connective tissue
21775,17675,Connective tissue
21825,17675,Connective tissue
21875,17675,Liver
21925,17675,Liver
21975,17675,Liver
22025,17675,Liver
22075,17675,Liver
22125,17675,Liver
22175,17675,Liver
22225,17675,Liver
22275,17675,Liver
22325,17675,Liver
22375,17675,Liver
22425,17675,Liver
22475,17675,Liver
22525,17675,Liver
22575,17675,Liver
22625,17675,Liver
22675,17675,Liver
22725,17675,Liver
22775,17675,Liver
22825,17675,Liver
22875,17675,Liver
22925,17675,Liver
22975,17675,Liver
23025,17675,Liver
23075,17675,Liver
23125,17675,Liver
23175,17675,Liver
23225,17675,Liver
23275,17675,Liver
23325,17675,Liver
23375,17675,Liver
23425,17675,Liver
23475,17675,Liver
23525,17675,Liver
23575,17675,Liver
23625,17675,Liver
23675,17675,Liver
23725,17675,Liver
23775,17675,Liver
23825,17675,Liver
23875,17675,Liver
23925,17675,Liver
23975,17675,Liver
24025,17675,Liver
24075,17675,Liver
24125,17675,Liver
24175,17675,Liver
24225,17675,Liver
24275,17675,Liver
24325,17675,Liver
24375,17675,Liver
24425,17675,Liver
24475,17675,Liver
24525,17675,Liver
24575,17675,Liver
24625,17675,Liver
24675,17675,Liver
24725,17675,Liver
24775,17675,Liver
24825,17675,Liver
24875,17675,Liver
24925,17675,Liver
24975,17675,Liver
15025,17725,Muscle
15075,17725,Muscle
15125,17725,Muscle
15175,17725,Muscle
15225,17725,Muscle
15275,17725,Muscle
15325,17725,Muscle
15375,17725,Muscle
15425,17725,Muscle
15475,17725,Muscle
15525,17725,Muscle
15575,17725,Muscle
15625,17725,Muscle
15675,17725,Muscle
15725,17725,Connective tissue
15775,17725,Connective tissue
15825,17725,Connective tissue
15875,17725,Connective tissue
15925,17725,Muscle
15975,17725,Muscle
16025,17725,Muscle
16075,17725,Muscle
16125,17725,Muscle
16175,17725,Muscle
16225,17725,Connective tissue
16275,17725,Connective tissue
16325,17725,Muscle
16375,17725,Muscle
16425,17725,Muscle
16475,17725,Muscle
16525,17725,Muscle
16575,17725,Muscle
16625,17725,Connective tissue
16675,17725,Connective tissue
16725,17725,Connective tissue
16775,17725,Connective tissue
16825,17725,Connective tissue
16875,17725,Connective tissue
16925,17725,Connective tissue
16975,17725,Connective tissue
17025,17725,Connective tissue
17075,17725,Connective tissue
17125,17725,Connective tissue
17175,17725,Connective tissue
17225,17725,Connective tissue
17275,17725,Connective tissue
17325,17725,Connective tissue
17375,17725,Connective tissue
17425,17725,Connective tissue
17475,17725,Connective tissue
17525,17725,Connective tissue
17575,17725,Connective tissue
17625,17725,Connective tissue
17675,17725,Connective tissue
17725,17725,Connective tissue
17775,17725,Connective tissue
17825,17725,Connective tissue
17875,17725,Connective tissue
17925,17725,Connective tissue
17975,17725,Connective tissue
18025,17725,Connective tissue
18075,17725,Connective tissue
18125,17725,Connective tissue
18175,17725,Connective tissue
18225,17725,Muscle
18275,17725,Muscle
18325,17725,Muscle
18375,17725,Muscle
18425,17725,Muscle
18475,17725,Muscle
18525,17725,Muscle
18575,17725,Connective tissue
18625,17725,Muscle
18675,17725,Muscle
18725,17725,Muscle
18775,17725,Muscle
18825,17725,Connective tissue
18875,17725,Connective tissue
18925,17725,Cartilage primordium
18975,17725,Cartilage primordium
19025,17725,Cartilage primordium
19075,17725,Cartilage primordium
19125,17725,Cartilage primordium
19175,17725,Cartilage primordium
19225,17725,Connective tissue
19275,17725,Connective tissue
19325,17725,Connective tissue
19375,17725,Connective tissue
19425,17725,Connective tissue
19475,17725,Connective tissue
19525,17725,Connective tissue
19575,17725,Connective tissue
19625,17725,Connective tissue
19675,17725,Connective tissue
19725,17725,Muscle
19775,17725,Muscle
19825,17725,Connective tissue
19875,17725,Heart
19925,17725,Heart
19975,17725,Heart
20025,17725,Heart
20075,17725,Heart
20125,17725,Heart
20175,17725,Heart
20225,17725,Heart
20275,17725,Heart
20325,17725,Heart
20375,17725,Heart
20425,17725,Heart
20475,17725,Heart
20525,17725,Heart
20575,17725,Heart
20625,17725,Heart
20675,17725,Heart
20725,17725,Heart
20775,17725,Heart
20825,17725,Heart
20875,17725,Heart
20925,17725,Heart
20975,17725,Heart
21025,17725,Heart
21075,17725,Heart
21125,17725,Heart
21175,17725,Heart
21225,17725,Heart
21275,17725,Heart
21325,17725,Heart
21375,17725,Heart
21425,17725,Heart
21475,17725,Heart
21525,17725,Connective tissue
21575,17725,Muscle
21625,17725,Muscle
21675,17725,Muscle
21725,17725,Connective tissue
21775,17725,Connective tissue
21825,17725,Liver
21875,17725,Liver
21925,17725,Liver
21975,17725,Liver
22025,17725,Liver
22075,17725,Liver
22125,17725,Liver
22175,17725,Liver
22225,17725,Liver
22275,17725,Liver
22325,17725,Liver
22375,17725,Liver
22425,17725,Liver
22475,17725,Liver
22525,17725,Liver
22575,17725,Liver
22625,17725,Liver
22675,17725,Liver
22725,17725,Liver
22775,17725,Liver
22825,17725,Liver
22875,17725,Liver
22925,17725,Liver
22975,17725,Liver
23025,17725,Liver
23075,17725,Liver
23125,17725,Liver
23175,17725,Liver
23225,17725,Liver
23275,17725,Liver
23325,17725,Liver
23375,17725,Liver
23425,17725,Liver
23475,17725,Liver
23525,17725,Liver
23575,17725,Liver
23625,17725,Liver
23675,17725,Liver
23725,17725,Liver
23775,17725,Liver
23825,17725,Liver
23875,17725,Liver
23925,17725,Liver
23975,17725,Liver
24025,17725,Liver
24075,17725,Liver
24125,17725,Liver
24175,17725,Liver
24225,17725,Liver
24275,17725,Liver
24325,17725,Liver
24375,17725,Liver
24425,17725,Liver
24475,17725,Liver
24525,17725,Liver
24575,17725,Liver
24625,17725,Liver
24675,17725,Liver
24725,17725,Liver
24775,17725,Liver
24825,17725,Liver
24875,17725,Liver
24925,17725,Liver
24975,17725,Liver
15025,17775,Muscle
15075,17775,Muscle
15125,17775,Muscle
15175,17775,Muscle
15225,17775,Muscle
15275,17775,Muscle
15325,17775,Muscle
15375,17775,Muscle
15425,17775,Muscle
15475,17775,Muscle
15525,17775,Muscle
15575,17775,Muscle
15625,17775,Muscle
15675,17775,Muscle
15725,17775,Connective tissue
15775,17775,Connective tissue
15825,17775,Connective tissue
15875,17775,Connective tissue
15925,17775,Connective tissue
15975,17775,Muscle
16025,17775,Muscle
16075,17775,Muscle
16125,17775,Muscle
16175,17775,Muscle
16225,17775,Muscle
16275,17775,Muscle
16325,17775,Muscle
16375,17775,Muscle
16425,17775,Muscle
16475,17775,Muscle
16525,17775,Muscle
16575,17775,Muscle
16625,17775,Connective tissue
16675,17775,Connective tissue
16725,17775,Connective tissue
16775,17775,Connective tissue
16825,17775,Connective tissue
16875,17775,Connective tissue
16925,17775,Connective tissue
16975,17775,Kidney
17025,17775,Kidney
17075,17775,Connective tissue
17125,17775,Connective tissue
17175,17775,Connective tissue
17225,17775,Connective tissue
17275,17775,Mucosal epithelium
17325,17775,Kidney
17375,17775,Connective tissue
17425,17775,Thymus
17475,17775,Connective tissue
17525,17775,Connective tissue
17575,17775,Connective tissue
17625,17775,Connective tissue
17675,17775,Connective tissue
17725,17775,Connective tissue
17775,17775,Connective tissue
17825,17775,Connective tissue
17875,17775,Connective tissue
17925,17775,Connective tissue
17975,17775,Connective tissue
18025,17775,Connective tissue
18075,17775,Connective tissue
18125,17775,Connective tissue
18175,17775,Connective tissue
18225,17775,Connective tissue
18275,17775,Muscle
18325,17775,Muscle
18375,17775,Muscle
18425,17775,Muscle
18475,17775,Muscle
18525,17775,Muscle
18575,17775,Muscle
18625,17775,Muscle
18675,17775,Connective tissue
18725,17775,Muscle
18775,17775,Connective tissue
18825,17775,Connective tissue
18875,17775,Connective tissue
18925,17775,Cartilage primordium
18975,17775,Cartilage primordium
19025,17775,Cartilage primordium
19075,17775,Cartilage primordium
19125,17775,Cartilage primordium
19175,17775,Cartilage primordium
19225,17775,Connective tissue
19275,17775,Muscle
19325,17775,Muscle
19375,17775,Muscle
19425,17775,Muscle
19475,17775,Muscle
19525,17775,Connective tissue
19575,17775,Connective tissue
19625,17775,Connective tissue
19675,17775,Connective tissue
19725,17775,Connective tissue
19775,17775,Muscle
19825,17775,Muscle
19875,17775,Connective tissue
19925,17775,Heart
19975,17775,Heart
20025,17775,Heart
20075,17775,Heart
20125,17775,Heart
20175,17775,Heart
20225,17775,Heart
20275,17775,Heart
20325,17775,Heart
20375,17775,Heart
20425,17775,Heart
20475,17775,Heart
20525,17775,Heart
20575,17775,Heart
20625,17775,Heart
20675,17775,Heart
20725,17775,Heart
20775,17775,Heart
20825,17775,Heart
20875,17775,Heart
20925,17775,Heart
20975,17775,Heart
21025,17775,Heart
21075,17775,Heart
21125,17775,Heart
21175,17775,Heart
21225,17775,Heart
21275,17775,Heart
21325,17775,Heart
21375,17775,Heart
21425,17775,Heart
21475,17775,Heart
21525,17775,Connective tissue
21575,17775,Muscle
21625,17775,Muscle
21675,17775,Muscle
21725,17775,Connective tissue
21775,17775,Connective tissue
21825,17775,Liver
21875,17775,Liver
21925,17775,Liver
21975,17775,Liver
22025,17775,Liver
22075,17775,Liver
22125,17775,Liver
22175,17775,Liver
22225,17775,Liver
22275,17775,Liver
22325,17775,Liver
22375,17775,Liver
22425,17775,Liver
22475,17775,Liver
22525,17775,Liver
22575,17775,Liver
22625,17775,Liver
22675,17775,Liver
22725,17775,Liver
22775,17775,Liver
22825,17775,Liver
22875,17775,Liver
22925,17775,Liver
22975,17775,Liver
23025,17775,Liver
23075,17775,Liver
23125,17775,Liver
23175,17775,Liver
23225,17775,Liver
23275,17775,Liver
23325,17775,Liver
23375,17775,Liver
23425,17775,Liver
23475,17775,Liver
23525,17775,Liver
23575,17775,Liver
23625,17775,Liver
23675,17775,Liver
23725,17775,Liver
23775,17775,Liver
23825,17775,Liver
23875,17775,Liver
23925,17775,Liver
23975,17775,Liver
24025,17775,Liver
24075,17775,Liver
24125,17775,Liver
24175,17775,Liver
24225,17775,Liver
24275,17775,Liver
24325,17775,Liver
24375,17775,Liver
24425,17775,Liver
24475,17775,Liver
24525,17775,Liver
24575,17775,Liver
24625,17775,Liver
24675,17775,Liver
24725,17775,Liver
24775,17775,Liver
24825,17775,Liver
24875,17775,Liver
24925,17775,Liver
24975,17775,Liver
15025,17825,Muscle
15075,17825,Muscle
15125,17825,Muscle
15175,17825,Muscle
15225,17825,Muscle
15275,17825,Muscle
15325,17825,Muscle
15375,17825,Muscle
15425,17825,Muscle
15475,17825,Muscle
15525,17825,Muscle
15575,17825,Muscle
15625,17825,Muscle
15675,17825,Muscle
15725,17825,Muscle
15775,17825,Muscle
15825,17825,Connective tissue
15875,17825,Connective tissue
15925,17825,Connective tissue
15975,17825,Muscle
16025,17825,Muscle
16075,17825,Muscle
16125,17825,Muscle
16175,17825,Muscle
16225,17825,Muscle
16275,17825,Muscle
16325,17825,Muscle
16375,17825,Muscle
16425,17825,Muscle
16475,17825,Muscle
16525,17825,Muscle
16575,17825,Muscle
16625,17825,Connective tissue
16675,17825,Connective tissue
16725,17825,Connective tissue
16775,17825,Connective tissue
16825,17825,Connective tissue
16875,17825,Connective tissue
16925,17825,Connective tissue
16975,17825,Connective tissue
17025,17825,Kidney
17075,17825,Connective tissue
17125,17825,Connective tissue
17175,17825,Connective tissue
17225,17825,Connective tissue
17275,17825,Connective tissue
17325,17825,Mucosal epithelium
17375,17825,Thymus
17425,17825,Connective tissue
17475,17825,Connective tissue
17525,17825,Connective tissue
17575,17825,Connective tissue
17625,17825,Connective tissue
17675,17825,Connective tissue
17725,17825,Connective tissue
17775,17825,Connective tissue
17825,17825,Connective tissue
17875,17825,Connective tissue
17925,17825,Connective tissue
17975,17825,Connective tissue
18025,17825,Connective tissue
18075,17825,Connective tissue
18125,17825,Connective tissue
18175,17825,Connective tissue
18225,17825,Connective tissue
18275,17825,Connective tissue
18325,17825,Muscle
18375,17825,Muscle
18425,17825,Muscle
18475,17825,Muscle
18525,17825,Muscle
18575,17825,Muscle
18625,17825,Muscle
18675,17825,Muscle
18725,17825,Muscle
18775,17825,Connective tissue
18825,17825,Connective tissue
18875,17825,Connective tissue
18925,17825,Connective tissue
18975,17825,Cartilage primordium
19025,17825,Cartilage primordium
19075,17825,Cartilage primordium
19125,17825,Cartilage primordium
19175,17825,Connective tissue
19225,17825,Connective tissue
19275,17825,Muscle
19325,17825,Muscle
19375,17825,Muscle
19425,17825,Muscle
19475,17825,Muscle
19525,17825,Muscle
19575,17825,Connective tissue
19625,17825,Connective tissue
19675,17825,Connective tissue
19725,17825,Connective tissue
19775,17825,Connective tissue
19825,17825,Muscle
19875,17825,Muscle
19925,17825,Connective tissue
19975,17825,Connective tissue
20025,17825,Heart
20075,17825,Heart
20125,17825,Heart
20175,17825,Heart
20225,17825,Heart
20275,17825,Heart
20325,17825,Heart
20375,17825,Heart
20425,17825,Heart
20475,17825,Heart
20525,17825,Heart
20575,17825,Heart
20625,17825,Heart
20675,17825,Heart
20725,17825,Heart
20775,17825,Heart
20825,17825,Heart
20875,17825,Heart
20925,17825,Heart
20975,17825,Heart
21025,17825,Heart
21075,17825,Heart
21125,17825,Heart
21175,17825,Heart
21225,17825,Heart
21275,17825,Heart
21325,17825,Heart
21375,17825,Heart
21425,17825,Heart
21475,17825,Heart
21525,17825,Connective tissue
21575,17825,Muscle
21625,17825,Muscle
21675,17825,Muscle
21725,17825,Connective tissue
21775,17825,Connective tissue
21825,17825,Liver
21875,17825,Liver
21925,17825,Liver
21975,17825,Liver
22025,17825,Liver
22075,17825,Liver
22125,17825,Liver
22175,17825,Liver
22225,17825,Liver
22275,17825,Liver
22325,17825,Liver
22375,17825,Liver
22425,17825,Liver
22475,17825,Liver
22525,17825,Liver
22575,17825,Liver
22625,17825,Liver
22675,17825,Liver
22725,17825,Liver
22775,17825,Liver
22825,17825,Liver
22875,17825,Liver
22925,17825,Liver
22975,17825,Liver
23025,17825,Liver
23075,17825,Liver
23125,17825,Liver
23175,17825,Liver
23225,17825,Liver
23275,17825,Liver
23325,17825,Liver
23375,17825,Liver
23425,17825,Liver
23475,17825,Liver
23525,17825,Liver
23575,17825,Liver
23625,17825,Liver
23675,17825,Liver
23725,17825,Liver
23775,17825,Liver
23825,17825,Liver
23875,17825,Liver
23925,17825,Liver
23975,17825,Liver
24025,17825,Liver
24075,17825,Liver
24125,17825,Liver
24175,17825,Liver
24225,17825,Liver
24275,17825,Liver
24325,17825,Liver
24375,17825,Liver
24425,17825,Liver
24475,17825,Liver
24525,17825,Liver
24575,17825,Liver
24625,17825,Liver
24675,17825,Liver
24725,17825,Liver
24775,17825,Liver
24825,17825,Liver
24875,17825,Liver
24925,17825,Liver
24975,17825,Liver
15025,17875,Muscle
15075,17875,Muscle
15125,17875,Muscle
15175,17875,Muscle
15225,17875,Muscle
15275,17875,Muscle
15325,17875,Muscle
15375,17875,Muscle
15425,17875,Muscle
15475,17875,Muscle
15525,17875,Muscle
15575,17875,Muscle
15625,17875,Muscle
15675,17875,Muscle
15725,17875,Muscle
15775,17875,Muscle
15825,17875,Connective tissue
15875,17875,Connective tissue
15925,17875,Muscle
15975,17875,Muscle
16025,17875,Muscle
16075,17875,Muscle
16125,17875,Muscle
16175,17875,Muscle
16225,17875,Muscle
16275,17875,Muscle
16325,17875,Connective tissue
16375,17875,Connective tissue
16425,17875,Muscle
16475,17875,Muscle
16525,17875,Muscle
16575,17875,Muscle
16625,17875,Muscle
16675,17875,Connective tissue
16725,17875,Connective tissue
16775,17875,Connective tissue
16825,17875,Connective tissue
16875,17875,Connective tissue
16925,17875,Connective tissue
16975,17875,Connective tissue
17025,17875,Connective tissue
17075,17875,Connective tissue
17125,17875,Connective tissue
17175,17875,Connective tissue
17225,17875,Connective tissue
17275,17875,Connective tissue
17325,17875,Connective tissue
17375,17875,Connective tissue
17425,17875,Connective tissue
17475,17875,Connective tissue
17525,17875,Connective tissue
17575,17875,Connective tissue
17625,17875,Connective tissue
17675,17875,Connective tissue
17725,17875,Connective tissue
17775,17875,Connective tissue
17825,17875,Connective tissue
17875,17875,Connective tissue
17925,17875,Connective tissue
17975,17875,Connective tissue
18025,17875,Connective tissue
18075,17875,Connective tissue
18125,17875,Connective tissue
18175,17875,Connective tissue
18225,17875,Connective tissue
18275,17875,Connective tissue
18325,17875,Muscle
18375,17875,Muscle
18425,17875,Muscle
18475,17875,Muscle
18525,17875,Muscle
18575,17875,Muscle
18625,17875,Muscle
18675,17875,Muscle
18725,17875,Muscle
18775,17875,Muscle
18825,17875,Muscle
18875,17875,Connective tissue
18925,17875,Connective tissue
18975,17875,Connective tissue
19025,17875,Connective tissue
19075,17875,Connective tissue
19125,17875,Connective tissue
19175,17875,Connective tissue
19225,17875,Connective tissue
19275,17875,Muscle
19325,17875,Muscle
19375,17875,Muscle
19425,17875,Muscle
19475,17875,Muscle
19525,17875,Muscle
19575,17875,Connective tissue
19625,17875,Connective tissue
19675,17875,Connective tissue
19725,17875,Connective tissue
19775,17875,Connective tissue
19825,17875,Connective tissue
19875,17875,Connective tissue
19925,17875,Muscle
19975,17875,Muscle
20025,17875,Connective tissue
20075,17875,Connective tissue
20125,17875,Heart
20175,17875,Heart
20225,17875,Heart
20275,17875,Heart
20325,17875,Heart
20375,17875,Heart
20425,17875,Heart
20475,17875,Heart
20525,17875,Heart
20575,17875,Heart
20625,17875,Heart
20675,17875,Heart
20725,17875,Heart
20775,17875,Heart
20825,17875,Heart
20875,17875,Heart
20925,17875,Heart
20975,17875,Heart
21025,17875,Heart
21075,17875,Heart
21125,17875,Heart
21175,17875,Heart
21225,17875,Heart
21275,17875,Heart
21325,17875,Heart
21375,17875,Heart
21425,17875,Heart
21475,17875,Connective tissue
21525,17875,Connective tissue
21575,17875,Muscle
21625,17875,Muscle
21675,17875,Connective tissue
21725,17875,Connective tissue
21775,17875,Connective tissue
21825,17875,Liver
21875,17875,Liver
21925,17875,Liver
21975,17875,Liver
22025,17875,Liver
22075,17875,Liver
22125,17875,Liver
22175,17875,Liver
22225,17875,Liver
22275,17875,Liver
22325,17875,Liver
22375,17875,Liver
22425,17875,Liver
22475,17875,Liver
22525,17875,Liver
22575,17875,Liver
22625,17875,Liver
22675,17875,Liver
22725,17875,Liver
22775,17875,Liver
22825,17875,Liver
22875,17875,Liver
22925,17875,Liver
22975,17875,Liver
23025,17875,Liver
23075,17875,Liver
23125,17875,Liver
23175,17875,Liver
23225,17875,Liver
23275,17875,Liver
23325,17875,Liver
23375,17875,Liver
23425,17875,Liver
23475,17875,Liver
23525,17875,Liver
23575,17875,Liver
23625,17875,Liver
23675,17875,Liver
23725,17875,Liver
23775,17875,Liver
23825,17875,Liver
23875,17875,Liver
23925,17875,Liver
23975,17875,Liver
24025,17875,Liver
24075,17875,Liver
24125,17875,Liver
24175,17875,Liver
24225,17875,Liver
24275,17875,Liver
24325,17875,Liver
24375,17875,Liver
24425,17875,Liver
24475,17875,Liver
24525,17875,Liver
24575,17875,Liver
24625,17875,Liver
24675,17875,Liver
24725,17875,Liver
24775,17875,Liver
24825,17875,Liver
24875,17875,Liver
24925,17875,Liver
24975,17875,Liver
15025,17925,Muscle
15075,17925,Muscle
15125,17925,Muscle
15175,17925,Muscle
15225,17925,Muscle
15275,17925,Muscle
15325,17925,Muscle
15375,17925,Muscle
15425,17925,Muscle
15475,17925,Muscle
15525,17925,Muscle
15575,17925,Muscle
15625,17925,Muscle
15675,17925,Muscle
15725,17925,Muscle
15775,17925,Muscle
15825,17925,Connective tissue
15875,17925,Connective tissue
15925,17925,Connective tissue
15975,17925,Muscle
16025,17925,Muscle
16075,17925,Muscle
16125,17925,Muscle
16175,17925,Muscle
16225,17925,Muscle
16275,17925,Muscle
16325,17925,Connective tissue
16375,17925,Connective tissue
16425,17925,Muscle
16475,17925,Muscle
16525,17925,Muscle
16575,17925,Muscle
16625,17925,Muscle
16675,17925,Muscle
16725,17925,Connective tissue
16775,17925,Connective tissue
16825,17925,Connective tissue
16875,17925,Connective tissue
16925,17925,Connective tissue
16975,17925,Connective tissue
17025,17925,Connective tissue
17075,17925,Connective tissue
17125,17925,Connective tissue
17175,17925,Connective tissue
17225,17925,Connective tissue
17275,17925,Connective tissue
17325,17925,Connective tissue
17375,17925,Connective tissue
17425,17925,Connective tissue
17475,17925,Connective tissue
17525,17925,Connective tissue
17575,17925,Connective tissue
17625,17925,Connective tissue
17675,17925,Connective tissue
17725,17925,Connective tissue
17775,17925,Connective tissue
17825,17925,Connective tissue
17875,17925,Connective tissue
17925,17925,Connective tissue
17975,17925,Connective tissue
18025,17925,Connective tissue
18075,17925,Connective tissue
18125,17925,Connective tissue
18175,17925,Connective tissue
18225,17925,Connective tissue
18275,17925,Connective tissue
18325,17925,Connective tissue
18375,17925,Muscle
18425,17925,Muscle
18475,17925,Muscle
18525,17925,Muscle
18575,17925,Muscle
18625,17925,Muscle
18675,17925,Muscle
18725,17925,Muscle
18775,17925,Muscle
18825,17925,Muscle
18875,17925,Muscle
18925,17925,Connective tissue
18975,17925,Connective tissue
19025,17925,Connective tissue
19075,17925,Connective tissue
19125,17925,Connective tissue
19175,17925,Muscle
19225,17925,Muscle
19275,17925,Muscle
19325,17925,Muscle
19375,17925,Muscle
19425,17925,Muscle
19475,17925,Muscle
19525,17925,Muscle
19575,17925,Connective tissue
19625,17925,Connective tissue
19675,17925,Connective tissue
19725,17925,Connective tissue
19775,17925,Connective tissue
19825,17925,Connective tissue
19875,17925,Connective tissue
19925,17925,Connective tissue
19975,17925,Cavity
20025,17925,Cavity
20075,17925,Cavity
20125,17925,Connective tissue
20175,17925,Connective tissue
20225,17925,Heart
20275,17925,Heart
20325,17925,Heart
20375,17925,Heart
20425,17925,Heart
20475,17925,Heart
20525,17925,Heart
20575,17925,Heart
20625,17925,Heart
20675,17925,Heart
20725,17925,Heart
20775,17925,Heart
20825,17925,Heart
20875,17925,Heart
20925,17925,Heart
20975,17925,Heart
21025,17925,Heart
21075,17925,Heart
21125,17925,Heart
21175,17925,Heart
21225,17925,Heart
21275,17925,Heart
21325,17925,Heart
21375,17925,Heart
21425,17925,Heart
21475,17925,Connective tissue
21525,17925,Muscle
21575,17925,Muscle
21625,17925,Muscle
21675,17925,Connective tissue
21725,17925,Connective tissue
21775,17925,Liver
21825,17925,Liver
21875,17925,Liver
21925,17925,Liver
21975,17925,Liver
22025,17925,Liver
22075,17925,Liver
22125,17925,Liver
22175,17925,Liver
22225,17925,Liver
22275,17925,Liver
22325,17925,Liver
22375,17925,Liver
22425,17925,Liver
22475,17925,Liver
22525,17925,Liver
22575,17925,Liver
22625,17925,Liver
22675,17925,Liver
22725,17925,Liver
22775,17925,Liver
22825,17925,Liver
22875,17925,Liver
22925,17925,Liver
22975,17925,Liver
23025,17925,Liver
23075,17925,Liver
23125,17925,Liver
23175,17925,Liver
23225,17925,Liver
23275,17925,Liver
23325,17925,Liver
23375,17925,Liver
23425,17925,Liver
23475,17925,Liver
23525,17925,Liver
23575,17925,Liver
23625,17925,Liver
23675,17925,Liver
23725,17925,Liver
23775,17925,Liver
23825,17925,Liver
23875,17925,Liver
23925,17925,Liver
23975,17925,Liver
24025,17925,Liver
24075,17925,Liver
24125,17925,Liver
24175,17925,Liver
24225,17925,Liver
24275,17925,Liver
24325,17925,Liver
24375,17925,Liver
24425,17925,Liver
24475,17925,Liver
24525,17925,Liver
24575,17925,Liver
24625,17925,Liver
24675,17925,Liver
24725,17925,Liver
24775,17925,Liver
24825,17925,Liver
24875,17925,Liver
24925,17925,Liver
24975,17925,Liver
15025,17975,Muscle
15075,17975,Muscle
15125,17975,Muscle
15175,17975,Muscle
15225,17975,Muscle
15275,17975,Muscle
15325,17975,Muscle
15375,17975,Muscle
15425,17975,Muscle
15475,17975,Muscle
15525,17975,Muscle
15575,17975,Muscle
15625,17975,Muscle
15675,17975,Muscle
15725,17975,Muscle
15775,17975,Connective tissue
15825,17975,Connective tissue
15875,17975,Connective tissue
15925,17975,Connective tissue
15975,17975,Muscle
16025,17975,Muscle
16075,17975,Muscle
16125,17975,Muscle
16175,17975,Muscle
16225,17975,Muscle
16275,17975,Muscle
16325,17975,Muscle
16375,17975,Connective tissue
16425,17975,Connective tissue
16475,17975,Muscle
16525,17975,Muscle
16575,17975,Muscle
16625,17975,Muscle
16675,17975,Muscle
16725,17975,Muscle
16775,17975,Muscle
16825,17975,Connective tissue
16875,17975,Connective tissue
16925,17975,Connective tissue
16975,17975,Connective tissue
17025,17975,Connective tissue
17075,17975,Connective tissue
17125,17975,Connective tissue
17175,17975,Connective tissue
17225,17975,Connective tissue
17275,17975,Connective tissue
17325,17975,Connective tissue
17375,17975,Connective tissue
17425,17975,Connective tissue
17475,17975,Connective tissue
17525,17975,Connective tissue
17575,17975,Connective tissue
17625,17975,Connective tissue
17675,17975,Connective tissue
17725,17975,Connective tissue
17775,17975,Connective tissue
17825,17975,Connective tissue
17875,17975,Connective tissue
17925,17975,Connective tissue
17975,17975,Connective tissue
18025,17975,Connective tissue
18075,17975,Connective tissue
18125,17975,Connective tissue
18175,17975,Connective tissue
18225,17975,Connective tissue
18275,17975,Connective tissue
18325,17975,Connective tissue
18375,17975,Muscle
18425,17975,Muscle
18475,17975,Muscle
18525,17975,Muscle
18575,17975,Muscle
18625,17975,Muscle
18675,17975,Muscle
18725,17975,Muscle
18775,17975,Muscle
18825,17975,Muscle
18875,17975,Muscle
18925,17975,Muscle
18975,17975,Connective tissue
19025,17975,Connective tissue
19075,17975,Muscle
19125,17975,Muscle
19175,17975,Muscle
19225,17975,Muscle
19275,17975,Muscle
19325,17975,Muscle
19375,17975,Muscle
19425,17975,Muscle
19475,17975,Connective tissue
19525,17975,Muscle
19575,17975,Connective tissue
19625,17975,Connective tissue
19675,17975,Connective tissue
19725,17975,Connective tissue
19775,17975,Connective tissue
19825,17975,Connective tissue
19875,17975,Connective tissue
19925,17975,Connective tissue
19975,17975,Cavity
20025,17975,Cavity
20075,17975,Cavity
20125,17975,Muscle
20175,17975,Muscle
20225,17975,Muscle
20275,17975,Connective tissue
20325,17975,Heart
20375,17975,Heart
20425,17975,Heart
20475,17975,Heart
20525,17975,Heart
20575,17975,Heart
20625,17975,Heart
20675,17975,Heart
20725,17975,Heart
20775,17975,Heart
20825,17975,Heart
20875,17975,Heart
20925,17975,Heart
20975,17975,Heart
21025,17975,Heart
21075,17975,Heart
21125,17975,Heart
21175,17975,Heart
21225,17975,Heart
21275,17975,Heart
21325,17975,Heart
21375,17975,Heart
21425,17975,Heart
21475,17975,Connective tissue
21525,17975,Muscle
21575,17975,Muscle
21625,17975,Muscle
21675,17975,Connective tissue
21725,17975,Connective tissue
21775,17975,Liver
21825,17975,Liver
21875,17975,Liver
21925,17975,Liver
21975,17975,Liver
22025,17975,Liver
22075,17975,Liver
22125,17975,Liver
22175,17975,Liver
22225,17975,Liver
22275,17975,Liver
22325,17975,Liver
22375,17975,Liver
22425,17975,Liver
22475,17975,Liver
22525,17975,Liver
22575,17975,Liver
22625,17975,Liver
22675,17975,Liver
22725,17975,Liver
22775,17975,Liver
22825,17975,Liver
22875,17975,Liver
22925,17975,Liver
22975,17975,Liver
23025,17975,Liver
23075,17975,Liver
23125,17975,Liver
23175,17975,Liver
23225,17975,Liver
23275,17975,Liver
23325,17975,Liver
23375,17975,Liver
23425,17975,Liver
23475,17975,Liver
23525,17975,Liver
23575,17975,Liver
23625,17975,Liver
23675,17975,Liver
23725,17975,Liver
23775,17975,Liver
23825,17975,Liver
23875,17975,Liver
23925,17975,Liver
23975,17975,Liver
24025,17975,Liver
24075,17975,Liver
24125,17975,Liver
24175,17975,Liver
24225,17975,Liver
24275,17975,Liver
24325,17975,Liver
24375,17975,Liver
24425,17975,Liver
24475,17975,Liver
24525,17975,Liver
24575,17975,Liver
24625,17975,Liver
24675,17975,Liver
24725,17975,Liver
24775,17975,Liver
24825,17975,Liver
24875,17975,Liver
24925,17975,Liver
24975,17975,Liver
